번호,시설명,카테고리,주소,위도,경도,문제설명,ID
1,"(재)자하연분당","공원묘지","경기도 광주시 대명대길 57",37.3606392,127.1740207,"Address says "광주" but coordinates are in "경기"","c3bbd830-6cec-4b3b-bfb7-b03e8e28711a"
2,"21그램 반려동물장례식장 경기광주1호점","반려동물","경기도 광주시 매자리길 185-35",37.3483058,127.2638591,"Address says "광주" but coordinates are in "경기"","cc39c76a-fade-4eba-81aa-6aa89a4f92d0"
3,"MG새마을금고 장례식장","장례식장","전북특별자치도 남원시 요천로 1237 장례식장",35.3966947037722,127.358887138814,"Address says "전북" but coordinates are in "전남"","35ade263-9f02-424b-b601-62637374ff45"
4,"ROTC추모공원","공원묘지","경기 광주시 오포로 211-49",37.3548404400033,127.181993112494,"Address says "광주" but coordinates are in "경기"","491379e4-73c4-4b47-a420-f3000c779b27"
5,"가톨릭군위묘원","공원묘지","대구광역시 군위군 군위읍 용대2길 258",36.2111638136682,128.599739936976,"Address says "대구" but coordinates are in "경북"","4aea70e7-6917-4576-99b2-42ac3dc016bf"
6,"갑을녹산병원장례식장","장례식장","부산광역시 강서구 녹산산단321로 24-8 갑을녹산병원 장례식장",35.090586542243,128.853333129676,"Address says "부산" but coordinates are in "경남"","e98950c5-854e-4b72-b446-7555edb097e5"
7,"갑향군립묘원봉안","봉안시설","전라남도 담양군 대전면 추성로 468",35.2841641499775,126.904832357127,"Address says "대전" but coordinates are in "광주"","403340b1-7b25-4fb4-b490-6f528e14358c"
8,"강화병원 장례식장","장례식장","인천광역시 강화군 강화읍 강화대로312번길 7",37.7421395809941,126.49563307689,"Address says "인천" but coordinates are in "경기"","9ae6059f-7113-41b6-a0a1-118341c01343"
9,"강화장례식장","장례식장","인천광역시 강화군 강화읍 중앙로74번길 16 강화장례식장",37.7356607367259,126.487561446986,"Address says "인천" but coordinates are in "경기"","c0ea4c28-b551-41b6-86c7-785c2fba2257"
10,"강화파라다이스 강화지점","봉안시설","인천광역시 강화군 송해면 강화대로 879-21",37.7668589,126.4476556,"Address says "인천" but coordinates are in "경기"","fcbda64f-0e8d-41a8-bc75-fa1dcd65abf8"
11,"강화해누리공원","자연장","인천광역시 강화군 내가면 해안서로 1110",37.7073713712089,126.358094926443,"Address says "인천" but coordinates are in "UNKNOWN"","f09c1f60-3a44-447d-b1af-b2254ea56dae"
12,"경안장례식장","장례식장","경기도 광주시 경충대로 1744",37.4017019105682,127.245122895659,"Address says "광주" but coordinates are in "경기"","4e2f23c5-63d5-44c6-8ae3-1fa096b04408"
13,"고능리공동묘지","공원묘지","인천광역시 강화군 불은면 고능리 산172",37.6857776004701,126.496733528771,"Address says "인천" but coordinates are in "경기"","ed7e1d5a-94de-4560-9d6c-493539aaf03e"
14,"고인돌장례식장","장례식장","전북특별자치도 고창군 고창읍 녹두로 1295 고인돌장례식장",35.4338841506207,126.688061052176,"Address says "전북" but coordinates are in "전남"","0eff4e52-4784-47c8-9c98-ee0c92c21dd4"
15,"고창군 우리장례식장","장례식장","전북특별자치도 고창군 고창읍 녹두로 1313-6",35.4342812199484,126.690001622796,"Address says "전북" but coordinates are in "전남"","78203186-06e0-4382-8ddc-8e4de217d52f"
16,"고창푸른숲자연장","자연장","전북특별자치도 고창군 신림면 왕림로 94-54 고창푸른숲자연장관리사무소",35.4655075554628,126.709991229307,"Address says "전북" but coordinates are in "전남"","ab82af2d-3b57-4583-b002-f0da6a242c30"
17,"고천리공설묘지","공원묘지","인천광역시 강화군 내가면 고천리 산11",37.7270360217474,126.404008229021,"Address says "인천" but coordinates are in "경기"","d97b5c71-c29a-42a9-bf69-cbe5db45ead6"
18,"곤지암장례식장","장례식장","경기도 광주시 곤지암읍 경충대로 811-22",37.356909532029,127.321305859991,"Address says "광주" but coordinates are in "경기"","d912c4d3-8e82-48d5-a985-fdc0f8bd67ab"
19,"곤지암추모공원","공원묘지","경기 광주시 곤지암읍 가마을길 83-19",37.3576454780782,127.383297076538,"Address says "광주" but coordinates are in "경기"","6cda846d-6f17-4568-87ca-444db54c68d0"
20,"관음사 봉안당","봉안시설","전북특별자치도 남원시 보절면 관음사길 82 관음사",35.4783309,127.4100659,"Address says "전북" but coordinates are in "전남"","65496378-bb34-4a79-a1a2-82a2cf0940fa"
21,"광대리공설공원묘지","공원묘지","경기도 여주시 세종대왕면 광대리 198-18",37.2531748673269,127.584756781458,"Address says "세종" but coordinates are in "경기"","7056db48-6336-41b9-a791-85602d5522a4"
22,"광주공원묘원","공원묘지","경기도 광주시",37.4293941934863,127.255138719721,"Address says "광주" but coordinates are in "경기"","97532371-7d19-4524-85ad-40230149e2d8"
23,"광주수목장","자연장","광주광역시 광산구 송학동 424-1",35.1118787169275,126.679090096465,"Address says "광주" but coordinates are in "전남"","ee1b5826-c5a6-4b73-a18b-8c1b081ffe22"
24,"교산1리공설묘지","공원묘지","인천광역시 강화군 양사면 교산리 산307",37.788729166113,126.394717477112,"Address says "인천" but coordinates are in "UNKNOWN"","9690f72d-e12d-470d-9236-260ecd186774"
25,"교산리공설묘지 별립산","공원묘지","인천광역시 강화군 양사면 교산리 산355-1",37.781517639325,126.38492949886,"Address says "인천" but coordinates are in "UNKNOWN"","81950f17-882d-483d-8402-9da530483a06"
26,"구암사 봉안당","봉안시설","대전 유성구 북유성대로487번길 130",36.4037025622494,127.296832075423,"Address says "대전" but coordinates are in "세종"","67155076-6b9b-41ce-9c8d-1a50791c9c7f"
27,"국립하늘숲추모원","자연장","경기도 양평군 양동면 양서동로 372",37.4580230420339,127.79736055,"Address says "경기" but coordinates are in "강원"","952cc881-d410-492b-af19-6ec994fecf54"
28,"국화리공설묘지","공원묘지","인천광역시 강화군 강화읍 국화리 산291",37.7368256518036,126.471396195047,"Address says "인천" but coordinates are in "경기"","d1697075-48be-4ada-a0f1-e853da2c4939"
29,"군위농협장례식장","장례식장","대구광역시 군위군 군위읍 중앙길 165-6",36.2425786177507,128.56706039482,"Address says "대구" but coordinates are in "경북"","1758bf6d-d3ff-4cfa-8164-7205ab78d8d0"
30,"군위삼성병원 장례식장","장례식장","대구 군위군 군위읍 중앙길 40",36.2325137509833,128.567327852939,"Address says "대구" but coordinates are in "경북"","75ca64b1-c902-4b68-8fc2-83179a594b19"
31,"금강추모공원","공원묘지","충북 옥천군 동이면 적하길 323-67",36.2816699741344,127.639688539033,"Address says "충북" but coordinates are in "충남"","a7eec5e7-83c7-4fca-b751-73433fe62b84"
32,"금화추모관","봉안시설","전북특별자치도 순창군 순창읍 담순로 951-65",35.3707828267922,127.107519732639,"Address says "전북" but coordinates are in "전남"","deceaacb-f231-4920-8912-330724b89a37"
33,"길정리공설묘지","공원묘지","인천광역시 강화군 양도면 길정리 산228-1",37.655860248764,126.46330062164,"Address says "인천" but coordinates are in "경기"","9be73053-eba0-431a-9e74-cdae42d2b62b"
34,"길직1리공설묘지","공원묘지","인천광역시 강화군 길상면 길직리 산247",37.6555840744113,126.476020160725,"Address says "인천" but coordinates are in "경기"","d1589255-42ef-4a4d-a078-a451d3c21515"
35,"길직2리공설묘지","공원묘지","인천광역시 강화군 길상면 길직리 1164-2",37.6503814133001,126.497348812276,"Address says "인천" but coordinates are in "경기"","3435b097-559f-4c3d-a4d9-a5ea197861a9"
36,"김주열열사추모공원","공원묘지","전북특별자치도 남원시 금지면 금지순환길 917-13",35.3573602561696,127.303629844654,"Address says "전북" but coordinates are in "전남"","8dc85645-cb40-48a3-9c3e-06c2febb4098"
37,"김화장례문화원","장례식장","강원특별자치도 철원군 서면 와수로 13",38.2264562224309,127.429155613656,"Address says "강원" but coordinates are in "경기"","de1c7cc9-370b-4084-99bd-d7e2f5dbf8f5"
38,"남산리공설묘지","공원묘지","인천광역시 강화군 강화읍 남산리 산50",37.737100917652,126.472467116428,"Address says "인천" but coordinates are in "경기"","3058ebc3-d6bb-4102-992d-c3bb177e1597"
39,"남원장례식장","장례식장","전북특별자치도 남원시 충정로 265-7",35.4257396310483,127.397149920262,"Address says "전북" but coordinates are in "전남"","10e9a76d-b4c4-419e-bddb-0db80e7e4dec"
40,"남한강공원묘원","공원묘지","경기도 여주시 가남읍 금곡리 373-4",37.1919026704725,127.619566080243,"Address says "경기" but coordinates are in "강원"","55d4624d-77cf-48e7-9539-a1059c7b026d"
41,"내리공설묘지","공원묘지","인천광역시 옹진군 영흥면 내리 산258",37.2647706354616,126.471258414308,"Address says "인천" but coordinates are in "경기"","f7c15a04-c5d4-4f08-91a1-bebeafd7c005"
42,"넙성리공동묘지","공원묘지","인천광역시 강화군 불은면 넙성리 산5",37.6725600976815,126.506950055345,"Address says "인천" but coordinates are in "경기"","e2a340ea-0358-4c4b-bbeb-664f431ac648"
43,"당산리공설묘지","공원묘지","인천광역시 강화군 송해면 당산리 산58",37.8064896498405,126.444399090928,"Address says "인천" but coordinates are in "경기"","2eb11ce6-634b-4578-a9c3-282a7f705f66"
44,"대구신세계수목장","자연장","대구광역시 군위군 효령면 녹동길 129-190",36.1398469975578,128.562118794897,"Address says "대구" but coordinates are in "경북"","cc8d9007-8d0a-4cde-a504-50a85f00f500"
45,"대지동공설묘지","공원묘지","광주광역시 남구 대지동 산55",37.6080429991688,126.956645093338,"Address says "광주" but coordinates are in "서울"","646088c6-ff71-4fb4-81cc-58eedec2f70d"
46,"대청리공설묘지","공원묘지","인천광역시 옹진군 대청면 대청리 산299",37.8072959296473,124.685586069533,"Address says "인천" but coordinates are in "UNKNOWN"","e67e2c30-0585-47d2-9abc-3854eaaa5819"
47,"대한적십자 상주병원 장례식장","장례식장","경북 상주시 상서문로 53",36.4144241590954,128.155164301272,"Address says "경북" but coordinates are in "충북"","26fad6d1-4164-459a-a69d-ebd30a308dfa"
48,"더포에버","반려동물","인천광역시 서구 설원로 79 1층 더포에버",37.6263842,126.6765082,"Address says "인천" but coordinates are in "경기"","f6a9fbab-f6ca-4210-a5eb-7a88c2cfa508"
49,"덕성리공동묘지","공원묘지","인천광역시 강화군 불은면 덕성리 산118",37.6496517321226,126.511486499142,"Address says "인천" but coordinates are in "경기"","84c2cfce-b1bc-4608-8c4a-11a5cb18c21a"
50,"덕포리공설묘지","공원묘지","인천광역시 강화군 화도면 덕포리 산83",37.6212197505005,126.443710673199,"Address says "인천" but coordinates are in "경기"","df4d05b8-87f8-4e86-a510-df1807c79e83"
51,"덕하1리공설묘지","공원묘지","인천광역시 강화군 양사면 덕하리 산304",37.8008924927393,126.429634809322,"Address says "인천" but coordinates are in "경기"","e0ad8ea4-906e-4e03-962a-12062e02fcde"
52,"덕하2리공설묘지","공원묘지","인천광역시 강화군 양사면 덕하리 산352",37.8045966429289,126.432318716957,"Address says "인천" but coordinates are in "경기"","30f2d40f-d011-4626-8920-95e89696c01f"
53,"도장리공설묘지","공원묘지","인천광역시 강화군 양도면 도장리 산121",37.6563055534604,126.443936528815,"Address says "인천" but coordinates are in "경기"","5cccbc8f-8ce2-400e-9e1c-0e2a2a64a7d7"
54,"동산리공설묘지","공원묘지","인천광역시 강화군 교동면 동산리 산5",37.7656628375873,126.256021896037,"Address says "인천" but coordinates are in "UNKNOWN"","bf1556cf-7dd0-411a-9321-0ce175a16b5d"
55,"두운리공동묘지","공원묘지","인천광역시 강화군 불은면 두운리 산243",37.6792600317348,126.481395625397,"Address says "인천" but coordinates are in "경기"","52e57bdc-d87e-4886-8379-ee1a5e81a729"
56,"리틀포즈 반려동물 장례식장","반려동물","대구광역시 군위군 부계면 부흥로 118",36.106192717127,128.672364190188,"Address says "대구" but coordinates are in "경북"","2aff8e2d-7b2a-4734-a57f-4d481d3c0aa6"
57,"막벨라강화추모공원","공원묘지","인천 강화군 송해면 강화대로 879-16",37.7668531918838,126.447216455534,"Address says "인천" but coordinates are in "경기"","bb5534cb-729c-459b-85a5-0830efea0dad"
58,"말도공설묘지","공원묘지","인천광역시 강화군 서도면 말도리 산21",37.6826948973594,126.141846170302,"Address says "인천" but coordinates are in "UNKNOWN"","bc5f32a6-7820-4107-8cf1-0c1837c64417"
59,"망월리공설묘지","공원묘지","인천광역시 강화군 하점면 망월리 산44",37.7427701168095,126.396965785924,"Address says "인천" but coordinates are in "UNKNOWN"","eaa286dd-a187-4afe-bb05-8c62c403552f"
60,"매운이정희선생추모공원","공원묘지","경북 청도군 화양읍 유등리 산 188",35.6750003232165,128.697358523894,"Address says "경북" but coordinates are in "경남"","ed0778de-31cb-4e4b-9fa1-d019f3e0cd6b"
61,"매음리공설묘지","공원묘지","인천광역시 강화군 삼산면 매음리 산296",37.6878814494507,126.318225498334,"Address says "인천" but coordinates are in "UNKNOWN"","ab687669-c78c-45f8-982c-b8eba1e950ac"
62,"목련공원","공원묘지","강원특별자치도 철원군 서면 싸리골길 133 재단법인 목련공원",38.1630562114298,127.383174679387,"Address says "강원" but coordinates are in "경기"","44b24424-6d12-459c-bb78-82e25b4a785c"
63,"묘통사납골공원","봉안시설","경상남도 사천시 곤명면 세종태실로 106",35.1300052496372,127.921297963779,"Address says "세종" but coordinates are in "경남"","c2933f66-c6bb-4749-84ea-99419daef439"
64,"무장녹두숲자연장","자연장","전북특별자치도 고창군 무장면 반송길 12",35.4119308663159,126.573072779266,"Address says "전북" but coordinates are in "전남"","7a888f6f-4594-4ced-9be0-1c7bf83192b1"
65,"미루병원 장례식장","장례식장","경상북도 경주시 안강읍 화전북4길 8",35.9937775280643,129.208629382783,"Address says "전북" but coordinates are in "경북"","b471b89d-01f2-40b3-9dbf-95f5a21a62ed"
66,"미법리공설묘지","공원묘지","인천광역시 강화군 삼산면 미법리 산12",37.7303338798031,126.263143252243,"Address says "인천" but coordinates are in "UNKNOWN"","a433c193-6d88-438b-a151-6b9df198418e"
67,"별그리다","자연장","경기도 양평군 양동면 양동금곡1길 331",37.420362930953,127.78936956085,"Address says "경기" but coordinates are in "강원"","0dbfa7b4-c6db-40a7-99ef-933d8a5c396f"
68,"별그리다(THEHILL)","반려동물","경기도 양평군 양동면 양동금곡1길 331",37.4208869109639,127.788241204302,"Address says "경기" but coordinates are in "강원"","8bca2fae-a4d7-40fd-88fe-609d71b7ee7a"
69,"별그리다사담재","반려동물","경기도 양평군 양동면 양동금곡1길 331 양평공원묘원",37.4209869109639,127.788341204302,"Address says "경기" but coordinates are in "강원"","e5f1af15-a7ae-4b15-8a5c-1e4b5af59885"
70,"별빛살롱","반려동물","인천광역시 서구 서로3로 277 B1층 106호 로제비앙 라포레 아파트 상가동 B1",37.6025468,126.7118191,"Address says "인천" but coordinates are in "서울"","4d9ca300-cc9e-4696-b094-c3d7cbc593fb"
71,"볼음공설묘지","공원묘지","인천광역시 강화군 서도면 볼음도리 산82",37.6618096056928,126.198949772944,"Address says "인천" but coordinates are in "UNKNOWN"","3fd9d34d-f358-41e6-baf0-49e1324dff54"
72,"봉소리공설묘지","공원묘지","인천광역시 강화군 교동면 봉소리 180-1",37.807706904203,126.324261549894,"Address says "인천" but coordinates are in "UNKNOWN"","fe0573c8-1e8d-4990-80fe-2fca8975d774"
73,"부근리공설묘지","공원묘지","인천광역시 강화군 하점면 부근리 산148",37.7590309065463,126.43531781258,"Address says "인천" but coordinates are in "경기"","1fd3dde8-05c7-49d7-830d-75afa39a45a5"
74,"부산 연안 해양장","해양장","부산광역시 해운대구 달맞이길 62",37.5724291754866,127.006978785184,"Address says "부산" but coordinates are in "서울"","aa89f083-0204-49d7-a46b-82ea79be23ac"
75,"부활동산 추모공원","공원묘지","경기 광주시 곤지암읍 가마을길 83-19",37.3578454780782,127.383497076538,"Address says "광주" but coordinates are in "경기"","8048a2a9-0f44-4285-946b-fa2812a8b7db"
76,"북성리공설묘지","공원묘지","인천광역시 강화군 양사면 북성리 산179",37.811536673257,126.420464935259,"Address says "인천" but coordinates are in "경기"","f7859ed3-e683-478b-a05e-5f5032b08c35"
77,"분당추모공원 휴","공원묘지","경기도 광주시 오포로 211-49 분당추모공원 휴",37.3550404400033,127.182193112494,"Address says "광주" but coordinates are in "경기"","a29dbbfc-0dcd-4173-a45d-ef260ed19afc"
78,"비에스종합병원장례식장","장례식장","인천광역시 강화군 강화읍 충렬사로 31 비에스종합병원 별관 B1 장례식장",37.7359823183902,126.486016018343,"Address says "인천" but coordinates are in "경기"","5bdb5d50-b520-4275-871c-2f5ef3b1301f"
79,"사기리공설묘지","공원묘지","인천광역시 강화군 화도면 사기리 산116",37.6056738343391,126.454910735641,"Address says "인천" but coordinates are in "경기"","d3bc6a0d-3617-45e7-a9ec-cf9261e873b2"
80,"삼거리공설묘지","공원묘지","인천광역시 강화군 하점면 삼거리 산256",37.7460369176878,126.409785605555,"Address says "인천" but coordinates are in "경기"","42d47efa-065e-44b7-ae85-466ff63146b5"
81,"삼동암공동묘지","공원묘지","인천광역시 강화군 불은면 삼동암리 산217-2",37.6986001814475,126.463883777561,"Address says "인천" but coordinates are in "경기"","9d533398-9fee-41c6-8e2c-acb09a4e2ae6"
82,"삼성개발공원묘원엘리시움","공원묘지","경기도 광주시 오포로 211-50 1층",37.3545388431627,127.184162101303,"Address says "광주" but coordinates are in "경기"","8ea1922a-aadb-491f-979d-b539e148edd9"
83,"삼성리공동묘지","공원묘지","인천광역시 강화군 불은면 삼성리 산77-2",37.7134372478194,126.448391542621,"Address says "인천" but coordinates are in "경기"","284057f7-1cd1-4350-bdf4-5b8e91513723"
84,"삼육병원장례식장","장례식장","경기도 광주시 초월읍 경수길 25",37.4194812369604,127.287075508185,"Address says "광주" but coordinates are in "경기"","3d3d3200-0b07-4bc9-b1d9-b87eca5a25cb"
85,"삼천포서울병원장례식장","장례식장","경상남도 사천시 남일로 33 삼천포서울병원",34.9330118553768,128.08022399886,"Address says "서울" but coordinates are in "경남"","fc951ee8-8e8f-4a62-99c1-010a4713a50d"
86,"삼흥리공설묘지","공원묘지","인천광역시 강화군 양도면 삼흥리 산171",37.6809372954139,126.421874583092,"Address says "인천" but coordinates are in "경기"","59a6a2c7-6661-4aa5-b623-a8168f36a792"
87,"상리공설묘지","공원묘지","인천광역시 강화군 삼산면 상리 산177",37.7346335405709,126.302267732091,"Address says "인천" but coordinates are in "UNKNOWN"","538920b8-e314-4e7b-9111-7f3f9a00b725"
88,"상용리공설묘지","공원묘지","인천광역시 강화군 교동면 상용리 산215",37.7764871873163,126.302802008957,"Address says "인천" but coordinates are in "UNKNOWN"","ed5cad25-280c-43e1-8c32-6f4925cc1c9d"
89,"새고창장례식장","장례식장","전북특별자치도 고창군 고창읍 고인돌대로 1763 새고창 장례식장",35.4368906735726,126.691361653523,"Address says "전북" but coordinates are in "전남"","b4821c2b-63f8-432d-9f25-fec7918bedea"
90,"새하늘공원","공원묘지","경기도 양평군 지평면 고재길 90",37.4258938166321,127.608203093502,"Address says "경기" but coordinates are in "강원"","0b88b3b0-b2ae-4ff2-ad41-2ba8076a4e90"
91,"서검리공설묘지","공원묘지","인천광역시 강화군 삼산면 서검리 산50",37.7173375497244,126.23019379572,"Address says "인천" but coordinates are in "UNKNOWN"","a1c362c2-2118-4e05-99b6-df59f86a787d"
92,"석모리공설묘지","공원묘지","인천광역시 강화군 삼산면 석모리 산308",37.703487463896,126.287198516721,"Address says "인천" but coordinates are in "UNKNOWN"","06de263f-3316-4b37-9f4f-50229be1994c"
93,"석포리공설묘지","공원묘지","인천광역시 강화군 삼산면 석포리 산83",37.6844157876152,126.359026296584,"Address says "인천" but coordinates are in "UNKNOWN"","b87b3dd4-f765-4570-8303-72d7d9275d5c"
94,"선두리공설묘지","공원묘지","인천광역시 강화군 길상면 선두리 산204",37.6146960655221,126.476666132321,"Address says "인천" but coordinates are in "경기"","230f24f0-f958-4d67-9996-95ff2703c85d"
95,"선재리공설묘지","공원묘지","인천광역시 옹진군 영흥면 선재로226번길 85",37.2512582191072,126.522068342268,"Address says "인천" but coordinates are in "경기"","21a11767-d282-4990-b9a0-f64da410f485"
96,"성주효요양병원 장례식장","장례식장","경북 성주군 성주읍 성주순환로 239",35.9222012958731,128.291991666622,"Address says "경북" but coordinates are in "UNKNOWN"","ff4475f0-20fe-4d23-8a76-0d95c4eda0c3"
97,"세종수목장","자연장","세종특별자치시 전의면 부거실길 135-11",36.627763788366,127.187631473613,"Address says "세종" but coordinates are in "충남"","ee1b9433-c08d-463b-810f-a76bf6dbd0c9"
98,"세종여주병원장례식장","장례식장","경기도 여주시 청심로 39 세종여주병원 지층",37.3014799871914,127.625319684824,"Address says "세종" but coordinates are in "강원"","217579e8-43ad-4d35-9c22-e7256ec4b208"
99,"송월교회묘지","공원묘지","인천광역시 서구 마전동 산72-1",37.6141336547395,126.652252856069,"Address says "인천" but coordinates are in "경기"","c99cd149-b38b-420c-96af-d7b1367082eb"
100,"수도권추모공원 분당납골당","봉안시설","경기 광주시 오포로 211-49",37.3549404400033,127.182093112494,"Address says "광주" but coordinates are in "경기"","4a686ea6-8d00-4286-9232-0e107b811c9a"
101,"순창군보건의료원장례식장","장례식장","전북특별자치도 순창군 순창읍 교성로 135 순창군보건의료원",35.367239602332,127.143921881224,"Address says "전북" but coordinates are in "전남"","6f6db8c7-8509-4c7f-9f55-c373852998eb"
102,"순창장례식장","장례식장","전북특별자치도 순창군 순창읍 순창로 89",35.3640235761219,127.142474745788,"Address says "전북" but coordinates are in "전남"","8a88eaf9-73aa-42e3-9a88-aa3908c303c4"
103,"순창현대장례식장","장례식장","전북특별자치도 순창군 순창읍 교성로 141-5 141-21",35.3669965851932,127.144391306406,"Address says "전북" but coordinates are in "전남"","7e209d65-5364-4afb-a702-cf4f6732c669"
104,"숭뇌리공설묘지","공원묘지","인천광역시 강화군 송해면 숭뢰리 산63",37.7867389619658,126.471007481527,"Address says "인천" but coordinates are in "경기"","cb0987f9-89dc-4202-bbb6-a4357298a3da"
105,"스카이캐슬추모공원","공원묘지","경기도 광주시 머루숯길 61-33",37.3653144353239,127.154903728771,"Address says "광주" but coordinates are in "경기"","b38093fd-5761-4154-98c6-27674bd1bb62"
106,"시안 가족추모공원","공원묘지","경기도 광주시 오포안로 17",37.3542413141922,127.192598664551,"Address says "광주" but coordinates are in "경기"","0b424f09-8574-4fdf-a101-49aa1c14087e"
107,"신림덕화공설묘지","공원묘지","전북특별자치도 고창군 신림면 가평로 576",35.4861876172022,126.737920177528,"Address says "전북" but coordinates are in "전남"","351401ff-2bc8-4dcf-af9e-4fc5adddf74c"
108,"신삼리공설묘지","공원묘지","인천광역시 강화군 하점면 신삼리 산107",37.7459963162728,126.409630032081,"Address says "인천" but coordinates are in "경기"","acd45e69-0e86-4d74-b845-585754fa1b12"
109,"신정리공설묘지","공원묘지","인천광역시 강화군 선원면 신정리 산63",37.7248243082085,126.497603957767,"Address says "인천" but coordinates are in "경기"","4ec00434-8ab0-43e3-87c8-23675d005c75"
110,"신현리공동묘지","공원묘지","인천광역시 강화군 불은면 신현리 산59-3",37.6579636668524,126.497163177922,"Address says "인천" but coordinates are in "경기"","bd9367ac-5d25-410c-bcf6-ce82b36d8b8e"
111,"쌍룡사 납골당","봉안시설","경북 문경시 농암면 칠봉로 755",36.5514424198097,128.000111855903,"Address says "경북" but coordinates are in "충북"","cd3ce1b2-635b-4140-9496-1bc9d1415630"
112,"아산주진공설묘지","공원묘지","전북특별자치도 고창군 아산면 주진리 산16",35.4346697163283,126.613226757535,"Address says "전북" but coordinates are in "전남"","a9bd5aaa-09c7-4533-a5cb-c9c4f38c6465"
113,"아차공설묘지","공원묘지","인천광역시 강화군 서도면 아차도리 산13",37.6604376080326,126.230202181867,"Address says "인천" but coordinates are in "UNKNOWN"","de006041-c81a-4d68-b5b9-0c50c45eb001"
114,"양오리공설묘지","공원묘지","인천광역시 강화군 송해면 양오리 산184",37.7939747784873,126.435649710028,"Address says "인천" but coordinates are in "경기"","12c8d2ad-9074-42f8-9336-6a2442755469"
115,"양평추모공원더포레","공원묘지","경기도 양평군 청운면 벗고갯길 45-20 양평추모공원 더포레",37.5093703145609,127.733676211136,"Address says "경기" but coordinates are in "강원"","eb16fa07-3cb2-4ba4-a463-b01c08ffdc23"
116,"여주국빈장례식장","장례식장","경기도 여주시 여양로 388-13",37.3164748349532,127.647259737751,"Address says "경기" but coordinates are in "강원"","fe57e656-810c-40ec-bd99-cb74727d6b5e"
117,"여주시민장례문화원","장례식장","경기도 여주시 칠산길 28-8",37.2901187057845,127.642432529936,"Address says "경기" but coordinates are in "강원"","af7088ce-4d43-4c54-987b-143539a186f5"
118,"연평리공설묘지","공원묘지","인천광역시 옹진군 연평면 연평리 산10-113",37.6546643070551,125.688094088409,"Address says "인천" but coordinates are in "UNKNOWN"","bd681fc5-f2f9-452d-958c-3ec518984c6d"
119,"열방센터 추모공원","공원묘지","경북 상주시 화서면 영남제일로 4496",36.4513918708375,127.920255740051,"Address says "경북" but coordinates are in "충북"","6dc47368-d33e-46d1-a486-b4963248d3d7"
120,"예수사랑제일교회","봉안시설","인천광역시 강화군 하점면 창후로 90-35",37.7698893,126.3713623,"Address says "인천" but coordinates are in "UNKNOWN"","e64943b1-3eba-4dc0-a1d1-88ad3a201894"
121,"오상리공설묘지","공원묘지","인천광역시 강화군 내가면 오상리 산91-2",37.7277022890775,126.404580379044,"Address says "인천" but coordinates are in "경기"","9bfbd331-0349-4827-b68e-21911acbc877"
122,"오포장례식장","장례식장","경기도 광주시 오포로 225-7 오포읍 장례식장",37.3513776053552,127.186566554126,"Address says "광주" but coordinates are in "경기"","b8fff6d5-f4cf-4eb1-8b43-d418856d2d86"
123,"오향중흥교회 봉안당 부활동산","봉안시설","경기도 광주시 곤지암읍 가마을길 83-19",37.3577454780782,127.383397076538,"Address says "광주" but coordinates are in "경기"","7a3d4e2b-fad4-4df2-8a7d-3849ffa763a3"
124,"온누리장례식장","장례식장","인천광역시 서구 완정로 199 온누리병원",37.6027739,126.6543088,"Address says "인천" but coordinates are in "경기"","c9bb21e2-4c33-45aa-96f6-90290802dcbc"
125,"온수리공설묘지","공원묘지","인천광역시 강화군 길상면",37.6416648973794,126.489222662087,"Address says "인천" but coordinates are in "경기"","21667b1d-fd03-4005-a6b4-a81182f60b84"
126,"외포리공설묘지","공원묘지","인천광역시 강화군 내가면 외포리 산98-1",37.7072759480794,126.382640725272,"Address says "인천" but coordinates are in "UNKNOWN"","92a15e07-8edb-45b0-8b5b-f1a5756b9ede"
127,"용문장례식장","장례식장","경기도 양평군 용문면 경강로 3303",37.5110076141415,127.625307475446,"Address says "경기" but coordinates are in "강원"","0cab239c-83f7-4f41-b439-63290dd0dd1d"
128,"용인서울병원장례문화센터","장례식장","경기도 용인시 처인구 고림로 81 용인서울병원",37.2403175460026,127.214490542199,"Address says "서울" but coordinates are in "경기"","90c85a9d-146d-44f6-af84-273d2a7de3c4"
129,"우도면공설묘지","공원묘지","제주특별자치도 제주시 우도면 연평리 394",33.4967373840411,126.959190875853,"Address says "제주" but coordinates are in "UNKNOWN"","fde52ab9-c8f4-4176-b03a-31da6dd56d98"
130,"우도면봉안당","봉안시설","제주특별자치도 제주시 우도면 영일길 80-10 우도장례식장",33.4975779770594,126.959272698178,"Address says "제주" but coordinates are in "UNKNOWN"","aeb68bf3-ca69-4eed-b3b3-169214733f40"
131,"우도장례식장","장례식장","제주특별자치도 제주시 우도면 영일길 80-10",33.4976779770594,126.959372698178,"Address says "제주" but coordinates are in "UNKNOWN"","e0af5a4f-9b2b-40b0-a93f-1849f23488a0"
132,"월곳리공설묘지","공원묘지","인천광역시 강화군 강화읍 월곳리 산8",37.7820105647657,126.502633128721,"Address says "인천" but coordinates are in "경기"","49191819-ecb9-4554-8bdb-e2b14f8fb2bb"
133,"이작2리공설묘지","공원묘지","인천광역시 옹진군 자월면 소이작로 14",37.1818885968548,126.241274538993,"Address says "인천" but coordinates are in "UNKNOWN"","447abfed-88d6-489b-948c-39969eda6645"
134,"인산리공설묘지","공원묘지","인천광역시 강화군 양도면 인산리 산225",37.6983406294905,126.417393044934,"Address says "인천" but coordinates are in "경기"","9f52a9e4-d400-4c90-956b-c97da1156c8a"
135,"인월장례식장","장례식장","전북특별자치도 남원시 인월면 황산로 1735",35.4618856003659,127.594275149768,"Address says "전북" but coordinates are in "전남"","98d5a2f5-57d7-4efb-9c92-d4946bbb1c27"
136,"인화리공설묘지","공원묘지","인천광역시 강화군 양사면 인화리 산336",37.7885509907765,126.376240938585,"Address says "인천" but coordinates are in "UNKNOWN"","feea806d-c50f-481f-bbb9-9ec0ebb60347"
137,"자월리공설묘지","공원묘지","인천광역시 옹진군 자월면 자월리 산308",37.2694046199667,126.28581587806,"Address says "인천" but coordinates are in "UNKNOWN"","1112afa0-ff01-4ab8-8ca9-834015df5fca"
138,"장봉리1공설묘지","공원묘지","인천광역시 옹진군 북도면 장봉로 160",37.5303500804325,126.376147194371,"Address says "인천" but coordinates are in "UNKNOWN"","1001b528-7f02-4f34-b784-7af3024a35f8"
139,"장정리공설묘지","공원묘지","인천광역시 강화군 하점면 장정리 산188",37.7834488275305,126.418974966785,"Address says "인천" but coordinates are in "경기"","44b11f55-9937-423e-86e7-b2e43970f484"
140,"장호원요양병원장례식장","장례식장","경기도 이천시 장호원읍 샘재로145번길 41 장호원연세병원",37.1195622344916,127.628978469445,"Address says "경기" but coordinates are in "강원"","20d90856-7e2f-46d4-8847-eea5a067f3ed"
141,"장화리공설묘지","공원묘지","인천광역시 강화군 화도면 장화리 산354",37.6132172602349,126.375595328988,"Address says "인천" but coordinates are in "UNKNOWN"","dea10235-717b-4bdc-aecd-f2ea9ba1de5e"
142,"장흥리공설묘지","공원묘지","인천광역시 강화군 길상면 장흥리 산69-1",37.626071217841,126.497208070967,"Address says "인천" but coordinates are in "경기"","080f0af1-6c24-40a4-bd3f-77d1bb7d5912"
143,"점봉리공설공원묘지","공원묘지","경기도 여주시 점봉동 산11-3",37.2681584398551,127.638643638623,"Address says "경기" but coordinates are in "강원"","1b2eddb8-2523-4015-981d-fc24c08f82fb"
144,"제주4.3 성산읍 희생자 추모공원","공원묘지","제주특별자치도 서귀포시 성산읍 고성리 224-1",33.4496795830286,126.922259744907,"Address says "제주" but coordinates are in "UNKNOWN"","4ebf0500-5ce8-4554-8721-d1eaf1d389c6"
145,"제천서울병원장례식장","장례식장","충청북도 제천시 숭문로 57 서울병원",37.1387367945661,128.20644071932,"Address says "서울" but coordinates are in "강원"","1a3bedf9-104f-4f5c-bb62-9de4573add14"
146,"주문공설묘지","공원묘지","인천광역시 강화군 서도면 주문도리 산33",37.6387087897886,126.242388445644,"Address says "인천" but coordinates are in "UNKNOWN"","970612e7-a50e-4e4c-b0af-88bf95ad4d59"
147,"중대공원자연장지","자연장","경기도 광주시 순암로 192 (중대동)",37.4008464466615,127.228681663842,"Address says "광주" but coordinates are in "경기"","ec299a4e-025f-46a1-a413-fa6fdd914f31"
148,"진리1공설묘지","공원묘지","인천광역시 옹진군 덕적면 진리 산127",37.2409087751464,126.133863694269,"Address says "인천" but coordinates are in "UNKNOWN"","c00aaf5b-98c3-4c0b-90bc-59d80d745ae5"
149,"진촌리공설묘지","공원묘지","인천광역시 옹진군 백령면 관창길 68",37.9770206056152,124.692622488177,"Address says "인천" but coordinates are in "UNKNOWN"","6473a079-c634-4848-afb0-97e86825f435"
150,"참사랑장례식장","장례식장","인천광역시 강화군 선원면 중앙로 271",37.7230649510062,126.48040333093,"Address says "인천" but coordinates are in "경기"","c4e4d05e-473e-4523-9bff-386173b0e55b"
151,"창리공설묘지","공원묘지","인천광역시 강화군 선원면 창리 산84",37.7218839872061,126.48732199454,"Address says "인천" but coordinates are in "경기"","a07d8ac9-2d2e-496d-acca-fc28b12dad0d"
152,"처리공원묘지","공원묘지","경기도 여주시 점동면 처리 산6",37.2310568308469,127.680813150812,"Address says "경기" but coordinates are in "강원"","8db63df0-1775-4ef9-8565-22aa94c2929f"
153,"천화수목장","자연장","충북 영동군 심천면 마곡리 185-3",36.2142341355387,127.652544569118,"Address says "충북" but coordinates are in "충남"","1f92fe99-f8d5-449f-8378-5d0d9570666a"
154,"철원병원장례식장","장례식장","강원특별자치도 철원군 갈말읍 명성로 208 철원길병원",38.1502944275713,127.308377336573,"Address says "강원" but coordinates are in "경기"","e252abbc-7810-49f3-8292-f258f93cc64f"
155,"철원장례문화원","장례식장","강원특별자치도 철원군 동송읍 금학로157번길 23-17 지하1층",38.2011767801202,127.220353730281,"Address says "강원" but coordinates are in "경기"","0693585e-0f8f-4e93-9ea8-d24fde8a784b"
156,"초지리공설묘지","공원묘지","인천광역시 강화군 길상면 초지리 산20",37.6305208793609,126.511406025043,"Address says "인천" but coordinates are in "경기"","f393c82c-43df-499c-8436-8276d566c1f1"
157,"충현공원 자연장지","자연장","경기도 광주시 용샘길 115-25",37.4272673024264,127.225227991086,"Address says "광주" but coordinates are in "경기"","83656cd2-11c5-4f78-ac55-54f98cb242df"
158,"충현동산","공원묘지","경기도 광주시",37.4294941934863,127.255238719721,"Address says "광주" but coordinates are in "경기"","ffef70b0-3577-48c3-b511-7cb7a7cee885"
159,"펫포레스트 반려동물장례식장 경기광주점","반려동물","경기도 광주시 오포안로 77 펫포레스트",37.3525355,127.1981503,"Address says "광주" but coordinates are in "경기"","9ab32e92-f8aa-4fb3-82dc-ccbfff223873"
160,"평화추모공원","공원묘지","인천광역시 강화군 하점면 창후로 90-35",37.7698839719057,126.371364273057,"Address says "인천" but coordinates are in "UNKNOWN"","bdb675b3-aaee-4685-ba3e-5e3ce3fbe7a6"
161,"하늘강아지 반려동물 장례식장","반려동물","경기도 광주시 초월읍 선장동길 31-3",37.3889868635577,127.318320294458,"Address says "광주" but coordinates are in "경기"","7ac53b9d-a635-43bc-a717-1427f67ada25"
162,"하늘정원","공원묘지","광주광역시 광산구 체암로 1685-1",35.1479325,126.651424,"Address says "광주" but coordinates are in "전남"","f3a8c4e5-4682-4093-a284-2d3fa08a645c"
163,"하도리공설묘지","공원묘지","인천광역시 강화군 송해면 하도리 산13",37.765546287513,126.449684861534,"Address says "인천" but coordinates are in "경기"","3fb1888a-c896-4a0e-98f1-8f0da998b792"
164,"하일리공설묘지","공원묘지","인천광역시 강화군 양도면 하일리 산21",37.6628385502196,126.427358485731,"Address says "인천" but coordinates are in "경기"","c876628e-5b7a-4065-bbc8-23a6b7d2bbf7"
165,"한별반려동물장례식장입구","반려동물","부산광역시 강서구 송정동",35.1025441,128.8316531,"Address says "부산" but coordinates are in "경남"","65552738-33e5-4bda-add5-f63dab80f0dc"
166,"한별반려동물장례식장주차장","반려동물","부산광역시 강서구 송정동 1453",35.1026211,128.831539,"Address says "부산" but coordinates are in "경남"","19eda0eb-8547-4415-bd98-ee5d386a582b"
167,"합덕아산병원합덕장례식장","장례식장","충청남도 당진시 합덕읍 합덕시장로 174-1 서울병원",36.8079701086119,126.774505719119,"Address says "서울" but coordinates are in "경기"","d5b5b21c-debe-45f2-b2c3-e594a0e8f4ff"
168,"현수리공원묘지","공원묘지","경기도 여주시 점동면 현수리 산10-2",37.1831615137716,127.704922235593,"Address says "경기" but coordinates are in "강원"","5514bb2f-b1de-4cf5-9a88-36e8a1a0fb18"
169,"화장동공설묘지","공원묘지","광주광역시 남구 화장동 산30",34.8328923388802,127.575245994747,"Address says "광주" but coordinates are in "전남"","f346b5b0-34f8-4eec-95ab-709c4cfa554b"