fac_type,fac_thumb src,fac_tit,fac_addr,fac_tel href,fac_tel,convenient src,convenient src (2),fac_update,convenient src (3),convenient src (4),convenient src (5)
사설,https://15774129.go.kr/BCUser/facilitypic/1719302984642.jpg,유토피아추모공원(자연장지),경기도 안성시 일죽면 화곡길 93 (화곡리),tel:031-673-7904,031-673-7904,https://15774129.go.kr/img/portal/sub/mark2.png,https://15774129.go.kr/img/portal/sub/mark4.png,17개월전 업데이트,,,
공설,https://15774129.go.kr/BCUser/facilitypic/1488602557461_5000000071_0.jpg,함안하늘공원(자연장지),"경상남도 함안군 가야읍 함마대로 1145 (사내리, 함안하늘공원)",tel:055-585-7182,055-585-7182,https://15774129.go.kr/img/portal/sub/mark4.png,,72개월전 업데이트,,,
공설,https://15774129.go.kr/BCUser/facilitypic/1550558216742_5000000019_0.JPG,은하수공원 자연장지,"세종특별자치시 정안세종로 1527 (산울동, 은하수공원)",tel:044-850-1340,044-850-1340,https://15774129.go.kr/img/portal/sub/mark1.png,https://15774129.go.kr/img/portal/sub/mark2.png,13개월전 업데이트,https://15774129.go.kr/img/portal/sub/mark3.png,https://15774129.go.kr/img/portal/sub/mark4.png,https://15774129.go.kr/img/portal/sub/mark5.png
사설,https://15774129.go.kr/BCUser/facilitypic/1626759020038.jpg,중앙추모공원,경기도 연천군 미산면 마유로 58-38 (백석리),tel:031-833-7737,031-833-7737,https://15774129.go.kr/img/portal/sub/mark2.png,https://15774129.go.kr/img/portal/sub/mark4.png,11개월전 업데이트,,,
사설,https://15774129.go.kr/BCUser/facilitypic/1464660705165_7000000815_0.jpg,에버그린수목장,경기도 안성시 양성면 남북대로 1698 (동항리),tel:031-673-4785,031-673-4785,https://15774129.go.kr/img/portal/sub/mark2.png,https://15774129.go.kr/img/portal/sub/mark4.png,17개월전 업데이트,,,
사설,https://15774129.go.kr/BCUser/facilitypic/7000001522/1709181838677.PNG,대한예수교장로회 효자수목원,"전라북도 전주시 완산구 콩쥐팥쥐로 1705-31 (효자동3가, 효자추모관)",tel:063-228-6811,063-228-6811,https://15774129.go.kr/img/portal/sub/mark2.png,https://15774129.go.kr/img/portal/sub/mark3.png,44개월전 업데이트,https://15774129.go.kr/img/portal/sub/mark4.png,,
사설,https://15774129.go.kr/BCUser/facilitypic/1647568750111.jpg,정안수목장,충청남도 공주시 정안면 차령고개로 17-57 (사현리),tel:041-854-0855,041-854-0855,https://15774129.go.kr/img/portal/sub/mark1.png,https://15774129.go.kr/img/portal/sub/mark2.png,22개월전 업데이트,https://15774129.go.kr/img/portal/sub/mark3.png,https://15774129.go.kr/img/portal/sub/mark4.png,https://15774129.go.kr/img/portal/sub/mark5.png
사설,https://15774129.go.kr/BCUser/facilitypic/1658811468819.jpg,에덴의정원 수목장,전라북도 전주시 완산구 콩쥐팥쥐로 1705-62 (효자동3가),tel:063-226-0107,063-226-0107,https://15774129.go.kr/img/portal/sub/mark2.png,https://15774129.go.kr/img/portal/sub/mark3.png,20개월전 업데이트,https://15774129.go.kr/img/portal/sub/mark4.png,,
사설,https://15774129.go.kr/BCUser/facilitypic/1753922613725.JPG,대한불교조계종 용천사,전라남도 함평군 해보면 광암리 409,tel:061-322-1445,061-322-1445,https://15774129.go.kr/img/portal/sub/mark1.png,https://15774129.go.kr/img/portal/sub/mark2.png,1개월전 업데이트,https://15774129.go.kr/img/portal/sub/mark3.png,https://15774129.go.kr/img/portal/sub/mark4.png,
공설,https://15774129.go.kr/BCUser/facilitypic/5000000034/1466126218055.jpg,남해추모누리공원 자연장지,"경상남도 남해군 서면 연죽로 46-77 (연죽리, 남해공설종합묘원추모누리)",tel:055-860-3681,055-860-3681,https://15774129.go.kr/img/portal/sub/mark1.png,https://15774129.go.kr/img/portal/sub/mark2.png,59개월전 업데이트,https://15774129.go.kr/img/portal/sub/mark3.png,https://15774129.go.kr/img/portal/sub/mark4.png,https://15774129.go.kr/img/portal/sub/mark5.png
사설,https://15774129.go.kr/BCUser/facilitypic/1737015614893.jpg,불광사 양지수목장,경기도 용인시 처인구 백암면 박곡로208번길 24 (박곡리),tel:031-323-1207,031-323-1207,https://15774129.go.kr/img/portal/sub/mark1.png,https://15774129.go.kr/img/portal/sub/mark2.png,1개월전 업데이트,https://15774129.go.kr/img/portal/sub/mark3.png,https://15774129.go.kr/img/portal/sub/mark4.png,
사설,https://15774129.go.kr/BCUser/facilitypic/1518918914015_7000000860_0.JPG,유토피아수목장,"경기도 안성시 일죽면 화곡길 130 (화곡리, 유토피아추모관)",tel:031-673-7904,031-673-7904,https://15774129.go.kr/img/portal/sub/mark1.png,https://15774129.go.kr/img/portal/sub/mark2.png,54개월전 업데이트,https://15774129.go.kr/img/portal/sub/mark3.png,https://15774129.go.kr/img/portal/sub/mark4.png,https://15774129.go.kr/img/portal/sub/mark5.png
사설,https://15774129.go.kr/BCUser/facilitypic/1464582587467_7000000939_0.jpg,신불산추모공원 수목장지,"경상남도 양산시 어실로 602-1 (어곡동, 신불정사)",tel:055-363-4666,055-363-4666,https://15774129.go.kr/img/portal/sub/mark2.png,https://15774129.go.kr/img/portal/sub/mark4.png,44개월전 업데이트,,,
사설,https://15774129.go.kr/BCUser/facilitypic/1611808942219.jpg,자연숲추모공원 수목장림,전라남도 장성군 삼계면 영장로 900-53 (부성리),tel:061-395-2040,061-395-2040,https://15774129.go.kr/img/portal/sub/mark2.png,https://15774129.go.kr/img/portal/sub/mark4.png,78개월전 업데이트,,,
사설,https://15774129.go.kr/BCUser/facilitypic/5000000037/1709182181990.PNG,용인로뎀파크,"경기도 용인시 처인구 양지면 한터로 432-16 (대대리, 용인로뎀파크교회)",tel:031-321-4477,031-321-4477,,,88개월전 업데이트,,,
사설,https://15774129.go.kr/BCUser/facilitypic/1635682987301.jpg,화성하늘공원 수목장림,경기도 화성시 장안면 포승장안로 1035 (장안리),tel:031-351-4440,031-351-4440,https://15774129.go.kr/img/portal/sub/mark2.png,https://15774129.go.kr/img/portal/sub/mark4.png,3개월전 업데이트,,,
사설,https://15774129.go.kr/BCUser/facilitypic/1691278327168.jpg,우성공원묘원(자연장지),"경기도 안성시 일죽면 화곡길 158 (화곡리, 우성공원묘원)",tel:031-672-5008,031-672-5008,,,28개월전 업데이트,,,
사설,https://15774129.go.kr/BCUser/facilitypic/5000000054/1536987141312.jpg,천봉사 자연장지,강원특별자치도 홍천군 서면 팔봉산로 118 (대곡리),tel:033-435-8941,033-435-8941,,,88개월전 업데이트,,,
사설,https://15774129.go.kr/BCUser/facilitypic/1469092666545_7000001529_0.JPG,(재)용인추모원 자연장지,"경기도 용인시 기흥구 중부대로 972 (상하동, 재단법인용인추모원)",tel:031-283-1601,031-283-1601,https://15774129.go.kr/img/portal/sub/mark2.png,https://15774129.go.kr/img/portal/sub/mark3.png,68개월전 업데이트,https://15774129.go.kr/img/portal/sub/mark4.png,https://15774129.go.kr/img/portal/sub/mark5.png,
사설,https://15774129.go.kr/BCUser/facilitypic/1756105131250.jpg,경각산 수목장,전북특별자치도 임실군 신덕면 불재로 622 (신덕리),tel:063-643-0405,063-643-0405,https://15774129.go.kr/img/portal/sub/mark2.png,https://15774129.go.kr/img/portal/sub/mark4.png,3개월전 업데이트,,,
공설,https://15774129.go.kr/BCUser/facilitypic/1464151659188_5000000030_0.jpg,용인평온의숲(예정원),"경기도 용인시 처인구 이동면 평온의숲로 77 (어비리, 용인평온의숲)",tel:031-329-5900,031-329-5900,https://15774129.go.kr/img/portal/sub/mark1.png,https://15774129.go.kr/img/portal/sub/mark2.png,116개월전 업데이트,https://15774129.go.kr/img/portal/sub/mark4.png,https://15774129.go.kr/img/portal/sub/mark5.png,
사설,https://15774129.go.kr/BCUser/facilitypic/1464588301440_7000000832_0.jpg,백양사 수목장,"전라남도 장성군 북하면 백양로 1239 (약수리, 백양사)",tel:061-392-2304,061-392-2304,https://15774129.go.kr/img/portal/sub/mark1.png,https://15774129.go.kr/img/portal/sub/mark2.png,60개월전 업데이트,https://15774129.go.kr/img/portal/sub/mark4.png,https://15774129.go.kr/img/portal/sub/mark5.png,
사설,https://15774129.go.kr/BCUser/facilitypic/1653278242763.jpg,자연애숲(다니엘교회),경기도 고양시 일산동구 지영로194번길 135 (지영동),tel:031-977-9915,031-977-9915,https://15774129.go.kr/img/portal/sub/mark2.png,https://15774129.go.kr/img/portal/sub/mark4.png,37개월전 업데이트,,,
공설,https://15774129.go.kr/BCUser/facilitypic/7000001916/1564475924867.jpg,삼척시추모공원 자연장,강원특별자치도 삼척시 강원남부로 4540 (등봉동),tel:033-574-7912,033-574-7912,https://15774129.go.kr/img/portal/sub/mark1.png,https://15774129.go.kr/img/portal/sub/mark3.png,45개월전 업데이트,https://15774129.go.kr/img/portal/sub/mark4.png,,
공설,https://15774129.go.kr/BCUser/facilitypic/1667206284221.jpg,화성함백산추모공원(바람마루),경기도 화성시 매송면 서해로 2448-32 (숙곡리),tel:031-240-9200,031-240-9200,https://15774129.go.kr/img/portal/sub/mark4.png,,38개월전 업데이트,,,
사설,https://15774129.go.kr/BCUser/facilitypic/1464655734926_7000001350_0.jpg,별그리다(별의숲),경기도 양평군 양동면 양동금곡1길 331 (삼산리),tel:031-333-1111,031-333-1111,https://15774129.go.kr/img/portal/sub/mark1.png,https://15774129.go.kr/img/portal/sub/mark2.png,17개월전 업데이트,https://15774129.go.kr/img/portal/sub/mark3.png,https://15774129.go.kr/img/portal/sub/mark4.png,
사설,https://15774129.go.kr/BCUser/facilitypic/1643266403381.jpg,늘푸른수목장(청광사),경상남도 거제시 사등면 지석로 216 (지석리),,,https://15774129.go.kr/img/portal/sub/mark2.png,https://15774129.go.kr/img/portal/sub/mark4.png,46개월전 업데이트,,,
사설,https://15774129.go.kr/BCUser/facilitypic/1608793465442.jpg,일산공감수목장(봉화사),경기도 고양시 일산동구 지영로194번길 132 (지영동),tel:031-975-4587,031-975-4587,https://15774129.go.kr/img/portal/sub/mark2.png,https://15774129.go.kr/img/portal/sub/mark4.png,27개월전 업데이트,,,
사설,https://15774129.go.kr/BCUser/facilitypic/1727055728016.jpg,목자은혜교회,광주광역시 광산구 송학동 424-1,tel:062-447-9091,062-447-9091,https://15774129.go.kr/img/portal/sub/mark2.png,https://15774129.go.kr/img/portal/sub/mark4.png,28개월전 업데이트,,,
공설,https://15774129.go.kr/BCUser/facilitypic/1464156147998_5000000009_0.jpg,인천가족공원 자연장지,인천광역시 부평구 평온로 61 (부평동),tel:032-456-2320,032-456-2320,https://15774129.go.kr/img/portal/sub/mark1.png,https://15774129.go.kr/img/portal/sub/mark2.png,116개월전 업데이트,https://15774129.go.kr/img/portal/sub/mark3.png,https://15774129.go.kr/img/portal/sub/mark4.png,https://15774129.go.kr/img/portal/sub/mark5.png
사설,https://15774129.go.kr/BCUser/facilitypic/7000002492/1709182315862.PNG,하늘동산 자연장지,경상남도 하동군 양보면 우복리 1078-3,tel:055-882-9190,055-882-9190,,,58개월전 업데이트,,,
공설,https://15774129.go.kr/BCUser/facilitypic/5000000032/1466068838542.jpg,의성군 천제공원(수목·잔디),경상북도 의성군 의성읍 의성길안로 287-29 (중리리),tel:054-830-6167,054-830-6167,https://15774129.go.kr/img/portal/sub/mark4.png,,30개월전 업데이트,,,
사설,https://15774129.go.kr/BCUser/facilitypic/1595315136331_7000002395_0.jpg,(재)호정공원(자연장),전라북도 완주군 화산면 운곡로 381-64 (운곡리),tel:063-214-1009,063-214-1009,https://15774129.go.kr/img/portal/sub/mark2.png,https://15774129.go.kr/img/portal/sub/mark3.png,10개월전 업데이트,https://15774129.go.kr/img/portal/sub/mark4.png,,
사설,https://15774129.go.kr/BCUser/facilitypic/1684632826232.jpg,늘푸른수목장,전라남도 보성군 노동면 평동로 877-14 (옥마리),tel:061-852-7879,061-852-7879,https://15774129.go.kr/img/portal/sub/mark2.png,https://15774129.go.kr/img/portal/sub/mark4.png,1개월전 업데이트,,,
사설,https://15774129.go.kr/BCUser/facilitypic/1642997893675.JPG,신광사 수목장,"경상남도 거제시 사등면 오량2길 108 (오량리, 신광사)",tel:055-1855-0494,055-1855-0494,https://15774129.go.kr/img/portal/sub/mark1.png,https://15774129.go.kr/img/portal/sub/mark2.png,37개월전 업데이트,https://15774129.go.kr/img/portal/sub/mark4.png,https://15774129.go.kr/img/portal/sub/mark5.png,
사설,https://15774129.go.kr/BCUser/facilitypic/7000001557/1709182418079.PNG,서울신흥교회 하늘계단수목장,경기도 양주시 평화로1261번길 372-146 (산북동),tel:031-821-4242,031-821-4242,,,5개월전 업데이트,,,
공설,https://15774129.go.kr/BCUser/facilitypic/1667206284221.jpg,화성함백산추모공원(바람마루),경기도 화성시 매송면 서해로 2448-32 (숙곡리),tel:031-240-9200,031-240-9200,https://15774129.go.kr/img/portal/sub/mark4.png,,38개월전 업데이트,,,
사설,https://15774129.go.kr/BCUser/facilitypic/1464655734926_7000001350_0.jpg,별그리다(별의숲),경기도 양평군 양동면 양동금곡1길 331 (삼산리),tel:031-333-1111,031-333-1111,https://15774129.go.kr/img/portal/sub/mark1.png,https://15774129.go.kr/img/portal/sub/mark2.png,17개월전 업데이트,https://15774129.go.kr/img/portal/sub/mark3.png,https://15774129.go.kr/img/portal/sub/mark4.png,
사설,https://15774129.go.kr/BCUser/facilitypic/1349339494990_7000000648_0.jpg,함양하늘공원(자연장지),"경상남도 함양군 지곡면 함양로 2139-2 (마산리, 하늘공원)",tel:055-964-0401,055-964-0401,https://15774129.go.kr/img/portal/sub/mark1.png,https://15774129.go.kr/img/portal/sub/mark4.png,17개월전 업데이트,,,
사설,https://15774129.go.kr/BCUser/facilitypic/7000002052/1526458953089.jpg,북한강광명수목장,"경기도 양평군 서종면 북한강로 1138-69 (수입리, 광명사)",tel:031-774-8969,031-774-8969,https://15774129.go.kr/img/portal/sub/mark4.png,,92개월전 업데이트,,,
공설,https://15774129.go.kr/BCUser/facilitypic/5000000023/1709182474344.PNG,서남권추모공원 자연장지,전라북도 정읍시 감곡면 정읍북로 1850 (통석리),tel:063-539-6725,063-539-6725,https://15774129.go.kr/img/portal/sub/mark1.png,https://15774129.go.kr/img/portal/sub/mark2.png,114개월전 업데이트,https://15774129.go.kr/img/portal/sub/mark3.png,https://15774129.go.kr/img/portal/sub/mark4.png,https://15774129.go.kr/img/portal/sub/mark5.png
공설,https://15774129.go.kr/BCUser/facilitypic/5000000033/1466069897841.jpg,보배숲추모공원(산림조합),"전라남도 진도군 진도읍 진도대로 7363-110 (동외리, 관리사무소)",tel:061-544-6101,061-544-6101,https://15774129.go.kr/img/portal/sub/mark1.png,https://15774129.go.kr/img/portal/sub/mark2.png,101개월전 업데이트,https://15774129.go.kr/img/portal/sub/mark4.png,https://15774129.go.kr/img/portal/sub/mark5.png,
사설,https://15774129.go.kr/BCUser/facilitypic/1601097836743_5000000050_0.jpg,하늘소풍수목장(호산나교회),경기도 양주시 평화로1261번길 372-74 (산북동),tel:031-1577-8195,031-1577-8195,https://15774129.go.kr/img/portal/sub/mark2.png,https://15774129.go.kr/img/portal/sub/mark4.png,52개월전 업데이트,,,
사설,https://15774129.go.kr/BCUser/facilitypic/1726982222968.jpg,(재)여주세종추모공원 자연장,경기도 여주시 흥천면 샘다리길 105 (흥천면 상대리 27-6),tel:031-886-4060,031-886-4060,https://15774129.go.kr/img/portal/sub/mark2.png,https://15774129.go.kr/img/portal/sub/mark3.png,1개월전 업데이트,https://15774129.go.kr/img/portal/sub/mark4.png,,
사설,https://15774129.go.kr/BCUser/facilitypic/5000000064/1709182696343.PNG,천탑사 수목장(그린피아),경상남도 밀양시 삼랑진읍 화성길 13-47 (미전리),tel:055-351-4440,055-351-4440,https://15774129.go.kr/img/portal/sub/mark2.png,https://15774129.go.kr/img/portal/sub/mark4.png,47개월전 업데이트,,,
공설,https://15774129.go.kr/BCUser/facilitypic/5000000013/1709182548063.PNG,국립하늘숲추모원,경기도 양평군 양동면 양서동로 372 (계정리),tel:031-775-6637,031-775-6637,https://15774129.go.kr/img/portal/sub/mark2.png,https://15774129.go.kr/img/portal/sub/mark4.png,161개월전 업데이트,,,
공설,https://15774129.go.kr/BCUser/facilitypic/7000002951/1764048132007.jpg,영광군 공설추모공원 자연장지,전라남도 영광군 군남면 광암로 174,tel:061-351-9870,061-351-9870,,,0개월전 업데이트,,,
사설,https://15774129.go.kr/BCUser/facilitypic/1726709484917.jpg,수불사추모공원,"경기도 연천군 청산면 전영로215번길 153-16, 수불사 추모공원",tel:031-832-6222,031-832-6222,https://15774129.go.kr/img/portal/sub/mark3.png,,15개월전 업데이트,,,
사설,https://15774129.go.kr/BCUser/facilitypic/7000002859/1739339849713.png,무량수목장,"경기도 남양주시 수동면 비룡로850번길 33 (입석리, 대한불교조계종무량사)",tel:031-594-7970,031-594-7970,https://15774129.go.kr/img/portal/sub/mark2.png,https://15774129.go.kr/img/portal/sub/mark3.png,10개월전 업데이트,https://15774129.go.kr/img/portal/sub/mark4.png,,
사설,https://15774129.go.kr/BCUser/facilitypic/1752728632574.png,옥마기도회,전라남도 보성군 노동면 평동로 877-14 (옥마리),tel:061-852-7811,061-852-7811,https://15774129.go.kr/img/portal/sub/mark4.png,,1개월전 업데이트,,,
공설,https://15774129.go.kr/BCUser/facilitypic/5000000028/1466467312045.jpg,여주추모공원 자연장지,경기도 여주시 가남읍 여주남로 769 (본두리),tel:031-880-4061,031-880-4061,https://15774129.go.kr/img/portal/sub/mark4.png,https://15774129.go.kr/img/portal/sub/mark5.png,84개월전 업데이트,,,
사설,https://15774129.go.kr/BCUser/facilitypic/1469771288561_5000000038_0.jpg,(재)용인공원(자연장),"경기도 용인시 처인구 모현읍 새래로 158-33 (초부리, 용인공원묘지)",tel:031-334-3484,031-334-3484,https://15774129.go.kr/img/portal/sub/mark1.png,https://15774129.go.kr/img/portal/sub/mark4.png,28개월전 업데이트,https://15774129.go.kr/img/portal/sub/mark5.png,,
사설,https://15774129.go.kr/BCUser/facilitypic/7000002537/1709182603478.PNG,경주하늘수목장림,경상북도 경주시 건천읍 하늘마루길 274 (용명리),tel:054-753-3535,054-753-3535,https://15774129.go.kr/img/portal/sub/mark2.png,https://15774129.go.kr/img/portal/sub/mark3.png,56개월전 업데이트,https://15774129.go.kr/img/portal/sub/mark4.png,,
공설,https://15774129.go.kr/BCUser/facilitypic/1600218581922_5000000008_0.jpg,의왕하늘쉼터(자연장),경기도 의왕시 오매기백운산길 41-57 (오전동),tel:031-345-2831,031-345-2831,https://15774129.go.kr/img/portal/sub/mark4.png,,85개월전 업데이트,,,
공설,https://15774129.go.kr/BCUser/facilitypic/1454639880208_5000000026_0.jpg,와동꽃빛공원 자연장지,경기도 안산시 단원구 순환로 390 (와동),tel:031-481-3359,031-481-3359,https://15774129.go.kr/img/portal/sub/mark1.png,https://15774129.go.kr/img/portal/sub/mark4.png,94개월전 업데이트,https://15774129.go.kr/img/portal/sub/mark5.png,,
공설,https://15774129.go.kr/BCUser/facilitypic/1464585191987_7000000820_0.jpg,울산하늘공원 자연장지,울산광역시 울주군 삼동면 보삼길 550 (조일리),tel:052-255-3800,052-255-3800,https://15774129.go.kr/img/portal/sub/mark1.png,https://15774129.go.kr/img/portal/sub/mark2.png,15개월전 업데이트,https://15774129.go.kr/img/portal/sub/mark3.png,https://15774129.go.kr/img/portal/sub/mark4.png,https://15774129.go.kr/img/portal/sub/mark5.png
사설,https://15774129.go.kr/BCUser/facilitypic/5000000042/1536987928715.jpg,(재)서호추모공원 자연장지,경기도 평택시 청북읍 고렴길 161-12 (고렴리),tel:031-683-4505,031-683-4505,https://15774129.go.kr/img/portal/sub/mark1.png,https://15774129.go.kr/img/portal/sub/mark2.png,64개월전 업데이트,https://15774129.go.kr/img/portal/sub/mark3.png,https://15774129.go.kr/img/portal/sub/mark4.png,
사설,https://15774129.go.kr/BCUser/facilitypic/1562737537027_7000000239_0.jpg,분당추모공원휴(자연장),경기도 광주시 오포로 211-49 (능평동),tel:031-762-3000,031-762-3000,https://15774129.go.kr/img/portal/sub/mark2.png,https://15774129.go.kr/img/portal/sub/mark4.png,0개월전 업데이트,,,
사설,https://15774129.go.kr/BCUser/facilitypic/1464583716899_7000001093_0.jpg,(재)만어추모공원 수목장,경상남도 밀양시 삼랑진읍 단장로 439 (우곡리),tel:055-356-4979,055-356-4979,https://15774129.go.kr/img/portal/sub/mark1.png,https://15774129.go.kr/img/portal/sub/mark2.png,3개월전 업데이트,https://15774129.go.kr/img/portal/sub/mark4.png,https://15774129.go.kr/img/portal/sub/mark5.png,
사설,https://15774129.go.kr/BCUser/facilitypic/1590393184810_7000002391_0.jpg,(재)지평선전북공원묘원(자연),전라북도 김제시 금구면 선암1길 290 (선암리),tel:063-546-5011,063-546-5011,https://15774129.go.kr/img/portal/sub/mark2.png,https://15774129.go.kr/img/portal/sub/mark4.png,38개월전 업데이트,,,
공설,https://15774129.go.kr/BCUser/facilitypic/3000000216/1467332179817.jpg,제천시영원한쉼터 자연장지,충청북도 제천시 송학면 송학주천로9길 122 (포전리),tel:043-644-6613,043-644-6613,https://15774129.go.kr/img/portal/sub/mark2.png,https://15774129.go.kr/img/portal/sub/mark3.png,115개월전 업데이트,https://15774129.go.kr/img/portal/sub/mark4.png,https://15774129.go.kr/img/portal/sub/mark5.png,
공설,https://15774129.go.kr/BCUser/facilitypic/1621138455324.png,울진군립추모원(자연장지),경상북도 울진군 울진읍 대흥신림로 1046-280 (신림리),tel:054-789-6109,054-789-6109,https://15774129.go.kr/img/portal/sub/mark4.png,,56개월전 업데이트,,,
공설,https://15774129.go.kr/BCUser/facilitypic/1464584566825_7000000630_0.jpg,대전추모공원 자연장지,대전광역시 서구 상보안윗길 160 (괴곡동),tel:042-602-2500,042-602-2500,https://15774129.go.kr/img/portal/sub/mark1.png,https://15774129.go.kr/img/portal/sub/mark2.png,53개월전 업데이트,https://15774129.go.kr/img/portal/sub/mark3.png,https://15774129.go.kr/img/portal/sub/mark4.png,https://15774129.go.kr/img/portal/sub/mark5.png
사설,https://15774129.go.kr/BCUser/facilitypic/1484644880352_7000001801_0.jpg,대한예수장로회 아름기도회 자연장지,"전라남도 함평군 대동면 고막천로 1137 (금곡리, 아름기도회묘지관련시설)",tel:062-433-9191,062-433-9191,https://15774129.go.kr/img/portal/sub/mark2.png,https://15774129.go.kr/img/portal/sub/mark4.png,108개월전 업데이트,,,
사설,https://15774129.go.kr/BCUser/facilitypic/1719880918629.jpg,개원추모공원 자연장지,경상북도 영천시 신녕면 장수로 2238-9 (화남리),tel:054-336-0992,054-336-0992,,,17개월전 업데이트,,,
공설,https://15774129.go.kr/BCUser/facilitypic/1464610123973_7000001398_0.jpg,김포시추모공원(자연장지),경기도 김포시 통진읍 애기봉로571번길 165 (귀전리),tel:031-983-3960,031-983-3960,https://15774129.go.kr/img/portal/sub/mark2.png,https://15774129.go.kr/img/portal/sub/mark4.png,11개월전 업데이트,,,
공설,https://15774129.go.kr/BCUser/facilitypic/1464160460298_5000000002_0.jpg,수원시연화장 자연장지,"경기도 수원시 영통구 광교호수로 278 (하동, 수원시연화장)",tel:031-218-6500,031-218-6500,https://15774129.go.kr/img/portal/sub/mark4.png,,45개월전 업데이트,,,
공설,https://15774129.go.kr/BCUser/facilitypic/1464596802838_7000000691_0.jpg,공주나래원 자연장지,"충청남도 공주시 이인면 삼배실길 70 (운암리, 나래원)",tel:041-840-8980,041-840-8980,https://15774129.go.kr/img/portal/sub/mark1.png,https://15774129.go.kr/img/portal/sub/mark2.png,48개월전 업데이트,https://15774129.go.kr/img/portal/sub/mark3.png,https://15774129.go.kr/img/portal/sub/mark4.png,https://15774129.go.kr/img/portal/sub/mark5.png
공설,https://15774129.go.kr/BCUser/facilitypic/5000000036/1467353167168.jpg,사천시 누리원(자연장지),"경상남도 사천시 해안관광로 208-66 (송포동, 사천공설화장장)",tel:055-831-4590,055-831-4590,https://15774129.go.kr/img/portal/sub/mark4.png,,1개월전 업데이트,,,
공설,https://15774129.go.kr/BCUser/facilitypic/5000000067/1476148656486.jpg,태백공원묘원 자연장지,"강원도 태백시 백두대간로 844 (창죽동, 태백공동묘지)",tel:033-550-2844,033-550-2844,https://15774129.go.kr/img/portal/sub/mark4.png,,111개월전 업데이트,,,
공설,https://15774129.go.kr/BCUser/facilitypic/1522200970689_5000000011_0.JPG,전주효자자연장,"전라북도 전주시 완산구 콩쥐팥쥐로 1705-138(효자동3가, 전주승화원)",tel:063-239-2690,063-239-2690,https://15774129.go.kr/img/portal/sub/mark1.png,https://15774129.go.kr/img/portal/sub/mark2.png,94개월전 업데이트,https://15774129.go.kr/img/portal/sub/mark3.png,https://15774129.go.kr/img/portal/sub/mark4.png,https://15774129.go.kr/img/portal/sub/mark5.png
사설,https://15774129.go.kr/BCUser/facilitypic/5000000045/1621585523504.jpg,안성제일교회 수목장,경기도 안성시 삼죽면 율곡리 산108-12,tel:031-672-2607,031-672-2607,https://15774129.go.kr/img/portal/sub/mark4.png,,26개월전 업데이트,,,
사설,https://15774129.go.kr/BCUser/facilitypic/1691116245910.jpg,기독교대한성결교회 안성교회 자연장지,경기도 안성시 금광면 조령길 73-117 (삼흥리),tel:031-674-2347,031-674-2347,https://15774129.go.kr/img/portal/sub/mark2.png,https://15774129.go.kr/img/portal/sub/mark4.png,29개월전 업데이트,,,
공설,https://15774129.go.kr/BCUser/facilitypic/1631771335369.jpg,안성시추모공원(자연장지),경기도 안성시 미양면 보촌4길 70 (고지리),tel:031-677-9944,031-677-9944,https://15774129.go.kr/img/portal/sub/mark2.png,https://15774129.go.kr/img/portal/sub/mark4.png,29개월전 업데이트,,,
공설,https://15774129.go.kr/BCUser/facilitypic/1346747151063_5000000016_0.JPG,제주시어승생한울누리공원,"제주특별자치도 제주시 산록북로 70 (연동, 어승생한울누리공원)",tel:064-728-2565,064-728-2565,https://15774129.go.kr/img/portal/sub/mark1.png,https://15774129.go.kr/img/portal/sub/mark2.png,161개월전 업데이트,https://15774129.go.kr/img/portal/sub/mark4.png,https://15774129.go.kr/img/portal/sub/mark5.png,
공설,https://15774129.go.kr/BCUser/facilitypic/1630897791406.jpg,청주시목련공원자연장,"충청북도 청주시 상당구 목련로 731 (월오동, 목련공원)",tel:043-270-8578,043-270-8578,https://15774129.go.kr/img/portal/sub/mark1.png,https://15774129.go.kr/img/portal/sub/mark2.png,80개월전 업데이트,https://15774129.go.kr/img/portal/sub/mark4.png,https://15774129.go.kr/img/portal/sub/mark5.png,
사설,https://15774129.go.kr/BCUser/facilitypic/1715235979093.JPG,남한강공원묘원(자연장),경기도 여주시 가남읍 송삼로 459-35 (금곡리),tel:031-882-6689,031-882-6689,https://15774129.go.kr/img/portal/sub/mark1.png,https://15774129.go.kr/img/portal/sub/mark2.png,19개월전 업데이트,https://15774129.go.kr/img/portal/sub/mark4.png,https://15774129.go.kr/img/portal/sub/mark5.png,
공설,https://15774129.go.kr/BCUser/facilitypic/1464585933330_5000000031_0.jpg,완도군추모공원 자연장지(수목·잔디),전라남도 완도군 군외면 청해진서로 1702 (삼두리),tel:061-550-5322,061-550-5322,https://15774129.go.kr/img/portal/sub/mark1.png,https://15774129.go.kr/img/portal/sub/mark2.png,101개월전 업데이트,https://15774129.go.kr/img/portal/sub/mark4.png,https://15774129.go.kr/img/portal/sub/mark5.png,
사설,https://15774129.go.kr/BCUser/facilitypic/7000002655/1709183516879.PNG,대한불교조계종 계승사 극락원,경상남도 고성군 영현면 대법3길 236 (대법리),tel:055-673-0281,055-673-0281,,,34개월전 업데이트,,,
사설,https://15774129.go.kr/BCUser/facilitypic/7000001013/1709190365048.PNG,예래원(자연장지),경기도 동두천시 탑신로 668 (탑동동),tel:031-867-8707,031-867-8707,https://15774129.go.kr/img/portal/sub/mark1.png,https://15774129.go.kr/img/portal/sub/mark2.png,10개월전 업데이트,https://15774129.go.kr/img/portal/sub/mark3.png,https://15774129.go.kr/img/portal/sub/mark4.png,https://15774129.go.kr/img/portal/sub/mark5.png
사설,https://15774129.go.kr/BCUser/facilitypic/1434611624010_7000001054_0.jpg,광릉추모공원 자연장,경기도 포천시 내촌면 부마로 341 (마명리),tel:031-532-2520,031-532-2520,https://15774129.go.kr/img/portal/sub/mark1.png,https://15774129.go.kr/img/portal/sub/mark4.png,128개월전 업데이트,https://15774129.go.kr/img/portal/sub/mark5.png,,
사설,https://15774129.go.kr/BCUser/facilitypic/7000002663/1709183414462.PNG,천주교태안교회 공원묘지,충청남도 태안군 태안읍 터널길 26-13 (동문리),tel:041-674-1004,041-674-1004,https://15774129.go.kr/img/portal/sub/mark4.png,,23개월전 업데이트,,,
공설,https://15774129.go.kr/BCUser/facilitypic/1464661717348_5000000004_0.jpg,양구봉안공원 자연장지,강원특별자치도 양구군 양구읍 금강산로 518-40 (하리),tel:033-480-2577,033-480-2577,https://15774129.go.kr/img/portal/sub/mark4.png,,115개월전 업데이트,,,
공설,https://15774129.go.kr/BCUser/facilitypic/1346312449055_5000000005_0.jpg,홍천군추모공원 자연장지,강원특별자치도 홍천군 홍천읍 하오안리 산130-1,tel:033-430-2106,033-430-2106,https://15774129.go.kr/img/portal/sub/mark1.png,https://15774129.go.kr/img/portal/sub/mark2.png,85개월전 업데이트,https://15774129.go.kr/img/portal/sub/mark3.png,https://15774129.go.kr/img/portal/sub/mark4.png,https://15774129.go.kr/img/portal/sub/mark5.png
사설,https://15774129.go.kr/BCUser/facilitypic/1691116245910.jpg,기독교대한성결교회 안성교회 자연장지,경기도 안성시 금광면 조령길 73-117 (삼흥리),tel:031-674-2347,031-674-2347,https://15774129.go.kr/img/portal/sub/mark2.png,https://15774129.go.kr/img/portal/sub/mark4.png,29개월전 업데이트,,,
공설,https://15774129.go.kr/BCUser/facilitypic/1631771335369.jpg,안성시추모공원(자연장지),경기도 안성시 미양면 보촌4길 70 (고지리),tel:031-677-9944,031-677-9944,https://15774129.go.kr/img/portal/sub/mark2.png,https://15774129.go.kr/img/portal/sub/mark4.png,29개월전 업데이트,,,
공설,https://15774129.go.kr/BCUser/facilitypic/1634198515176.jpg,중대공원자연장지,경기도 광주시 순암로 192 (중대동),tel:031-762-0383,031-762-0383,https://15774129.go.kr/img/portal/sub/mark4.png,https://15774129.go.kr/img/portal/sub/mark5.png,77개월전 업데이트,,,
사설,https://15774129.go.kr/BCUser/facilitypic/7000002823/1736730916695.PNG,길상사 수목장림,강원특별자치도 횡성군 서원면 양서동로 377 (석화리),tel:031-771-7319,031-771-7319,https://15774129.go.kr/img/portal/sub/mark2.png,https://15774129.go.kr/img/portal/sub/mark4.png,12개월전 업데이트,,,
사설,https://15774129.go.kr/BCUser/facilitypic/7000002012/1564475094511.jpg,대원사추모공원 자연장지,"경상북도 경주시 양남면 명주길 864-5 (효동리, 대원사)",tel:054-743-1945,054-743-1945,https://15774129.go.kr/img/portal/sub/mark1.png,https://15774129.go.kr/img/portal/sub/mark2.png,11개월전 업데이트,https://15774129.go.kr/img/portal/sub/mark3.png,https://15774129.go.kr/img/portal/sub/mark4.png,
사설,https://15774129.go.kr/BCUser/facilitypic/7000001933/1710899665567.PNG,자연으로추모정원,강원특별자치도 양양군 현남면 매호길 273 (후포매리),tel:033-671-6279,033-671-6279,https://15774129.go.kr/img/portal/sub/mark1.png,https://15774129.go.kr/img/portal/sub/mark2.png,101개월전 업데이트,https://15774129.go.kr/img/portal/sub/mark4.png,,
공설,https://15774129.go.kr/BCUser/facilitypic/7000000635/1466068437223.jpg,고창푸른숲자연장,"전라북도 고창군 신림면 왕림로 94-54 (세곡리, 고창푸른숲자연장관리사무소)",tel:063-564-7852,063-564-7852,https://15774129.go.kr/img/portal/sub/mark4.png,,161개월전 업데이트,,,
공설,https://15774129.go.kr/BCUser/facilitypic/7000001094/1564475998317.jpg,순천시립자연장지,전라남도 순천시 용수동길 920 (삼거동),tel:061-749-4520,061-749-4520,,,115개월전 업데이트,,,
사설,https://15774129.go.kr/BCUser/facilitypic/7000002809/1724741740766.PNG,한국기독교장로회함평읍교회,전라남도 함평군 손불면 석창리 88-17,tel:061-323-9191,061-323-9191,,,1개월전 업데이트,,,
사설,https://15774129.go.kr/BCUser/facilitypic/7000002010/1709191309449.PNG,약천사,"경기도 용인시 처인구 양지면 양지로63번길 9-18 (양지리, 약천사)",tel:031-338-3362,031-338-3362,https://15774129.go.kr/img/portal/sub/mark2.png,https://15774129.go.kr/img/portal/sub/mark4.png,95개월전 업데이트,,,
사설,https://15774129.go.kr/BCUser/facilitypic/7000002046/1709517361223.PNG,은해사 자연장지,"경상북도 영천시 청통면 은해사로 300 (치일리, 은해사)",tel:054-335-0566,054-335-0566,https://15774129.go.kr/img/portal/sub/mark2.png,https://15774129.go.kr/img/portal/sub/mark4.png,30개월전 업데이트,,,
공설,https://15774129.go.kr/BCUser/facilitypic/7000002263/1709620543530.PNG,월곳리 공설자연장지,인천광역시 강화군 강화읍 월곳리 산8,tel:032-934-0003,032-934-0003,https://15774129.go.kr/img/portal/sub/mark2.png,https://15774129.go.kr/img/portal/sub/mark4.png,76개월전 업데이트,,,
공설,https://15774129.go.kr/BCUser/facilitypic/1464581441755_3000000215_0.jpg,서귀포추모공원 자연장지,제주특별자치도 서귀포시 돈내코로 295-28 (상효동),tel:064-732-1893,064-732-1893,https://15774129.go.kr/img/portal/sub/mark1.png,https://15774129.go.kr/img/portal/sub/mark2.png,116개월전 업데이트,https://15774129.go.kr/img/portal/sub/mark4.png,https://15774129.go.kr/img/portal/sub/mark5.png,
공설,https://15774129.go.kr/BCUser/facilitypic/5000000068/1504233789721.png,완주군 자연추모동산,전라북도 완주군 봉동읍 우주로 270-68 (구암리),tel:063-290-2207,063-290-2207,https://15774129.go.kr/img/portal/sub/mark4.png,,111개월전 업데이트,,,
공설,https://15774129.go.kr/BCUser/facilitypic/5000000078/1709512966895.PNG,이작리공설묘지 자연장지,인천광역시 옹진군 자월면 이작리 산289,tel:032-899-2333,032-899-2333,,,97개월전 업데이트,,,
공설,https://15774129.go.kr/BCUser/facilitypic/5000000079/1709518991455.PNG,선재리공설묘지 자연장지,인천광역시 옹진군 영흥면 선재리 산32,tel:032-899-2333,032-899-2333,,,97개월전 업데이트,,,
공설,https://15774129.go.kr/BCUser/facilitypic/5000000080/1709519090520.PNG,장봉리공설묘지 자연장지,인천광역시 옹진군 북도면 장봉리 산177,tel:032-899-2333,032-899-2333,,,97개월전 업데이트,,,
공설,https://15774129.go.kr/BCUser/facilitypic/5000000069/1476162782532.jpg,오룡군립묘원 자연장지,전라남도 담양군 무정면 오룡리 산29,tel:061-380-3384,061-380-3384,https://15774129.go.kr/img/portal/sub/mark2.png,https://15774129.go.kr/img/portal/sub/mark4.png,64개월전 업데이트,,,
공설,https://15774129.go.kr/BCUser/facilitypic/5000000081/1564475678944.jpg,남원시추모공원(자연장지),"전라북도 남원시 솔터길 40-36 (광치동, 승화원)",tel:063-620-5730,063-620-5730,,,94개월전 업데이트,,,
공설,https://15774129.go.kr/BCUser/facilitypic/1464607818383_5000000010_0.jpg,춘천안식공원 잔디장,"강원특별자치도 춘천시 동산면 종자리로 331-50 (군자리, 춘천시공설묘원)",tel:033-261-7314,033-261-7314,https://15774129.go.kr/img/portal/sub/mark1.png,https://15774129.go.kr/img/portal/sub/mark2.png,116개월전 업데이트,https://15774129.go.kr/img/portal/sub/mark3.png,https://15774129.go.kr/img/portal/sub/mark4.png,https://15774129.go.kr/img/portal/sub/mark5.png
공설,https://15774129.go.kr/BCUser/facilitypic/1669011699577.jpg,무장녹두숲자연장,전라북도 고창군 무장면 반송길 12 (고라리),tel:063-564-6864,063-564-6864,https://15774129.go.kr/img/portal/sub/mark3.png,https://15774129.go.kr/img/portal/sub/mark4.png,37개월전 업데이트,,,
공설,https://15774129.go.kr/BCUser/facilitypic/5000000018/1468308809929.jpg,무주추모의집(자연장),전라북도 무주군 무주읍 괴목로 1359-72 (당산리),tel:063-322-2302,063-322-2302,https://15774129.go.kr/img/portal/sub/mark4.png,,116개월전 업데이트,,,
사설,https://15774129.go.kr/BCUser/facilitypic/5000000061/1709191366616.PNG,삼광사추모공원 자연장지,"경상북도 성주군 월항면 지산로 208 (지방리, 삼광사)",tel:054-971-5669,054-971-5669,https://15774129.go.kr/img/portal/sub/mark1.png,https://15774129.go.kr/img/portal/sub/mark4.png,111개월전 업데이트,,,
공설,https://15774129.go.kr/BCUser/facilitypic/1464608507327_5000000022_0.jpg,경신하늘뜰공원 자연장지,"경기도 양주시 남면 화합로430번길 98 (경신리, 경신하늘뜰공원)",tel:031-861-5716,031-861-5716,https://15774129.go.kr/img/portal/sub/mark2.png,https://15774129.go.kr/img/portal/sub/mark3.png,116개월전 업데이트,https://15774129.go.kr/img/portal/sub/mark4.png,https://15774129.go.kr/img/portal/sub/mark5.png,
공설,https://15774129.go.kr/BCUser/facilitypic/1464581441755_3000000215_0.jpg,서귀포추모공원 자연장지,제주특별자치도 서귀포시 돈내코로 295-28 (상효동),tel:064-732-1893,064-732-1893,https://15774129.go.kr/img/portal/sub/mark1.png,https://15774129.go.kr/img/portal/sub/mark2.png,116개월전 업데이트,https://15774129.go.kr/img/portal/sub/mark4.png,https://15774129.go.kr/img/portal/sub/mark5.png,
공설,https://15774129.go.kr/BCUser/facilitypic/5000000068/1504233789721.png,완주군 자연추모동산,전라북도 완주군 봉동읍 우주로 270-68 (구암리),tel:063-290-2207,063-290-2207,https://15774129.go.kr/img/portal/sub/mark4.png,,111개월전 업데이트,,,
공설,https://15774129.go.kr/BCUser/facilitypic/7000000608/1709191424557.PNG,정왕공설자연장지,경기도 시흥시 정왕동 산2-1,tel:031-310-2264,031-310-2264,https://15774129.go.kr/img/portal/sub/mark4.png,,101개월전 업데이트,,,
공설,https://15774129.go.kr/BCUser/facilitypic/1353484790587_7000000626_0.jpg,서산시 희망공원(자연장지),충청남도 서산시 인지면 무학재2길 106 (산동리),tel:041-660-2719,041-660-2719,https://15774129.go.kr/img/portal/sub/mark2.png,https://15774129.go.kr/img/portal/sub/mark4.png,101개월전 업데이트,,,
사설,https://15774129.go.kr/BCUser/facilitypic/5000000041/1474513515066.jpg,(재)효원가족공원 자연장지,경기도 화성시 향남읍 서봉로755번길 17-15 (동오리),tel:031-354-2325,031-354-2325,https://15774129.go.kr/img/portal/sub/mark3.png,https://15774129.go.kr/img/portal/sub/mark4.png,112개월전 업데이트,https://15774129.go.kr/img/portal/sub/mark5.png,,
공설,https://15774129.go.kr/BCUser/facilitypic/1464662460765_7000000632_0.jpg,동해시하늘정원자연장지,강원도 동해시 강원남부로 4589 (단봉동),tel:033-530-2796,033-530-2796,https://15774129.go.kr/img/portal/sub/mark4.png,,116개월전 업데이트,,,
공설,https://15774129.go.kr/BCUser/facilitypic/5000000077/1709518814016.PNG,연평리공설묘지 자연장지,인천광역시 옹진군 연평면 연평리 661-5,tel:032-899-2333,032-899-2333,,,97개월전 업데이트,,,
사설,https://15774129.go.kr/BCUser/facilitypic/7000002287/1709191518209.PNG,영모묘원 자연장지,"전라북도 익산시 왕궁면 호반로 173-45 (동봉리, 영모묘원납골당)",tel:063-836-4311,063-836-4311,https://15774129.go.kr/img/portal/sub/mark1.png,https://15774129.go.kr/img/portal/sub/mark2.png,72개월전 업데이트,https://15774129.go.kr/img/portal/sub/mark3.png,https://15774129.go.kr/img/portal/sub/mark4.png,
공설,https://15774129.go.kr/BCUser/facilitypic/1464656037058_5000000014_0.jpg,화천공원묘원 자연장지,"강원특별자치도 화천군 하남면 영서로 5697-66 (원천리, 화천장례식장)",tel:033-440-2316,033-440-2316,,,115개월전 업데이트,,,
공설,https://15774129.go.kr/BCUser/facilitypic/7000000700/1466068367164.jpg,구례군 공설자연장지,"전라남도 구례군 마산면 당몰샘로 129-49 (사도리, 구례군자연장지관리사무소)",tel:061-782-7712,061-782-7712,https://15774129.go.kr/img/portal/sub/mark2.png,https://15774129.go.kr/img/portal/sub/mark4.png,115개월전 업데이트,,,
공설,https://15774129.go.kr/BCUser/facilitypic/5000000035/1466142905624.jpg,익산하늘공원자연장지,전라북도 익산시 무왕로 1471-63 (석왕동),tel:063-859-3840,063-859-3840,https://15774129.go.kr/img/portal/sub/mark4.png,,115개월전 업데이트,,,
사설,https://15774129.go.kr/BCUser/facilitypic/700002465/1709191978733.PNG,명성교회 자연장지,경기도 안성시 삼죽면 마전리 132-4,tel:02-486-1004,02-486-1004,,,26개월전 업데이트,,,
공설,https://15774129.go.kr/BCUser/facilitypic/5000000007/1564476044373.jpg,웅양공설공원묘지,경상남도 거창군 웅양면 죽림리 산108,tel:055-940-3892,055-940-3892,,,101개월전 업데이트,,,
사설,https://15774129.go.kr/BCUser/facilitypic/7000001694/1709191568365.PNG,장수암 자연장지,"경상남도 창원시 마산합포구 구산면 원전1길 141 (심리, 장수암)",tel:055-221-1510,055-221-1510,https://15774129.go.kr/img/portal/sub/mark1.png,https://15774129.go.kr/img/portal/sub/mark2.png,111개월전 업데이트,https://15774129.go.kr/img/portal/sub/mark3.png,https://15774129.go.kr/img/portal/sub/mark4.png,
공설,https://15774129.go.kr/BCUser/facilitypic/1464583022201_5000000006_0.jpg,광주영락공원 청마루동산,광주광역시 북구 영락공원로 170 (효령동),tel:062-572-4384,062-572-4384,https://15774129.go.kr/img/portal/sub/mark1.png,https://15774129.go.kr/img/portal/sub/mark2.png,116개월전 업데이트,https://15774129.go.kr/img/portal/sub/mark4.png,https://15774129.go.kr/img/portal/sub/mark5.png,
사설,https://15774129.go.kr/BCUser/facilitypic/7000002806/1725943139661.PNG,대한예수교장로회 함평교회,전라남도 함평군 함평읍 중앙길 110,tel:061-324-1324,061-324-1324,https://15774129.go.kr/img/portal/sub/mark4.png,,3개월전 업데이트,,,
공설,https://15774129.go.kr/BCUser/facilitypic/1464608664383_4000000066_0.jpg,청솔공원 자연장지,강원특별자치도 강릉시 사천면 석교리 산162,tel:033-660-3857,033-660-3857,https://15774129.go.kr/img/portal/sub/mark1.png,https://15774129.go.kr/img/portal/sub/mark2.png,110개월전 업데이트,https://15774129.go.kr/img/portal/sub/mark4.png,https://15774129.go.kr/img/portal/sub/mark5.png,
공설,https://15774129.go.kr/BCUser/facilitypic/1464593202800_7000000637_0.jpg,남부권공설묘지자연장지,충청남도 당진시 신평면 상오로 31 (상오리),tel:041-350-3736,041-350-3736,https://15774129.go.kr/img/portal/sub/mark1.png,,116개월전 업데이트,,,
사설,https://15774129.go.kr/BCUser/facilitypic/1464582229426_7000001355_0.jpg,대한불교조계종 남지장사,"대구광역시 달성군 가창면 남지장사길 95 (우록리, 남지장사)",tel:053-768-9920,053-768-9920,https://15774129.go.kr/img/portal/sub/mark2.png,https://15774129.go.kr/img/portal/sub/mark4.png,116개월전 업데이트,,,
사설,https://15774129.go.kr/BCUser/facilitypic/1464655729531_7000000885_0.jpg,충현공원 자연장지,경기도 광주시 용샘길 115-25 (목현동),tel:031-764-9617,031-764-9617,https://15774129.go.kr/img/portal/sub/mark1.png,https://15774129.go.kr/img/portal/sub/mark2.png,99개월전 업데이트,https://15774129.go.kr/img/portal/sub/mark3.png,https://15774129.go.kr/img/portal/sub/mark4.png,
공설,https://15774129.go.kr/BCUser/facilitypic/1464654730877_7000000629_0.jpg,내촌공설자연장지,경기도 포천시 내촌면 작은넙고개길 153 (진목리),tel:031-540-6410,031-540-6410,https://15774129.go.kr/img/portal/sub/mark4.png,,95개월전 업데이트,,,
사설,https://15774129.go.kr/BCUser/facilitypic/700002472/1709193467315.PNG,목포중앙교회 자연장지,전라남도 무안군 청계면 남성리 90,,,,,194개월전 업데이트,,,
사설,https://15774129.go.kr/BCUser/facilitypic/7000002881/1747025525910.png,반포교회 수목장림,강원특별자치도 횡성군 갑천면 상대리 산191,tel:02-599-1449,02-599-1449,,,194개월전 업데이트,,,
사설,https://15774129.go.kr/BCUser/facilitypic/7000002873/1742779553508.png,(재)우성공원묘원 자연장지,"경상북도 성주군 선남면 관용로 470-54 (용신리, 우성공원사무소)",tel:054-933-4774,054-933-4774,,,194개월전 업데이트,,,
사설,https://15774129.go.kr/BCUser/facilitypic/700002473/1709538956901.PNG,완도안디옥교회 자연장지,전라남도 완도군 군외면 당인리 429-1,tel:061-554-1004,061-554-1004,,,194개월전 업데이트,,,
공설,https://15774129.go.kr/BCUser/facilitypic/7000002867/1740558042793.PNG,신월공설자연장지,경기도 광주시 초월읍 신월길 36-18 (신월리),tel:031-767-0383,031-767-0383,https://15774129.go.kr/img/portal/sub/mark4.png,,194개월전 업데이트,,,
사설,https://15774129.go.kr/BCUser/facilitypic/700002475/1709616291977.PNG,기쁜소식한밭교회 자연장지,경상북도 김천시 대덕면 관기리 산62-4,,,,,194개월전 업데이트,,,
사설,https://15774129.go.kr/BCUser/facilitypic/7000002858/1739339910483.png,중흥교회복지선교회,경기도 광주시 곤지암읍 오향리 10-14,tel:031-764-4005,031-764-4005,https://15774129.go.kr/img/portal/sub/mark2.png,https://15774129.go.kr/img/portal/sub/mark3.png,194개월전 업데이트,https://15774129.go.kr/img/portal/sub/mark4.png,,
사설,https://15774129.go.kr/BCUser/facilitypic/7000002767/1710911291796.PNG,새소명교회동산,경상남도 통영시 도산면 도선리 산301-1,tel:055-241-0278,055-241-0278,,,194개월전 업데이트,,,
사설,https://15774129.go.kr/BCUser/facilitypic/7000002853/1736731010740.PNG,소망수양관 자연장지,경기도 광주시 곤지암읍 건업리 54-4,tel:02-512-9191,02-512-9191,https://15774129.go.kr/img/portal/sub/mark1.png,https://15774129.go.kr/img/portal/sub/mark4.png,194개월전 업데이트,,,
사설,https://15774129.go.kr/BCUser/facilitypic/7000002851/1736730968316.PNG,올리베따노성베네딕도수도회,경상남도 고성군 대가면 송계1길 163-43 (송계리),tel:055-674-1986,055-674-1986,,,194개월전 업데이트,,,
사설,https://15774129.go.kr/BCUser/facilitypic/7000002773/1710910922665.PNG,대한불교조계종세심사 상락향수목장림,경상북도 안동시 와룡면 선돌길 112-55 (가구리),tel:054-857-1900,054-857-1900,https://15774129.go.kr/img/portal/sub/mark2.png,https://15774129.go.kr/img/portal/sub/mark4.png,194개월전 업데이트,,,
사설,https://15774129.go.kr/BCUser/facilitypic/7000002850/1734012535693.PNG,휴안추모공원,"경상남도 김해시 상동면 상동로 178-54 (우계리, 불조사)",tel:055-724-4755,055-724-4755,https://15774129.go.kr/img/portal/sub/mark1.png,https://15774129.go.kr/img/portal/sub/mark2.png,194개월전 업데이트,https://15774129.go.kr/img/portal/sub/mark3.png,https://15774129.go.kr/img/portal/sub/mark4.png,https://15774129.go.kr/img/portal/sub/mark5.png
사설,https://15774129.go.kr/BCUser/facilitypic/7000002846/1732090426440.PNG,대한불교금오종,경기도 용인시 처인구 원삼면 이원로913번길 67-27 (문촌리),tel:031-323-6813,031-323-6813,,,194개월전 업데이트,,,
사설,https://15774129.go.kr/BCUser/facilitypic/7000002841/1732090391383.PNG,원주중부교회자연장지,강원특별자치도 횡성군 안흥면 소사리 511-5,tel:033-744-2760,033-744-2760,,,194개월전 업데이트,,,
사설,https://15774129.go.kr/BCUser/facilitypic/700002476/1710752417585.jpeg,저높은교회 자연장지,경상남도 거제시 삼거동 602,tel:055-637-3439,055-637-3439,,,194개월전 업데이트,,,
사설,https://15774129.go.kr/BCUser/facilitypic/7000002777/1710752254994.jpg,중흥교회 자연장(남서울가족공원),경기도 광주시 곤지암읍 가마을길 83-14 (오향리),tel:031-764-4680,031-764-4680,https://15774129.go.kr/img/portal/sub/mark2.png,https://15774129.go.kr/img/portal/sub/mark3.png,194개월전 업데이트,https://15774129.go.kr/img/portal/sub/mark4.png,,
사설,https://15774129.go.kr/BCUser/facilitypic/7000002803/1722476391951.jfif,함평중앙교회 부활동산,전라남도 함평군 함평읍 옥산리 242-9,tel:061-324-2369,061-324-2369,,,194개월전 업데이트,,,
사설,https://15774129.go.kr/BCUser/facilitypic/7000002813/1727686168687.png,실상산문종실상선원자연장,전라남도 함평군 대동면 운교리 산 79-10,tel:02-222-5555,02-222-5555,,,194개월전 업데이트,,,
사설,https://15774129.go.kr/BCUser/facilitypic/700002471/1709539370242.PNG,수원제일교회 자연장지,충청북도 음성군 음성읍 초천리 산129-1,tel:031-244-1004,031-244-1004,,,194개월전 업데이트,,,
사설,https://15774129.go.kr/BCUser/facilitypic/700002470/1709537344359.PNG,성요셉공원 자연장지,"충청북도 청주시 상당구 가덕면 병암길 35-52 (시동리, 성당)",tel:043-298-5880,043-298-5880,,,194개월전 업데이트,,,
공설,https://15774129.go.kr/BCUser/facilitypic/7000002983/1764135112710.png,고사자연장지,경상남도 남해군 설천면 진목리 산78-2,,,,,194개월전 업데이트,,,
공설,https://15774129.go.kr/BCUser/facilitypic/7000002984/1764135008188.png,이동무림삼자자연장지,경상남도 남해군 이동면 무림리 산206,,,,,194개월전 업데이트,,,
사설,https://15774129.go.kr/BCUser/facilitypic/7000002985/1764286088562.png,지구촌교회 자연장지,전라남도 무안군 몽탄면 달산리 산257-18,,,,,194개월전 업데이트,,,
사설,https://15774129.go.kr/BCUser/facilitypic/7000002986/1764287451285.png,일승종개원사 수목장림,경상북도 영천시 신녕면 장수로 2238-28 (화남리),,,,,194개월전 업데이트,,,
공설,https://15774129.go.kr/BCUser/facilitypic/7000002963/1764045802830.png,용미리 제1묘지 자연장지,경기도 파주시 광탄면 용미리 산107,tel:031-943-1930,031-943-1930,,,194개월전 업데이트,,,
사설,https://15774129.go.kr/BCUser/facilitypic/7000002987/1764287511897.png,일승종개원사 자연장지,경상북도 영천시 신녕면 장수로 2238-28 (화남리),tel:000-000-0000,000-000-0000,,,194개월전 업데이트,,,
사설,https://15774129.go.kr/BCUser/facilitypic/7000002988/1764288201956.png,천불사 수목장,경상남도 밀양시 삼랑진읍 행곡3길 68-72 (행곡리),,,,,194개월전 업데이트,,,
사설,https://15774129.go.kr/BCUser/facilitypic/7000002992/1764554046770.png,일심정사 수목장림,강원특별자치도 춘천시 남산면 김유정로 427-28 (광판리),,,,,194개월전 업데이트,,,
공설,https://15774129.go.kr/BCUser/facilitypic/700002372/1709514910842.PNG,횡성군공설자연장지,강원특별자치도 횡성군 갑천면 태기로구방8길 132 (구방리),tel:033-340-2904,033-340-2904,,,194개월전 업데이트,,,
사설,https://15774129.go.kr/BCUser/facilitypic/700002444/1709193547170.PNG,홍연암 자연장지,전라북도 고창군 고수면 신기길 34 (은사리),tel:063-563-3787,063-563-3787,,,194개월전 업데이트,,,
공설,https://15774129.go.kr/BCUser/facilitypic/700002448/1707367698143.PNG,장흥공설자연장지,"전라남도 장흥군 장흥읍 금산신기길 131 (금산리, 공원묘지관리실)",tel:061-860-5864,061-860-5864,https://15774129.go.kr/img/portal/sub/mark4.png,,194개월전 업데이트,,,
사설,https://15774129.go.kr/BCUser/facilitypic/1752646731957.png,성공사 수목장림,충청남도 공주시 우성면 방문리 1022-2,tel:041-853-3355,041-853-3355,,,194개월전 업데이트,,,
사설,https://15774129.go.kr/BCUser/facilitypic/1752727154207.png,순창성당자연장지,"전라북도 순창군 순창읍 순창로 247 (남계리, 순창천주교회)",tel:063-652-1004,063-652-1004,,,194개월전 업데이트,,,
사설,https://15774129.go.kr/BCUser/facilitypic/1752725931600.png,재단법인북한강공원 자연장지,"경기도 남양주시 화도읍 모꼬지로17번길 202 (구암리, 북한강공원)",tel:031-592-0081,031-592-0081,https://15774129.go.kr/img/portal/sub/mark4.png,,194개월전 업데이트,,,
사설,https://15774129.go.kr/BCUser/facilitypic/1752728476431.png,기독교대한감리회전곡교회,경기도 연천군 전곡읍 양연로 1591-15전곡감리교회 (전곡리),tel:031-832-3586,031-832-3586,,,194개월전 업데이트,,,
사설,https://15774129.go.kr/BCUser/facilitypic/1752727906311.png,수향사 추모공원,"전라남도 완도군 고금면 고금로 667-105 (덕암리, 수향사)",tel:--,--,,,194개월전 업데이트,,,
공설,https://15774129.go.kr/BCUser/facilitypic/700002454/1709194011666.PNG,용강별숲공원(구 동부공설묘지),제주특별자치도 제주시 용강6길 366-1 (용강동),tel:064-728-2562,064-728-2562,,,194개월전 업데이트,,,
사설,https://15774129.go.kr/BCUser/facilitypic/1752726413317.png,원산교회 자연장지,전라남도 순천시 별량면 죽산리 158,tel:061-742-5568,061-742-5568,,,194개월전 업데이트,,,
사설,https://15774129.go.kr/BCUser/facilitypic/1752730145072.png,금광추모동산,경기도 이천시 설성면 상봉리 3-5,tel:031-731-1004,031-731-1004,,,194개월전 업데이트,,,
공설,https://15774129.go.kr/BCUser/facilitypic/1707118574843.png,결초보은 추모공원(자연장지),충청북도 보은군 보은읍 속리산로 37 (누청리),tel:043-542-1232,043-542-1232,https://15774129.go.kr/img/portal/sub/mark2.png,https://15774129.go.kr/img/portal/sub/mark4.png,194개월전 업데이트,,,
사설,https://15774129.go.kr/BCUser/facilitypic/1752726899177.png,남원동북교회 자연장지,전북특별자치도 남원시 용정동 447-12,tel:063-626-9191,063-626-9191,,,194개월전 업데이트,,,
사설,https://15774129.go.kr/BCUser/facilitypic/1752727287052.png,경인침례교회 자연장지,충청남도 서산시 지곡면 산성리 1-2,tel:032-571-0028,032-571-0028,,,194개월전 업데이트,,,
사설,https://15774129.go.kr/BCUser/facilitypic/1749536380640.png,팔봉사 더유일추모공원,강원특별자치도 홍천군 홍천읍 큰골길 295-14 (갈마곡리),tel:033-435-8804,033-435-8804,,,194개월전 업데이트,,,
사설,https://15774129.go.kr/BCUser/facilitypic/700002462/1709515415152.PNG,신세계공원(자연장),경기도 양주시 장흥면 권율로29번길 170 (일영리),tel:031-855-1241,031-855-1241,,,194개월전 업데이트,,,
사설,https://15774129.go.kr/BCUser/facilitypic/700002464/1709194994194.PNG,천주교인보성체수도회,"경기도 용인시 처인구 포곡읍 백옥대로1832번길 68 (삼계리, 수녀원)",tel:031-339-9025,031-339-9025,,,194개월전 업데이트,,,
사설,https://15774129.go.kr/BCUser/facilitypic/7000002885/1747024612698.png,사랑의빛교회 천제모동산,전라남도 함평군 손불면 석창리 637-16,tel:062-371-9206,062-371-9206,,,194개월전 업데이트,,,
사설,https://15774129.go.kr/BCUser/facilitypic/700002467/1709192163626.PNG,(사)씨앤에이미션 자연장지,경기도 양평군 양동면 다락근이길 57-18 (단석리),tel:031-775-6945,031-775-6945,,,194개월전 업데이트,,,
사설,https://15774129.go.kr/BCUser/facilitypic/700002468/1709193378161.PNG,도심리교회 하늘로공원,강원특별자치도 홍천군 화촌면 도심리길 196 (구성포리),tel:033-433-3321,033-433-3321,,,194개월전 업데이트,,,
사설,https://15774129.go.kr/BCUser/facilitypic/700002469/1709537264816.PNG,성도장로교회 자연장지,강원특별자치도 철원군 서면 자등리 산172-1,tel:033-458-1907,033-458-1907,,,194개월전 업데이트,,,
사설,https://15774129.go.kr/BCUser/facilitypic/7000002766/1709539562682.PNG,재단법인 아너스홈,충청남도 계룡시 두마면 제1산단로 132 (입암리),tel:042-585-0536,042-585-0536,,,194개월전 업데이트,,,
사설,https://15774129.go.kr/BCUser/facilitypic/7000002765/1710752033975.jpg,대구남덕교회부활동산,경상북도 고령군 성산면 사부리 산131,tel:054-950-6213,054-950-6213,https://15774129.go.kr/img/portal/sub/mark4.png,,194개월전 업데이트,,,
사설,https://15774129.go.kr/BCUser/facilitypic/7000002764/1709193326263.PNG,옥천성당요셉공원,충청북도 옥천군 옥천읍 중앙로 91 (삼양리),tel:043-731-9981,043-731-9981,https://15774129.go.kr/img/portal/sub/mark1.png,https://15774129.go.kr/img/portal/sub/mark2.png,194개월전 업데이트,https://15774129.go.kr/img/portal/sub/mark3.png,https://15774129.go.kr/img/portal/sub/mark4.png,https://15774129.go.kr/img/portal/sub/mark5.png
사설,https://15774129.go.kr/BCUser/facilitypic/7000001840/1709620700533.PNG,(재)영락교회공원묘원 자연장지,경기도 남양주시 진건읍 사릉로264번길 140-16 (사능리),tel:031-573-8123,031-573-8123,,,194개월전 업데이트,,,
사설,https://15774129.go.kr/BCUser/facilitypic/7000001527/1709513549527.PNG,진주대광교회 자연장지,경상남도 진주시 대곡면 와룡리 50-1,tel:055-761-6866,055-761-6866,,,194개월전 업데이트,,,
공설,https://15774129.go.kr/BCUser/facilitypic/5000000095/1709539616680.PNG,강화해누리공원,인천광역시 강화군 내가면 황청리 산170-1 일원,tel:032-930-7144,032-930-7144,,,194개월전 업데이트,,,
공설,https://15774129.go.kr/BCUser/facilitypic/5000000093/1709195370662.PNG,진천군 자연장지,충청북도 진천군 진천읍 장관리 758-3번지 일원,tel:043-539-3396,043-539-3396,,,194개월전 업데이트,,,
사설,https://15774129.go.kr/BCUser/facilitypic/5000000091/1709195222378.PNG,합동다산교회 자연장지,경상북도 고령군 성산면 기족리 산 14-4,,,,,194개월전 업데이트,,,
공설,https://15774129.go.kr/BCUser/facilitypic/5000000089/1709515270370.PNG,남도광역추모공원(자연장),전라남도 해남군 황산면 호교길 241-250 (일신리),tel:061-530-5141,061-530-5141,,,194개월전 업데이트,,,
공설,https://15774129.go.kr/BCUser/facilitypic/5000000088/1709614020169.PNG,가평추모공원(자연장지),"경기도 가평군 가평읍 석봉로191번길 65-84 (읍내리, 가평추모공원)",tel:031-580-2583,031-580-2583,,,194개월전 업데이트,,,
공설,https://15774129.go.kr/BCUser/facilitypic/5000000086/1709540008369.PNG,성산읍공설자연장지,제주특별자치도 서귀포시 성산읍 수산리 4711,tel:064-760-4234,064-760-4234,,,194개월전 업데이트,,,
사설,https://15774129.go.kr/BCUser/facilitypic/1749537823135.jpg,목련공원묘원 자연장지,"강원특별자치도 철원군 서면 싸리골길 133 (자등리, 목련공원)",tel:033-458-4444,033-458-4444,,,194개월전 업데이트,,,
사설,https://15774129.go.kr/BCUser/facilitypic/5000000083/1709513836765.PNG,(재)남양공원묘원 자연장지,경상북도 성주군 선남면 관용로 401-41 (오도리),tel:054-932-4444,054-932-4444,,,194개월전 업데이트,,,
사설,https://15774129.go.kr/BCUser/facilitypic/1752729698851.png,(재)영호추모공원 매화동산,충청남도 부여군 세도면 해촌로63번길 43-9 (수고리),tel:041-832-7004,041-832-7004,,,194개월전 업데이트,,,
사설,https://15774129.go.kr/BCUser/facilitypic/5000000066/1536985876640.jpg,제주영락동산,제주특별자치도 제주시 구좌읍 덕천리 427-1,tel:064-753-1231,064-753-1231,,,194개월전 업데이트,,,
사설,https://15774129.go.kr/BCUser/facilitypic/5000000065/1709605158811.PNG,여여정사 수목장,경상남도 밀양시 삼랑진읍 행곡1길 180-158 (행곡리),tel:055-355-9247,055-355-9247,,,194개월전 업데이트,,,
사설,https://15774129.go.kr/BCUser/facilitypic/5000000063/1710899895428.PNG,진주제일교회 수목장,경상남도 진주시 일반성면 운천리 산96,tel:055-757-3535,055-757-3535,,,194개월전 업데이트,,,
사설,https://15774129.go.kr/BCUser/facilitypic/5000000060/1709540272474.PNG,개원추모공원 수목장림,경상북도 영천시 신녕면 장수로 2238-9 (화남리),tel:054-336-0992,054-336-0992,,,194개월전 업데이트,,,
사설,https://15774129.go.kr/BCUser/facilitypic/5000000059/1564474385104.jpg,원진사지장회수목장,경상북도 포항시 남구 동해면 금광로438번길 108 (신정리),tel:054-274-9443,054-274-9443,,,194개월전 업데이트,,,
사설,https://15774129.go.kr/BCUser/facilitypic/5000000057/1710907066960.PNG,선불교자연장지,충청북도 영동군 심천면 마곡리 185-3,tel:043-745-7820,043-745-7820,,,194개월전 업데이트,,,
사설,https://15774129.go.kr/BCUser/facilitypic/5000000056/1709537441608.PNG,정음사원추모관,충청북도 청주시 서원구 3순환로644번길 33 (죽림동),tel:043-233-0924,043-233-0924,,,194개월전 업데이트,,,
사설,https://15774129.go.kr/BCUser/facilitypic/5000000055/1709620622326.PNG,원주제일교회 자연장지,강원특별자치도 영월군 주천면 신일리 산253,tel:033-742-2170,033-742-2170,,,194개월전 업데이트,,,
사설,https://15774129.go.kr/BCUser/facilitypic/5000000053/1564474560445.jpg,사모보궁자연장,강원특별자치도 홍천군 두촌면 한계길 23-11 (철정리),tel:033-436-1414,033-436-1414,,,194개월전 업데이트,,,
사설,https://15774129.go.kr/BCUser/facilitypic/5000000052/1564474740862.jpg,오봉사 수목장림,경기도 연천군 연천읍 현문로245번길 384 (고문리),tel:031-834-2140,031-834-2140,,,194개월전 업데이트,,,
사설,https://15774129.go.kr/BCUser/facilitypic/5000000051/1709513623361.PNG,대원정사 자연장지,경기도 양주시 장흥면 권율로309번길 317-214 (석현리),tel:031-855-5501,031-855-5501,,,194개월전 업데이트,,,
사설,https://15774129.go.kr/BCUser/facilitypic/5000000049/1709602249041.PNG,선연사 자연장지,"경기도 양평군 양평읍 농업기술센터길 19-18 (공흥리, 선연사)",tel:031-774-6656,031-774-6656,,,194개월전 업데이트,,,
사설,https://15774129.go.kr/BCUser/facilitypic/5000000048/1709614966285.PNG,하이패밀리 자연장지,경기도 양평군 서종면 도장리 산32,tel:031-772-3223,031-772-3223,,,194개월전 업데이트,,,
사설,https://15774129.go.kr/BCUser/facilitypic/5000000047/1536986630410.jpg,갈월사 자연장지,"경기도 양평군 양평읍 충신로324번길 64 (창대리, 갈월사)",tel:031-774-7374,031-774-7374,,,194개월전 업데이트,,,
사설,https://15774129.go.kr/BCUser/facilitypic/5000000044/1709602521062.PNG,김포문수산수목장,경기도 김포시 월곶면 문수산로 8 (포내리),tel:031-985-5155,031-985-5155,,,194개월전 업데이트,,,
사설,https://15774129.go.kr/BCUser/facilitypic/5000000043/1709604108282.PNG,살렘전원그리스도의교회자연장지,경기도 김포시 월곶면 김포대학로 130 (포내리),tel:031-982-6953,031-982-6953,,,194개월전 업데이트,,,
사설,https://15774129.go.kr/BCUser/facilitypic/5000000040/1709605077425.PNG,동화추모공원,경기도 용인시 처인구 백암면 한택로71번길 19 (옥산리),tel:031-337-3324,031-337-3324,,,194개월전 업데이트,,,
사설,https://15774129.go.kr/BCUser/facilitypic/5000000021/1710901061244.PNG,성모자애공원,강원특별자치도 강릉시 주문진읍 주문리 산44-15,tel:033-662-9115,033-662-9115,,,194개월전 업데이트,,,
사설,https://15774129.go.kr/BCUser/facilitypic/1577639615104_3000000249_0.jpg,용주사 자연장지,경상북도 경주시 서면 하늘마루길 328 (도리),tel:054-753-5678,054-753-5678,https://15774129.go.kr/img/portal/sub/mark2.png,https://15774129.go.kr/img/portal/sub/mark4.png,194개월전 업데이트,,,
사설,https://15774129.go.kr/BCUser/facilitypic/7000002045/1709600306902.PNG,무궁화공원묘원(자연장지),경기도 양평군 서종면 잠실2길 120 (도장리),tel:031-771-1400,031-771-1400,,,194개월전 업데이트,,,
사설,https://15774129.go.kr/BCUser/facilitypic/7000002101/1709540175264.PNG,시냇가푸른나무교회수목장림,"경기도 양평군 단월면 석산로 513-56(향소리, 숲속작은나라)",tel:02-877-0051,02-877-0051,,,194개월전 업데이트,,,
사설,https://15774129.go.kr/BCUser/facilitypic/7000002205/1709539877848.PNG,목포남부교회 남부소망동산,전라남도 영암군 학산면 신덕리 3-6,tel:061-244-4043,061-244-4043,,,194개월전 업데이트,,,
사설,https://15774129.go.kr/BCUser/facilitypic/7000002763/1709617230154.PNG,대성교회 자연장지,경상북도 청도군 화양읍 고평리 산19-3,tel:054-371-2836,054-371-2836,https://15774129.go.kr/img/portal/sub/mark4.png,,194개월전 업데이트,,,
사설,https://15774129.go.kr/BCUser/facilitypic/7000002736/1709513209070.PNG,영은교회 자연장지(수목장림),경기도 가평군 설악면 설곡리 산 224-8,tel:02-2676-7171,02-2676-7171,,,194개월전 업데이트,,,
사설,https://15774129.go.kr/BCUser/facilitypic/7000002734/1710752162338.jpg,영은교회 자연장지(수목장),경기도 가평군 설악면 설곡리 산 224-8,tel:02-2676-7171,02-2676-7171,,,194개월전 업데이트,,,
사설,https://15774129.go.kr/BCUser/facilitypic/7000002702/1709194098942.PNG,대한불교조계종 대원사,전라남도 보성군 문덕면 죽산길 506-8 (죽산리),tel:061-852-1755,061-852-1755,https://15774129.go.kr/img/portal/sub/mark4.png,,194개월전 업데이트,,,
사설,https://15774129.go.kr/BCUser/facilitypic/1749793795149.jpg,(재)성모성심수도회 자연장지,충청남도 공주시 신풍면 봉갑리 356-15,tel:041-841-1135,041-841-1135,,,194개월전 업데이트,,,
공설,https://15774129.go.kr/BCUser/facilitypic/7000002675/1709615460648.PNG,대호지공설묘지(자연장),"충청남도 당진시 대호지면 봉선길 123 (장정리, 어성정공동묘지)",tel:041-350-3044,041-350-3044,,,194개월전 업데이트,,,
공설,https://15774129.go.kr/BCUser/facilitypic/7000002673/1709539515292.PNG,대구시립공원묘지(자연장),경상북도 칠곡군 지천면 낙산로 87 (낙산리),tel:053-803-6262,053-803-6262,,,194개월전 업데이트,,,
공설,https://15774129.go.kr/BCUser/facilitypic/7000002672/1709192055132.PNG,망월묘지공원(자연장),"광주광역시 북구 민주로 285 (운정동, 망월동묘지공원관리사무소)",tel:062-572-1701,062-572-1701,,,194개월전 업데이트,,,
공설,https://15774129.go.kr/BCUser/facilitypic/7000002671/1709616202830.PNG,아산시공설자연장지,충청남도 아산시 송악면 외암로 30-30 (거산리),tel:041-538-1940,041-538-1940,,,194개월전 업데이트,,,
사설,https://15774129.go.kr/BCUser/facilitypic/1752726127772.png,사랑하는 우리교회 자연장지,전라북도 진안군 정천면 월평리 219-3,tel:063-275-7767,063-275-7767,,,194개월전 업데이트,,,
사설,https://15774129.go.kr/BCUser/facilitypic/7000002653/1764287626916.png,죽림사 자연장지,"경상북도 영천시 금호읍 죽방길 279-57 (봉죽리, 죽림사)",tel:054-334-1261,054-334-1261,,,194개월전 업데이트,,,
공설,https://15774129.go.kr/BCUser/facilitypic/1666870271267.jpg,국립기억의숲,충청남도 보령시 성주면 개화리 산41,tel:041-402-7100,041-402-7100,,,194개월전 업데이트,,,
사설,https://15774129.go.kr/BCUser/facilitypic/7000002631/1709192288099.PNG,성아우구스띠노수도회 자연장지,경기도 연천군 왕징면 왕산로 722 (동중리),tel:031-834-1262,031-834-1262,,,194개월전 업데이트,,,
사설,https://15774129.go.kr/BCUser/facilitypic/1671939523653.jpg,세종수목장,세종특별자치시 전의면 부거실길 135-11 (달전리),tel:044-864-4746,044-864-4746,https://15774129.go.kr/img/portal/sub/mark2.png,https://15774129.go.kr/img/portal/sub/mark4.png,194개월전 업데이트,,,
사설,https://15774129.go.kr/BCUser/facilitypic/7000002613/1709194189022.PNG,무일선원 수목장림,"경상북도 경주시 감포읍 회곡길 127 (대본리, 관음사)",tel:054-753-8228,054-753-8228,,,194개월전 업데이트,,,
사설,https://15774129.go.kr/BCUser/facilitypic/7000002590/1710752355418.jpg,화성나래원 수목장,경기도 화성시 팔탄면 온천로 280-6 (덕천리),tel:031-352-7214,031-352-7214,https://15774129.go.kr/img/portal/sub/mark4.png,,194개월전 업데이트,,,
공설,https://15774129.go.kr/BCUser/facilitypic/7000002224/1709513927356.PNG,옥천군공설자연장지,충청북도 옥천군 군서면 월전리 산19-1,tel:043-730-3323,043-730-3323,,,194개월전 업데이트,,,
사설,https://15774129.go.kr/BCUser/facilitypic/1613180946040.jpeg,청솔수목장,경기도 김포시 월곶면 애기봉로409번길 82-11 (개곡리),tel:031-1899-4266,031-1899-4266,https://15774129.go.kr/img/portal/sub/mark2.png,https://15774129.go.kr/img/portal/sub/mark4.png,194개월전 업데이트,,,
사설,https://15774129.go.kr/BCUser/facilitypic/7000002314/1709514156511.PNG,(주)광림공원 동산공원묘원(자연장),"강원특별자치도 춘천시 동산면 종자리로 331-50 (군자리, 춘천시공설묘원)",tel:033-263-9446,033-263-9446,,,194개월전 업데이트,,,
사설,https://15774129.go.kr/BCUser/facilitypic/7000002321/1710911638381.PNG,다래원자연장지,충청북도 음성군 생극면 오신로445번길 77 (신양리),tel:043-883-4449,043-883-4449,,,194개월전 업데이트,,,
사설,https://15774129.go.kr/BCUser/facilitypic/7000002323/1709603733433.PNG,재단법인 효심추모관 자연장지,경상남도 밀양시 삼랑진읍 삼랑진로 605 (미전리),tel:055-802-7091,055-802-7091,https://15774129.go.kr/img/portal/sub/mark2.png,https://15774129.go.kr/img/portal/sub/mark3.png,194개월전 업데이트,https://15774129.go.kr/img/portal/sub/mark4.png,https://15774129.go.kr/img/portal/sub/mark5.png,
사설,https://15774129.go.kr/BCUser/facilitypic/7000002364/1709192234281.PNG,샘물호스피스 자연장지,경기도 용인시 처인구 백암면 고안로51번길 112-25 (고안리),tel:031-329-2993,031-329-2993,,,194개월전 업데이트,,,
사설,https://15774129.go.kr/BCUser/facilitypic/7000002369/1710909951442.PNG,동서울교회 자연장지,충청북도 충주시 소태면 구룡고개길 152 (주치리),tel:02-463-8885,02-463-8885,,,194개월전 업데이트,,,
공설,https://15774129.go.kr/BCUser/facilitypic/7000002425/1709603606283.PNG,보령시모란공원 자연장,"충청남도 보령시 성주면 만수로 695-14 (개화리, 모란공원사무실)",tel:041-933-5671,041-933-5671,https://15774129.go.kr/img/portal/sub/mark1.png,https://15774129.go.kr/img/portal/sub/mark3.png,194개월전 업데이트,https://15774129.go.kr/img/portal/sub/mark4.png,https://15774129.go.kr/img/portal/sub/mark5.png,
사설,https://15774129.go.kr/BCUser/facilitypic/7000002459/1710909180083.PNG,압해중앙동산,전라남도 신안군 압해읍 신용리 산34,tel:061-271-9201,061-271-9201,,,194개월전 업데이트,,,
사설,https://15774129.go.kr/BCUser/facilitypic/1752729410104.png,향천사 수목장,"충청남도 예산군 예산읍 향천사로 117-20 (향천리, 금오산향천사)",tel:041-335-3556,041-335-3556,,,194개월전 업데이트,,,
사설,https://15774129.go.kr/BCUser/facilitypic/7000002526/1709528390344.PNG,(재)아름다운 청계공원 자연장지,전라남도 곡성군 곡성읍 청계동로 457 (신기리),tel:061-362-1199,061-362-1199,,,194개월전 업데이트,,,
사설,https://15774129.go.kr/BCUser/facilitypic/7000002541/1621585424017.jpg,기독교대한감리회 애향숙,경상북도 김천시 어모면 용문산길 588-20 (능치리),tel:054-435-5810,054-435-5810,,,194개월전 업데이트,,,
사설,https://15774129.go.kr/BCUser/facilitypic/7000002553/1707195345200.PNG,천주교 김천공원묘원,경상북도 김천시 개령면 황계길 280-41 (황계리),tel:054-433-3880,054-433-3880,,,194개월전 업데이트,,,
사설,https://15774129.go.kr/BCUser/facilitypic/7000002558/1709601139183.PNG,천주교 서천 자연장지,충청남도 서천군 문산면 수암리 산77,tel:041-952-4460,041-952-4460,,,194개월전 업데이트,,,
사설,https://15774129.go.kr/img/no_image.png,푸른바다장,"인천광역시 중구 연안부두로 57, 2층 (항동7가)",tel:032-1588-8677,032-1588-8677,,,3개월전 업데이트,,,
사설,https://15774129.go.kr/img/no_image.png,보배숲추모공원(군립),"전라남도 진도군 진도읍 진도대로 7363-110 (동외리, 관리사무소)",tel:061-544-6101,061-544-6101,,,194개월전 업데이트,,,
사설,https://15774129.go.kr/img/no_image.png,용천바다,인천광역시 중구 축항대로166번길 18 남하유어선부두 (항동7가),tel:010-9780-0882,010-9780-0882,,,194개월전 업데이트,,,
사설,https://15774129.go.kr/img/no_image.png,베다니수목장,전라남도 순천시 서면 압곡리 156-2,tel:061-744-7915,061-744-7915,,,194개월전 업데이트,,,
사설,https://15774129.go.kr/img/no_image.png,(사)바울선교회 자연장지,전북특별자치도 김제시 만경읍 화포리 543-1,tel:063-254-8418,063-254-8418,,,194개월전 업데이트,,,
사설,https://15774129.go.kr/img/no_image.png,평안교회 자연장지,충청북도 청주시 서원구 남이면 구암리 산15-14,,,,,194개월전 업데이트,,,
사설,https://15774129.go.kr/img/no_image.png,하늘바다해양장,경상북도 포항시 북구 중흥로309번길 35 (죽도동),tel:054-275-8272,054-275-8272,,,194개월전 업데이트,,,
사설,https://15774129.go.kr/img/no_image.png,영월중앙감리교회 자연장지,강원특별자치도 영월군 영월읍 하송로 112 (하송리),tel:033-374-4891,033-374-4891,,,194개월전 업데이트,,,
사설,https://15774129.go.kr/BCUser/facilitypic/7000002526/1709528390344.PNG,(재)아름다운 청계공원 자연장지,전라남도 곡성군 곡성읍 청계동로 457 (신기리),tel:061-362-1199,061-362-1199,,,194개월전 업데이트,,,
사설,https://15774129.go.kr/img/no_image.png,사단법인 한국불교태고종금강사,경기도 김포시 하성면 평화공원로70번길 104-25 (가금리),tel:031-984-6544,031-984-6544,,,194개월전 업데이트,,,
사설,https://15774129.go.kr/img/no_image.png,남흥교회 자연장지,경상북도 칠곡군 가산면 송학리 산15-5,tel:053-474-6711,053-474-6711,,,194개월전 업데이트,,,
사설,https://15774129.go.kr/img/no_image.png,분당소망교회 자연장지,충청남도 보령시 오천면 교성리 339-12,tel:031-709-1004,031-709-1004,,,194개월전 업데이트,,,
사설,https://15774129.go.kr/img/no_image.png,원각사 자연장지,충청북도 진천군 백곡면 양백리 산72-5,,,,,194개월전 업데이트,,,
사설,https://15774129.go.kr/img/no_image.png,삼사교회 자연장지,경상북도 영덕군 강구면 삼사리 457,tel:054-733-4588,054-733-4588,,,194개월전 업데이트,,,
사설,https://15774129.go.kr/img/no_image.png,(재)신세계공원묘원(자연장지),대구광역시 군위군 효령면 녹동길 129-190 (장군리),tel:054-382-5250,054-382-5250,,,194개월전 업데이트,,,
사설,https://15774129.go.kr/img/no_image.png,대한예수교장로회 금호교회 자연장지,경기도 연천군 왕징면 북삼리 263,tel:02-2234-5400,02-2234-5400,,,194개월전 업데이트,,,
공설,https://15774129.go.kr/img/no_image.png,함양공설자연장지,경상남도 함양군 함양읍 구룡리 749번지,tel:055-960-4924,055-960-4924,,,194개월전 업데이트,,,
사설,https://15774129.go.kr/img/no_image.png,석화사 자연장지,충청북도 청주시 상당구 미원면 내산1길 91-37 (내산리),,,,,194개월전 업데이트,,,
