fac_type,fac_thumb src,fac_tit,fac_addr,fac_tel href,fac_tel,convenient src,convenient src (2),convenient src (3),fac_update,btn_package_none,convenient src (4),convenient src (5),btn_package
사설,https://15774129.go.kr/BCUser/facilitypic/1465952303316_1000000750_0.JPG,진도군산림조합직영추모관장례식장,전라남도 진도군 진도읍 진도대로 7143-10 (쌍정리),tel:061-543-4040,061-543-4040,https://15774129.go.kr/img/portal/sub/mark1.png,https://15774129.go.kr/img/portal/sub/mark4.png,https://15774129.go.kr/img/portal/sub/mark5.png,8개월전 업데이트,장례예식 패키지 상품 없음,,,
사설,https://15774129.go.kr/BCUser/facilitypic/1409815921657_1000000405_0.jpg,성가롤로병원장례식장,"전라남도 순천시 순광로 221 (조례동, 성가롤로병원)",tel:061-900-4444,061-900-4444,https://15774129.go.kr/img/portal/sub/mark1.png,https://15774129.go.kr/img/portal/sub/mark2.png,https://15774129.go.kr/img/portal/sub/mark3.png,10개월전 업데이트,장례예식 패키지 상품 없음,https://15774129.go.kr/img/portal/sub/mark4.png,https://15774129.go.kr/img/portal/sub/mark5.png,
사설,https://15774129.go.kr/BCUser/facilitypic/7000000194/1555305753676.jpg,우주장례식장,전라남도 고흥군 고흥읍 봉동주공길 56-16 (호형리),tel:061-832-4000,061-832-4000,https://15774129.go.kr/img/portal/sub/mark1.png,https://15774129.go.kr/img/portal/sub/mark2.png,https://15774129.go.kr/img/portal/sub/mark4.png,96개월전 업데이트,장례예식 패키지 상품 없음,https://15774129.go.kr/img/portal/sub/mark5.png,,
사설,https://15774129.go.kr/BCUser/facilitypic/1568083916328_1000000671_0.jpg,장흥우리병원중앙장례식장,전라남도 장흥군 장흥읍 남부관광로 6 (건산리),tel:061-863-4444,061-863-4444,https://15774129.go.kr/img/portal/sub/mark1.png,https://15774129.go.kr/img/portal/sub/mark2.png,https://15774129.go.kr/img/portal/sub/mark3.png,1개월전 업데이트,장례예식 패키지 상품 없음,https://15774129.go.kr/img/portal/sub/mark4.png,https://15774129.go.kr/img/portal/sub/mark5.png,
사설,https://15774129.go.kr/BCUser/facilitypic/7000001548/1562914093205.jpg,목포장례문화원,전라남도 목포시 고하대로 1140-41 (대양동),tel:061-242-4400,061-242-4400,https://15774129.go.kr/img/portal/sub/mark1.png,https://15774129.go.kr/img/portal/sub/mark2.png,https://15774129.go.kr/img/portal/sub/mark3.png,20개월전 업데이트,장례예식 패키지 상품 없음,https://15774129.go.kr/img/portal/sub/mark4.png,https://15774129.go.kr/img/portal/sub/mark5.png,
사설,https://15774129.go.kr/BCUser/facilitypic/7000001224/1554880611641.png,관산정남진장례식장,전라남도 장흥군 관산읍 관산로 133 (남송리),tel:061-867-4400,061-867-4400,https://15774129.go.kr/img/portal/sub/mark2.png,https://15774129.go.kr/img/portal/sub/mark3.png,https://15774129.go.kr/img/portal/sub/mark4.png,39개월전 업데이트,장례예식 패키지 상품 없음,https://15774129.go.kr/img/portal/sub/mark5.png,,
공설,https://15774129.go.kr/BCUser/facilitypic/7000001239/1562898370406.jpg,강진의료원장례식장,"전라남도 강진군 강진읍 탐진로 5 (서성리, 강진의료원)",tel:061-430-1004,061-430-1004,https://15774129.go.kr/img/portal/sub/mark1.png,https://15774129.go.kr/img/portal/sub/mark2.png,https://15774129.go.kr/img/portal/sub/mark4.png,30개월전 업데이트,장례예식 패키지 상품 없음,https://15774129.go.kr/img/portal/sub/mark5.png,,
사설,https://15774129.go.kr/BCUser/facilitypic/7000000830/1563425200939.jpg,서해안장례식장,전라남도 목포시 고하대로 797 (연산동),tel:061-246-4444,061-246-4444,https://15774129.go.kr/img/portal/sub/mark1.png,https://15774129.go.kr/img/portal/sub/mark2.png,https://15774129.go.kr/img/portal/sub/mark3.png,2개월전 업데이트,,https://15774129.go.kr/img/portal/sub/mark4.png,https://15774129.go.kr/img/portal/sub/mark5.png,장례예식 패키지 상품 정보
공설,https://15774129.go.kr/BCUser/facilitypic/1000000467/1554273057776.jpg,순천의료원장례식장,"전라남도 순천시 서문성터길 2 (매곡동, 순천의료원)",tel:061-759-9090,061-759-9090,https://15774129.go.kr/img/portal/sub/mark1.png,https://15774129.go.kr/img/portal/sub/mark2.png,https://15774129.go.kr/img/portal/sub/mark3.png,17개월전 업데이트,장례예식 패키지 상품 없음,https://15774129.go.kr/img/portal/sub/mark4.png,https://15774129.go.kr/img/portal/sub/mark5.png,
사설,https://15774129.go.kr/BCUser/facilitypic/1658567925436.jpg,담양제일장례식장,전라남도 담양군 담양읍 추성로 1198 (양각리),tel:061-382-1111,061-382-1111,https://15774129.go.kr/img/portal/sub/mark1.png,https://15774129.go.kr/img/portal/sub/mark2.png,https://15774129.go.kr/img/portal/sub/mark3.png,3개월전 업데이트,장례예식 패키지 상품 없음,https://15774129.go.kr/img/portal/sub/mark4.png,https://15774129.go.kr/img/portal/sub/mark5.png,
사설,https://15774129.go.kr/BCUser/facilitypic/1470611028788_1000000918_0.jpg,화순전남대학교병원장례식장,"전라남도 화순군 화순읍 서양로 322 (일심리, 화순전남대학교병원)",tel:061-379-7444,061-379-7444,https://15774129.go.kr/img/portal/sub/mark1.png,https://15774129.go.kr/img/portal/sub/mark2.png,https://15774129.go.kr/img/portal/sub/mark3.png,22개월전 업데이트,장례예식 패키지 상품 없음,https://15774129.go.kr/img/portal/sub/mark4.png,https://15774129.go.kr/img/portal/sub/mark5.png,
사설,https://15774129.go.kr/BCUser/facilitypic/1000000283/1563509621583.jpg,벌교삼성병원장례식장,전라남도 보성군 벌교읍 남하로 12 (장좌리),tel:061-858-4452,061-858-4452,https://15774129.go.kr/img/portal/sub/mark1.png,https://15774129.go.kr/img/portal/sub/mark4.png,,7개월전 업데이트,장례예식 패키지 상품 없음,,,
사설,https://15774129.go.kr/BCUser/facilitypic/1465952303316_1000000750_0.JPG,진도군산림조합직영추모관장례식장,전라남도 진도군 진도읍 진도대로 7143-10 (쌍정리),tel:061-543-4040,061-543-4040,https://15774129.go.kr/img/portal/sub/mark1.png,https://15774129.go.kr/img/portal/sub/mark4.png,https://15774129.go.kr/img/portal/sub/mark5.png,8개월전 업데이트,장례예식 패키지 상품 없음,,,
사설,https://15774129.go.kr/BCUser/facilitypic/1409815921657_1000000405_0.jpg,성가롤로병원장례식장,"전라남도 순천시 순광로 221 (조례동, 성가롤로병원)",tel:061-900-4444,061-900-4444,https://15774129.go.kr/img/portal/sub/mark1.png,https://15774129.go.kr/img/portal/sub/mark2.png,https://15774129.go.kr/img/portal/sub/mark3.png,10개월전 업데이트,장례예식 패키지 상품 없음,https://15774129.go.kr/img/portal/sub/mark4.png,https://15774129.go.kr/img/portal/sub/mark5.png,
사설,https://15774129.go.kr/BCUser/facilitypic/1000000284/1564386214858.jpg,벌교장례식장,전라남도 보성군 벌교읍 남하로 26 (장좌리),tel:061-858-4000,061-858-4000,https://15774129.go.kr/img/portal/sub/mark1.png,https://15774129.go.kr/img/portal/sub/mark4.png,,7개월전 업데이트,장례예식 패키지 상품 없음,,,
사설,https://15774129.go.kr/BCUser/facilitypic/1508974244459_1000000423_0.jpg,영암농협장례식장,전라남도 영암군 영암읍 낭주로 49 (춘양리),tel:061-472-5544,061-472-5544,https://15774129.go.kr/img/portal/sub/mark2.png,https://15774129.go.kr/img/portal/sub/mark4.png,,3개월전 업데이트,장례예식 패키지 상품 없음,,,
사설,https://15774129.go.kr/BCUser/facilitypic/7000001039/1555305179264.jpg,녹동농협 장례식장,전라남도 고흥군 도양읍 거금로 80 (봉암리),tel:061-840-7777,061-840-7777,https://15774129.go.kr/img/portal/sub/mark1.png,https://15774129.go.kr/img/portal/sub/mark2.png,https://15774129.go.kr/img/portal/sub/mark3.png,1개월전 업데이트,장례예식 패키지 상품 없음,https://15774129.go.kr/img/portal/sub/mark4.png,https://15774129.go.kr/img/portal/sub/mark5.png,
사설,https://15774129.go.kr/BCUser/facilitypic/7000002170/1554185704561.gif,순천중앙병원장례식장,"전라남도 순천시 장명로 5 (장천동, 중앙병원)",tel:061-744-0444,061-744-0444,https://15774129.go.kr/img/portal/sub/mark1.png,https://15774129.go.kr/img/portal/sub/mark2.png,https://15774129.go.kr/img/portal/sub/mark3.png,75개월전 업데이트,장례예식 패키지 상품 없음,https://15774129.go.kr/img/portal/sub/mark4.png,https://15774129.go.kr/img/portal/sub/mark5.png,
사설,https://15774129.go.kr/BCUser/facilitypic/1703221104389.jpg,정다운 장례식장,전라남도 목포시 영산로 710-11 (석현동),tel:061-287-9444,061-287-9444,https://15774129.go.kr/img/portal/sub/mark1.png,https://15774129.go.kr/img/portal/sub/mark2.png,https://15774129.go.kr/img/portal/sub/mark3.png,7개월전 업데이트,장례예식 패키지 상품 없음,https://15774129.go.kr/img/portal/sub/mark4.png,https://15774129.go.kr/img/portal/sub/mark5.png,
사설,https://15774129.go.kr/BCUser/facilitypic/1473127369486_1000000267_0.jpg,무안제일병원 무안장례식장,전라남도 무안군 무안읍 무안로 567-1 (성동리),tel:061-454-9340,061-454-9340,https://15774129.go.kr/img/portal/sub/mark1.png,https://15774129.go.kr/img/portal/sub/mark2.png,https://15774129.go.kr/img/portal/sub/mark4.png,47개월전 업데이트,장례예식 패키지 상품 없음,https://15774129.go.kr/img/portal/sub/mark5.png,,
사설,https://15774129.go.kr/BCUser/facilitypic/1000000552/1563428230013.jpg,영광장례식장,전라남도 영광군 영광읍 영대로 238 (무령리),tel:061-350-6000,061-350-6000,https://15774129.go.kr/img/portal/sub/mark1.png,https://15774129.go.kr/img/portal/sub/mark2.png,https://15774129.go.kr/img/portal/sub/mark4.png,75개월전 업데이트,장례예식 패키지 상품 없음,,,
사설,https://15774129.go.kr/BCUser/facilitypic/7000001236/1563434168132.png,장흥병원장례식장,전라남도 장흥군 장흥읍 흥성로 74 (건산리),tel:061-864-4444,061-864-4444,https://15774129.go.kr/img/portal/sub/mark1.png,https://15774129.go.kr/img/portal/sub/mark2.png,https://15774129.go.kr/img/portal/sub/mark4.png,30개월전 업데이트,장례예식 패키지 상품 없음,,,
사설,https://15774129.go.kr/BCUser/facilitypic/1000000498/1563425679725.jpg,세안종합병원장례식장,전라남도 목포시 고하대로 795-2 (연산동),tel:061-276-4444,061-276-4444,https://15774129.go.kr/img/portal/sub/mark1.png,https://15774129.go.kr/img/portal/sub/mark2.png,https://15774129.go.kr/img/portal/sub/mark4.png,3개월전 업데이트,장례예식 패키지 상품 없음,https://15774129.go.kr/img/portal/sub/mark5.png,,
사설,https://15774129.go.kr/BCUser/facilitypic/7000001089/1563425591883.jpg,목포성심장례문화원,전라남도 목포시 산계길 4-9 (대양동),tel:061-261-4444,061-261-4444,https://15774129.go.kr/img/portal/sub/mark1.png,https://15774129.go.kr/img/portal/sub/mark2.png,https://15774129.go.kr/img/portal/sub/mark3.png,0개월전 업데이트,장례예식 패키지 상품 없음,https://15774129.go.kr/img/portal/sub/mark4.png,https://15774129.go.kr/img/portal/sub/mark5.png,
사설,https://15774129.go.kr/BCUser/facilitypic/7000000160/1564467649114.jpg,대성장례식장,전라남도 무안군 삼향읍 국사로 5-9 (맥포리),tel:061-247-4444,061-247-4444,https://15774129.go.kr/img/portal/sub/mark1.png,https://15774129.go.kr/img/portal/sub/mark2.png,https://15774129.go.kr/img/portal/sub/mark3.png,7개월전 업데이트,장례예식 패키지 상품 없음,https://15774129.go.kr/img/portal/sub/mark4.png,,
사설,https://15774129.go.kr/BCUser/facilitypic/1000000553/1564382707371.jpg,영광종합병원장례식장,전라남도 영광군 영광읍 와룡로 3 (단주리),tel:061-350-8044,061-350-8044,https://15774129.go.kr/img/portal/sub/mark1.png,https://15774129.go.kr/img/portal/sub/mark2.png,https://15774129.go.kr/img/portal/sub/mark3.png,19개월전 업데이트,장례예식 패키지 상품 없음,https://15774129.go.kr/img/portal/sub/mark4.png,,
사설,https://15774129.go.kr/BCUser/facilitypic/1000000042/1564467121955.jpg,거금장례식장,전라남도 고흥군 금산면 거금일주로 2901 (석정리),tel:061-844-4444,061-844-4444,https://15774129.go.kr/img/portal/sub/mark1.png,https://15774129.go.kr/img/portal/sub/mark2.png,https://15774129.go.kr/img/portal/sub/mark4.png,4개월전 업데이트,장례예식 패키지 상품 없음,https://15774129.go.kr/img/portal/sub/mark5.png,,
사설,https://15774129.go.kr/BCUser/facilitypic/1000000568/1563432727571.jpg,영암효병원장례식장,"전라남도 영암군 덕진면 예향로 1764 (덕진리, 효병원)",tel:061-471-4441,061-471-4441,https://15774129.go.kr/img/portal/sub/mark1.png,https://15774129.go.kr/img/portal/sub/mark2.png,https://15774129.go.kr/img/portal/sub/mark4.png,97개월전 업데이트,장례예식 패키지 상품 없음,https://15774129.go.kr/img/portal/sub/mark5.png,,
사설,https://15774129.go.kr/BCUser/facilitypic/1000000666/1563431697241.jpg,산림조합 장성장례식장,전라남도 장성군 장성읍 역전로 155 (기산리),tel:061-394-0444,061-394-0444,https://15774129.go.kr/img/portal/sub/mark1.png,https://15774129.go.kr/img/portal/sub/mark2.png,https://15774129.go.kr/img/portal/sub/mark3.png,14개월전 업데이트,장례예식 패키지 상품 없음,https://15774129.go.kr/img/portal/sub/mark4.png,https://15774129.go.kr/img/portal/sub/mark5.png,
사설,https://15774129.go.kr/BCUser/facilitypic/7000000390/1563431408181.jpg,삼성장례식장,전라남도 완도군 완도읍 농공단지1길 24 (가용리),tel:061-555-4455,061-555-4455,https://15774129.go.kr/img/portal/sub/mark1.png,https://15774129.go.kr/img/portal/sub/mark4.png,,109개월전 업데이트,장례예식 패키지 상품 없음,,,
사설,https://15774129.go.kr/BCUser/facilitypic/1000000686/1563427224931.jpg,여수제일병원장례식장,전라남도 여수시 학동1길 24 (학동),tel:061-692-4444,061-692-4444,https://15774129.go.kr/img/portal/sub/mark2.png,https://15774129.go.kr/img/portal/sub/mark4.png,,6개월전 업데이트,장례예식 패키지 상품 없음,,,
사설,https://15774129.go.kr/BCUser/facilitypic/1000000084/1555305898193.jpg,유한회사보람,전라남도 고흥군 고흥읍 고흥로 1935 (남계리),tel:061-830-3300,061-830-3300,https://15774129.go.kr/img/portal/sub/mark1.png,https://15774129.go.kr/img/portal/sub/mark4.png,,15개월전 업데이트,장례예식 패키지 상품 없음,,,
사설,https://15774129.go.kr/BCUser/facilitypic/1000000296/1564463358387.jpg,보성아산병원장례식장,전라남도 보성군 미력면 가평길 36-17 (초당리),tel:061-853-4004,061-853-4004,https://15774129.go.kr/img/portal/sub/mark1.png,https://15774129.go.kr/img/portal/sub/mark2.png,https://15774129.go.kr/img/portal/sub/mark4.png,114개월전 업데이트,장례예식 패키지 상품 없음,https://15774129.go.kr/img/portal/sub/mark5.png,,
사설,https://15774129.go.kr/BCUser/facilitypic/7000002605/1709689860435.PNG,목포현대병원장례식장,전라남도 목포시 용당로 322-1 (용해동),tel:061-270-9708,061-270-9708,https://15774129.go.kr/img/portal/sub/mark1.png,https://15774129.go.kr/img/portal/sub/mark2.png,https://15774129.go.kr/img/portal/sub/mark3.png,47개월전 업데이트,장례예식 패키지 상품 없음,https://15774129.go.kr/img/portal/sub/mark4.png,https://15774129.go.kr/img/portal/sub/mark5.png,
사설,https://15774129.go.kr/BCUser/facilitypic/1000000564/1554959963938.jpg,강진영락장례식장,전라남도 강진군 강진읍 보은로 200 (동성리),tel:061-433-3950,061-433-3950,https://15774129.go.kr/img/portal/sub/mark1.png,https://15774129.go.kr/img/portal/sub/mark2.png,https://15774129.go.kr/img/portal/sub/mark3.png,82개월전 업데이트,장례예식 패키지 상품 없음,https://15774129.go.kr/img/portal/sub/mark4.png,https://15774129.go.kr/img/portal/sub/mark5.png,
사설,https://15774129.go.kr/BCUser/facilitypic/7000002146/1563426841737.jpg,무안초당병원장례식장,"전라남도 무안군 무안읍 성남1길 97-2 (성남리, 동남호텔예식장)",tel:061-454-4040,061-454-4040,https://15774129.go.kr/img/portal/sub/mark1.png,https://15774129.go.kr/img/portal/sub/mark2.png,https://15774129.go.kr/img/portal/sub/mark3.png,12개월전 업데이트,장례예식 패키지 상품 없음,https://15774129.go.kr/img/portal/sub/mark4.png,,
사설,https://15774129.go.kr/BCUser/facilitypic/1000000012/1560405837000.jpg,가야장례식장,전라남도 광양시 광양읍 인덕로 1183 (구산리),tel:061-763-4444,061-763-4444,https://15774129.go.kr/img/portal/sub/mark1.png,https://15774129.go.kr/img/portal/sub/mark2.png,https://15774129.go.kr/img/portal/sub/mark3.png,7개월전 업데이트,장례예식 패키지 상품 없음,https://15774129.go.kr/img/portal/sub/mark4.png,https://15774129.go.kr/img/portal/sub/mark5.png,
사설,https://15774129.go.kr/BCUser/facilitypic/1000000394/1563517109630.jpg,석곡농협장례식장,전라남도 곡성군 석곡면 주석로 657-5 (석곡리),tel:061-362-0088,061-362-0088,https://15774129.go.kr/img/portal/sub/mark4.png,,,98개월전 업데이트,장례예식 패키지 상품 없음,,,
사설,https://15774129.go.kr/BCUser/facilitypic/7000001939/1564463939649.jpg,여수강남요양병원장례식장,전라남도 여수시 진남로 15 (충무동),tel:061-641-4444,061-641-4444,https://15774129.go.kr/img/portal/sub/mark1.png,https://15774129.go.kr/img/portal/sub/mark2.png,https://15774129.go.kr/img/portal/sub/mark3.png,0개월전 업데이트,장례예식 패키지 상품 없음,https://15774129.go.kr/img/portal/sub/mark4.png,https://15774129.go.kr/img/portal/sub/mark5.png,
사설,https://15774129.go.kr/BCUser/facilitypic/1000000286/1563427369994.jpg,법성장례식장,전라남도 영광군 법성면 연우로 72 (법성리),tel:061-356-4444,061-356-4444,https://15774129.go.kr/img/portal/sub/mark4.png,,,75개월전 업데이트,장례예식 패키지 상품 없음,,,
사설,https://15774129.go.kr/BCUser/facilitypic/1000000263/1562913846154.jpg,목포기독병원장례식장,전라남도 목포시 백년대로 303 (상동),tel:061-283-4444,061-283-4444,https://15774129.go.kr/img/portal/sub/mark1.png,https://15774129.go.kr/img/portal/sub/mark4.png,https://15774129.go.kr/img/portal/sub/mark5.png,76개월전 업데이트,장례예식 패키지 상품 없음,,,
사설,https://15774129.go.kr/BCUser/facilitypic/1442977587675_1000000533_0.jpg,여수장례식장,전라남도 여수시 신월로 435 (신월동),tel:061-688-4444,061-688-4444,https://15774129.go.kr/img/portal/sub/mark1.png,https://15774129.go.kr/img/portal/sub/mark2.png,https://15774129.go.kr/img/portal/sub/mark4.png,4개월전 업데이트,,https://15774129.go.kr/img/portal/sub/mark5.png,,장례예식 패키지 상품 정보
사설,https://15774129.go.kr/BCUser/facilitypic/1000000919/1563435673932.jpg,(주)제이엔에이실업,전라남도 화순군 화순읍 중앙로 8 (교리),tel:061-370-4444,061-370-4444,https://15774129.go.kr/img/portal/sub/mark1.png,https://15774129.go.kr/img/portal/sub/mark2.png,https://15774129.go.kr/img/portal/sub/mark3.png,43개월전 업데이트,장례예식 패키지 상품 없음,https://15774129.go.kr/img/portal/sub/mark4.png,https://15774129.go.kr/img/portal/sub/mark5.png,
사설,https://15774129.go.kr/BCUser/facilitypic/1478753378761_1000000470_0.jpg,순천한국병원장례식장,전라남도 순천시 우명길 42 (연향동),tel:061-723-4444,061-723-4444,https://15774129.go.kr/img/portal/sub/mark1.png,https://15774129.go.kr/img/portal/sub/mark2.png,https://15774129.go.kr/img/portal/sub/mark3.png,1개월전 업데이트,장례예식 패키지 상품 없음,https://15774129.go.kr/img/portal/sub/mark4.png,https://15774129.go.kr/img/portal/sub/mark5.png,
사설,https://15774129.go.kr/BCUser/facilitypic/1514378387524_7000001992_0.JPG,제일장례문화원,전라남도 영암군 영암읍 예향로 1688 (망호리),tel:061-472-0777,061-472-0777,https://15774129.go.kr/img/portal/sub/mark1.png,https://15774129.go.kr/img/portal/sub/mark2.png,https://15774129.go.kr/img/portal/sub/mark3.png,44개월전 업데이트,장례예식 패키지 상품 없음,https://15774129.go.kr/img/portal/sub/mark4.png,,
사설,https://15774129.go.kr/BCUser/facilitypic/7000000087/1709687703850.PNG,담양동산병원장례식장,전라남도 담양군 담양읍 죽향대로 1203 (백동리),tel:061-383-0000,061-383-0000,https://15774129.go.kr/img/portal/sub/mark1.png,https://15774129.go.kr/img/portal/sub/mark2.png,https://15774129.go.kr/img/portal/sub/mark3.png,15개월전 업데이트,장례예식 패키지 상품 없음,https://15774129.go.kr/img/portal/sub/mark4.png,https://15774129.go.kr/img/portal/sub/mark5.png,
사설,https://15774129.go.kr/BCUser/facilitypic/7000000792/1564379194233.jpg,강진군산림조합추모관장례식장,전라남도 강진군 강진읍 해강로 1437 (서성리),tel:061-430-5444,061-430-5444,https://15774129.go.kr/img/portal/sub/mark1.png,https://15774129.go.kr/img/portal/sub/mark2.png,https://15774129.go.kr/img/portal/sub/mark3.png,35개월전 업데이트,장례예식 패키지 상품 없음,https://15774129.go.kr/img/portal/sub/mark4.png,https://15774129.go.kr/img/portal/sub/mark5.png,
사설,https://15774129.go.kr/BCUser/facilitypic/1000000880/1563434662677.png,함평농협장례식장,전라남도 함평군 함평읍 남일길 238-71 (대덕리),tel:061-323-4444,061-323-4444,https://15774129.go.kr/img/portal/sub/mark2.png,https://15774129.go.kr/img/portal/sub/mark4.png,,10개월전 업데이트,장례예식 패키지 상품 없음,,,
사설,https://15774129.go.kr/BCUser/facilitypic/1000000665/1563431618584.jpg,장성병원장례식장,전라남도 장성군 장성읍 역전로 171 (영천리),tel:061-393-4444,061-393-4444,https://15774129.go.kr/img/portal/sub/mark1.png,https://15774129.go.kr/img/portal/sub/mark2.png,https://15774129.go.kr/img/portal/sub/mark3.png,77개월전 업데이트,장례예식 패키지 상품 없음,https://15774129.go.kr/img/portal/sub/mark4.png,https://15774129.go.kr/img/portal/sub/mark5.png,
사설,https://15774129.go.kr/BCUser/facilitypic/7000000266/1563517193604.jpg,우리장례식장,전라남도 곡성군 옥과면 천변로 83 (율사리),tel:061-362-6666,061-362-6666,https://15774129.go.kr/img/portal/sub/mark1.png,https://15774129.go.kr/img/portal/sub/mark2.png,https://15774129.go.kr/img/portal/sub/mark3.png,7개월전 업데이트,장례예식 패키지 상품 없음,https://15774129.go.kr/img/portal/sub/mark4.png,https://15774129.go.kr/img/portal/sub/mark5.png,
사설,https://15774129.go.kr/BCUser/facilitypic/7000001686/1563424457766.jpg,영산포농협장례식장,전라남도 나주시 영산포로 30-50 (이창동),tel:061-334-4440,061-334-4440,https://15774129.go.kr/img/portal/sub/mark1.png,https://15774129.go.kr/img/portal/sub/mark2.png,https://15774129.go.kr/img/portal/sub/mark3.png,11개월전 업데이트,장례예식 패키지 상품 없음,https://15774129.go.kr/img/portal/sub/mark4.png,https://15774129.go.kr/img/portal/sub/mark5.png,
사설,https://15774129.go.kr/BCUser/facilitypic/7000001371/1562899496685.png,(주)구례장례식장,전라남도 구례군 구례읍 용방로 15 (백련리),tel:061-782-0444,061-782-0444,https://15774129.go.kr/img/portal/sub/mark4.png,,,25개월전 업데이트,장례예식 패키지 상품 없음,,,
사설,https://15774129.go.kr/BCUser/facilitypic/1000000538/1564463430595.jpg,여천전남병원장례식장,전라남도 여수시 무선로 95 (선원동),tel:061-691-4444,061-691-4444,https://15774129.go.kr/img/portal/sub/mark1.png,https://15774129.go.kr/img/portal/sub/mark2.png,https://15774129.go.kr/img/portal/sub/mark3.png,11개월전 업데이트,장례예식 패키지 상품 없음,https://15774129.go.kr/img/portal/sub/mark4.png,https://15774129.go.kr/img/portal/sub/mark5.png,
사설,https://15774129.go.kr/BCUser/facilitypic/7000002739/1709687553749.PNG,문장장례식장,전라남도 함평군 해보면 밀재로 1350 (문장리),tel:061-323-7100,061-323-7100,https://15774129.go.kr/img/portal/sub/mark1.png,https://15774129.go.kr/img/portal/sub/mark2.png,https://15774129.go.kr/img/portal/sub/mark3.png,11개월전 업데이트,장례예식 패키지 상품 없음,https://15774129.go.kr/img/portal/sub/mark4.png,https://15774129.go.kr/img/portal/sub/mark5.png,
사설,https://15774129.go.kr/BCUser/facilitypic/1673664694924.JPG,경산장례식장,전라남도 여수시 시청로 145 (선원동),tel:061-681-4444,061-681-4444,https://15774129.go.kr/img/portal/sub/mark1.png,https://15774129.go.kr/img/portal/sub/mark2.png,https://15774129.go.kr/img/portal/sub/mark3.png,3개월전 업데이트,장례예식 패키지 상품 없음,https://15774129.go.kr/img/portal/sub/mark4.png,https://15774129.go.kr/img/portal/sub/mark5.png,
사설,https://15774129.go.kr/BCUser/facilitypic/1644287144003.jpg,동광양장례식장,전라남도 광양시 불로로 30-1 (성황동),tel:061-795-7700,061-795-7700,https://15774129.go.kr/img/portal/sub/mark1.png,https://15774129.go.kr/img/portal/sub/mark2.png,https://15774129.go.kr/img/portal/sub/mark3.png,0개월전 업데이트,장례예식 패키지 상품 없음,https://15774129.go.kr/img/portal/sub/mark4.png,https://15774129.go.kr/img/portal/sub/mark5.png,
사설,https://15774129.go.kr/BCUser/facilitypic/1561423022230_7000002231_0.jpg,광양서울병원장례식장,"전라남도 광양시 진등길 93 (마동, 광양서울병원)",tel:02-794-4440,02-794-4440,https://15774129.go.kr/img/portal/sub/mark1.png,https://15774129.go.kr/img/portal/sub/mark2.png,https://15774129.go.kr/img/portal/sub/mark3.png,77개월전 업데이트,장례예식 패키지 상품 없음,https://15774129.go.kr/img/portal/sub/mark4.png,,
사설,https://15774129.go.kr/BCUser/facilitypic/7000001549/1476429159979.jpg,메디팜병원장례식장,전라남도 순천시 양율길 306 (인월동),tel:061-741-4411,061-741-4411,https://15774129.go.kr/img/portal/sub/mark1.png,https://15774129.go.kr/img/portal/sub/mark2.png,https://15774129.go.kr/img/portal/sub/mark4.png,72개월전 업데이트,장례예식 패키지 상품 없음,https://15774129.go.kr/img/portal/sub/mark5.png,,
공설,https://15774129.go.kr/BCUser/facilitypic/1705467436518.jpg,목포시의료원장례식장,"전라남도 목포시 이로로 18 (용해동, 목포시의료원)",tel:061-246-0044,061-246-0044,https://15774129.go.kr/img/portal/sub/mark1.png,https://15774129.go.kr/img/portal/sub/mark2.png,https://15774129.go.kr/img/portal/sub/mark4.png,17개월전 업데이트,장례예식 패키지 상품 없음,https://15774129.go.kr/img/portal/sub/mark5.png,,
사설,https://15774129.go.kr/BCUser/facilitypic/1000000285/1564378404579.jpg,벌교중앙장례식장,전라남도 보성군 벌교읍 원동길 89 (척령리),tel:061-857-3000,061-857-3000,https://15774129.go.kr/img/portal/sub/mark1.png,https://15774129.go.kr/img/portal/sub/mark2.png,https://15774129.go.kr/img/portal/sub/mark4.png,86개월전 업데이트,장례예식 패키지 상품 없음,,,
사설,https://15774129.go.kr/BCUser/facilitypic/1000000905/1563510947111.jpg,호남장례식장,전라남도 여수시 신월로 438 (신월동),tel:061-641-0404,061-641-0404,https://15774129.go.kr/img/portal/sub/mark1.png,https://15774129.go.kr/img/portal/sub/mark2.png,https://15774129.go.kr/img/portal/sub/mark4.png,1개월전 업데이트,장례예식 패키지 상품 없음,https://15774129.go.kr/img/portal/sub/mark5.png,,
사설,https://15774129.go.kr/BCUser/facilitypic/1000000693/1564385186890.jpg,제일장례식장,전라남도 영광군 영광읍 옥당로 308-3 (월평리),tel:061-351-3131,061-351-3131,https://15774129.go.kr/img/portal/sub/mark1.png,https://15774129.go.kr/img/portal/sub/mark2.png,https://15774129.go.kr/img/portal/sub/mark3.png,75개월전 업데이트,장례예식 패키지 상품 없음,https://15774129.go.kr/img/portal/sub/mark4.png,https://15774129.go.kr/img/portal/sub/mark5.png,
사설,https://15774129.go.kr/BCUser/facilitypic/7000002192/1563434552093.png,진도전남병원장례식장,"전라남도 진도군 진도읍 남문길 12-11 (남동리, 진도전남병원)",tel:061-544-4441,061-544-4441,https://15774129.go.kr/img/portal/sub/mark1.png,https://15774129.go.kr/img/portal/sub/mark2.png,https://15774129.go.kr/img/portal/sub/mark4.png,83개월전 업데이트,장례예식 패키지 상품 없음,https://15774129.go.kr/img/portal/sub/mark5.png,,
사설,https://15774129.go.kr/BCUser/facilitypic/1000000689/1564467915061.jpg,영산포제일병원장례식장,전라남도 나주시 대기2길 12 (이창동),tel:061-334-1444,061-334-1444,https://15774129.go.kr/img/portal/sub/mark1.png,https://15774129.go.kr/img/portal/sub/mark2.png,https://15774129.go.kr/img/portal/sub/mark3.png,77개월전 업데이트,장례예식 패키지 상품 없음,https://15774129.go.kr/img/portal/sub/mark4.png,,
사설,https://15774129.go.kr/BCUser/facilitypic/7000001533/1564463809921.jpg,정원장례식장,전라남도 순천시 서면 삼산로 290 (선평리),tel:061-754-4444,061-754-4444,https://15774129.go.kr/img/portal/sub/mark1.png,https://15774129.go.kr/img/portal/sub/mark2.png,https://15774129.go.kr/img/portal/sub/mark3.png,11개월전 업데이트,장례예식 패키지 상품 없음,https://15774129.go.kr/img/portal/sub/mark4.png,,
사설,https://15774129.go.kr/BCUser/facilitypic/7000001725/1563431013256.jpg,영암장례식장,"전라남도 영암군 영암읍 낭주로 49-1 (춘양리, 영암장례식장)",tel:061-471-4884,061-471-4884,https://15774129.go.kr/img/portal/sub/mark2.png,https://15774129.go.kr/img/portal/sub/mark3.png,https://15774129.go.kr/img/portal/sub/mark4.png,111개월전 업데이트,장례예식 패키지 상품 없음,,,
사설,https://15774129.go.kr/BCUser/facilitypic/1617940561563.jpg,여수보람장례식장,전라남도 여수시 소라면 무선로 339 (덕양리),tel:061-684-4444,061-684-4444,https://15774129.go.kr/img/portal/sub/mark1.png,https://15774129.go.kr/img/portal/sub/mark2.png,https://15774129.go.kr/img/portal/sub/mark3.png,11개월전 업데이트,장례예식 패키지 상품 없음,https://15774129.go.kr/img/portal/sub/mark4.png,https://15774129.go.kr/img/portal/sub/mark5.png,
사설,https://15774129.go.kr/BCUser/facilitypic/7000000387/1562899289460.jpg,옥곡장례식장,전라남도 광양시 옥곡면 강변로 448 (신금리),tel:061-793-4444,061-793-4444,https://15774129.go.kr/img/portal/sub/mark1.png,https://15774129.go.kr/img/portal/sub/mark2.png,https://15774129.go.kr/img/portal/sub/mark3.png,18개월전 업데이트,장례예식 패키지 상품 없음,https://15774129.go.kr/img/portal/sub/mark4.png,,
사설,https://15774129.go.kr/BCUser/facilitypic/7000001340/1556066588458.jpg,나주효사랑요양병원장례식장,전라남도 나주시 금천면 영산로 5891-9 (촌곡리),tel:061-332-4454,061-332-4454,https://15774129.go.kr/img/portal/sub/mark1.png,https://15774129.go.kr/img/portal/sub/mark2.png,https://15774129.go.kr/img/portal/sub/mark3.png,1개월전 업데이트,장례예식 패키지 상품 없음,https://15774129.go.kr/img/portal/sub/mark4.png,https://15774129.go.kr/img/portal/sub/mark5.png,
사설,https://15774129.go.kr/BCUser/facilitypic/7000000228/1555305625135.jpg,녹동현대병원장례식장,"전라남도 고흥군 도양읍 차경구렁목길 209 (용정리, 녹동현대병원장례식장)",tel:061-843-4444,061-843-4444,https://15774129.go.kr/img/portal/sub/mark1.png,https://15774129.go.kr/img/portal/sub/mark2.png,https://15774129.go.kr/img/portal/sub/mark4.png,16개월전 업데이트,장례예식 패키지 상품 없음,https://15774129.go.kr/img/portal/sub/mark5.png,,
사설,https://15774129.go.kr/BCUser/facilitypic/7000000956/1554960989826.jpg,참사랑장례식장,전라남도 목포시 차범석길35번길 9 (북교동),tel:061-244-4400,061-244-4400,https://15774129.go.kr/img/portal/sub/mark1.png,https://15774129.go.kr/img/portal/sub/mark2.png,https://15774129.go.kr/img/portal/sub/mark3.png,98개월전 업데이트,장례예식 패키지 상품 없음,https://15774129.go.kr/img/portal/sub/mark4.png,https://15774129.go.kr/img/portal/sub/mark5.png,
사설,https://15774129.go.kr/BCUser/facilitypic/7000001299/1562905012335.png,나주애향장례식장,전라남도 나주시 청동길 147 (청동),tel:061-334-9000,061-334-9000,https://15774129.go.kr/img/portal/sub/mark1.png,https://15774129.go.kr/img/portal/sub/mark2.png,https://15774129.go.kr/img/portal/sub/mark3.png,39개월전 업데이트,장례예식 패키지 상품 없음,https://15774129.go.kr/img/portal/sub/mark4.png,,
사설,https://15774129.go.kr/BCUser/facilitypic/7000002198/1554186053303.jpg,여수전남병원장례식장,"전라남도 여수시 광무1길 28-6 (광무동, 전남병원장례식장)",tel:061-642-4444,061-642-4444,https://15774129.go.kr/img/portal/sub/mark1.png,https://15774129.go.kr/img/portal/sub/mark2.png,https://15774129.go.kr/img/portal/sub/mark3.png,3개월전 업데이트,장례예식 패키지 상품 없음,https://15774129.go.kr/img/portal/sub/mark4.png,,
사설,https://15774129.go.kr/BCUser/facilitypic/7000002281/1576463588709.jpg,남악장례식장,전라남도 무안군 삼향읍 남악로250번길 59-30 (남악리),tel:061-285-0444,061-285-0444,https://15774129.go.kr/img/portal/sub/mark1.png,https://15774129.go.kr/img/portal/sub/mark2.png,https://15774129.go.kr/img/portal/sub/mark3.png,71개월전 업데이트,장례예식 패키지 상품 없음,https://15774129.go.kr/img/portal/sub/mark4.png,https://15774129.go.kr/img/portal/sub/mark5.png,
사설,https://15774129.go.kr/BCUser/facilitypic/7000000198/1555305106133.jpg,고흥봉황장례식장,전라남도 고흥군 고흥읍 신호산장길 3 (호형리),tel:061-833-4442,061-833-4442,https://15774129.go.kr/img/portal/sub/mark1.png,https://15774129.go.kr/img/portal/sub/mark2.png,https://15774129.go.kr/img/portal/sub/mark4.png,75개월전 업데이트,장례예식 패키지 상품 없음,,,
사설,https://15774129.go.kr/BCUser/facilitypic/1444352701742_1000000735_0.JPG,중앙병원장례식장,전라남도 목포시 영산로 623 (석현동),tel:061-262-6666,061-262-6666,https://15774129.go.kr/img/portal/sub/mark1.png,https://15774129.go.kr/img/portal/sub/mark2.png,https://15774129.go.kr/img/portal/sub/mark3.png,97개월전 업데이트,장례예식 패키지 상품 없음,https://15774129.go.kr/img/portal/sub/mark4.png,https://15774129.go.kr/img/portal/sub/mark5.png,
사설,https://15774129.go.kr/BCUser/facilitypic/1000000881/1762841237280.jpg,함평장례식장,전라남도 함평군 함평읍 중앙길 124 (기각리),tel:061-324-4440,061-324-4440,https://15774129.go.kr/img/portal/sub/mark1.png,https://15774129.go.kr/img/portal/sub/mark2.png,https://15774129.go.kr/img/portal/sub/mark4.png,0개월전 업데이트,장례예식 패키지 상품 없음,https://15774129.go.kr/img/portal/sub/mark5.png,,
사설,https://15774129.go.kr/BCUser/facilitypic/1000000883/1563435163499.jpg,해남국제장례식장,전라남도 해남군 해남읍 남부순환로 321-37 (용정리),tel:061-536-4494,061-536-4494,https://15774129.go.kr/img/portal/sub/mark4.png,,,113개월전 업데이트,장례예식 패키지 상품 없음,,,
사설,https://15774129.go.kr/BCUser/facilitypic/1727074619318.jpg,우수영장례식장,"전라남도 해남군 문내면 관광레저로 534-5, 우수영장례식장",tel:061-535-4440,061-535-4440,https://15774129.go.kr/img/portal/sub/mark1.png,https://15774129.go.kr/img/portal/sub/mark2.png,https://15774129.go.kr/img/portal/sub/mark3.png,14개월전 업데이트,장례예식 패키지 상품 없음,https://15774129.go.kr/img/portal/sub/mark4.png,https://15774129.go.kr/img/portal/sub/mark5.png,
사설,https://15774129.go.kr/BCUser/facilitypic/1000000205/1563431469305.jpg,완도대성병원장례식장,전라남도 완도군 완도읍 청해진동로 63 (가용리),tel:061-554-4456,061-554-4456,https://15774129.go.kr/img/portal/sub/mark1.png,https://15774129.go.kr/img/portal/sub/mark2.png,https://15774129.go.kr/img/portal/sub/mark4.png,74개월전 업데이트,장례예식 패키지 상품 없음,https://15774129.go.kr/img/portal/sub/mark5.png,,
사설,https://15774129.go.kr/BCUser/facilitypic/1000000251/1554344062449.png,마량장례식장,전라남도 강진군 마량면 청자로 2340 (마량리),tel:061-434-1111,061-434-1111,https://15774129.go.kr/img/portal/sub/mark1.png,https://15774129.go.kr/img/portal/sub/mark2.png,https://15774129.go.kr/img/portal/sub/mark4.png,73개월전 업데이트,장례예식 패키지 상품 없음,,,
사설,https://15774129.go.kr/BCUser/facilitypic/1000000917/1709687187948.PNG,화순장례식장,전라남도 화순군 화순읍 충의로 167 (일심리),tel:061-373-4444,061-373-4444,https://15774129.go.kr/img/portal/sub/mark1.png,https://15774129.go.kr/img/portal/sub/mark2.png,https://15774129.go.kr/img/portal/sub/mark3.png,44개월전 업데이트,장례예식 패키지 상품 없음,https://15774129.go.kr/img/portal/sub/mark4.png,,
사설,https://15774129.go.kr/BCUser/facilitypic/7000001210/1563425830883.jpg,북신안농협장례식장,전라남도 신안군 지도읍 해제지도로 979-47 (광정리),tel:061-275-4440,061-275-4440,https://15774129.go.kr/img/portal/sub/mark2.png,https://15774129.go.kr/img/portal/sub/mark4.png,,38개월전 업데이트,장례예식 패키지 상품 없음,,,
사설,https://15774129.go.kr/BCUser/facilitypic/1000000095/1554944234595.jpg,(주)광양장례식장,전라남도 광양시 광양읍 해광로 897 (덕례리),tel:061-761-5500,061-761-5500,https://15774129.go.kr/img/portal/sub/mark2.png,https://15774129.go.kr/img/portal/sub/mark4.png,,77개월전 업데이트,장례예식 패키지 상품 없음,,,
사설,https://15774129.go.kr/BCUser/facilitypic/7000002198/1554186053303.jpg,여수전남병원장례식장,"전라남도 여수시 광무1길 28-6 (광무동, 전남병원장례식장)",tel:061-642-4444,061-642-4444,https://15774129.go.kr/img/portal/sub/mark1.png,https://15774129.go.kr/img/portal/sub/mark2.png,https://15774129.go.kr/img/portal/sub/mark3.png,3개월전 업데이트,장례예식 패키지 상품 없음,https://15774129.go.kr/img/portal/sub/mark4.png,,
사설,https://15774129.go.kr/BCUser/facilitypic/7000002281/1576463588709.jpg,남악장례식장,전라남도 무안군 삼향읍 남악로250번길 59-30 (남악리),tel:061-285-0444,061-285-0444,https://15774129.go.kr/img/portal/sub/mark1.png,https://15774129.go.kr/img/portal/sub/mark2.png,https://15774129.go.kr/img/portal/sub/mark3.png,71개월전 업데이트,장례예식 패키지 상품 없음,https://15774129.go.kr/img/portal/sub/mark4.png,https://15774129.go.kr/img/portal/sub/mark5.png,
사설,https://15774129.go.kr/BCUser/facilitypic/1467081904691_1000000592_0.JPG,곡성옥과장례식장,전라남도 곡성군 겸면 곡순로 2088 (가정리),tel:061-362-4448,061-362-4448,https://15774129.go.kr/img/portal/sub/mark1.png,https://15774129.go.kr/img/portal/sub/mark2.png,https://15774129.go.kr/img/portal/sub/mark3.png,75개월전 업데이트,장례예식 패키지 상품 없음,https://15774129.go.kr/img/portal/sub/mark4.png,,
사설,https://15774129.go.kr/BCUser/facilitypic/1000000087/1562898971904.jpg,곡성장례식장,전라남도 곡성군 곡성읍 중앙로 26-8 (죽동리),tel:061-362-7575,061-362-7575,https://15774129.go.kr/img/portal/sub/mark1.png,https://15774129.go.kr/img/portal/sub/mark2.png,https://15774129.go.kr/img/portal/sub/mark4.png,111개월전 업데이트,장례예식 패키지 상품 없음,,,
사설,https://15774129.go.kr/BCUser/facilitypic/1000000852/1564466734499.jpg,한국병원장례식장,전라남도 목포시 영산로 483 (상동),tel:061-270-5440,061-270-5440,https://15774129.go.kr/img/portal/sub/mark1.png,https://15774129.go.kr/img/portal/sub/mark2.png,https://15774129.go.kr/img/portal/sub/mark3.png,7개월전 업데이트,장례예식 패키지 상품 없음,https://15774129.go.kr/img/portal/sub/mark4.png,https://15774129.go.kr/img/portal/sub/mark5.png,
사설,https://15774129.go.kr/BCUser/facilitypic/1000000179/1554946286623.jpg,영광농협장례식장(영광낙원장례식장),전라남도 영광군 영광읍 영대로 213 (월평리),tel:061-353-0444,061-353-0444,https://15774129.go.kr/img/portal/sub/mark1.png,https://15774129.go.kr/img/portal/sub/mark2.png,https://15774129.go.kr/img/portal/sub/mark3.png,74개월전 업데이트,장례예식 패키지 상품 없음,https://15774129.go.kr/img/portal/sub/mark4.png,,
사설,https://15774129.go.kr/BCUser/facilitypic/1000000139/1722476036422.jpg,금호장례식장,전라남도 목포시 용당로384번길 32 (용해동),tel:061-272-0400,061-272-0400,https://15774129.go.kr/img/portal/sub/mark4.png,,,19개월전 업데이트,장례예식 패키지 상품 없음,,,
사설,https://15774129.go.kr/BCUser/facilitypic/1507715843867_7000001938_0.jpg,춘추장례식장,전라남도 보성군 벌교읍 원동길 81 (척령리),tel:061-858-4441,061-858-4441,https://15774129.go.kr/img/portal/sub/mark1.png,https://15774129.go.kr/img/portal/sub/mark2.png,https://15774129.go.kr/img/portal/sub/mark3.png,31개월전 업데이트,장례예식 패키지 상품 없음,https://15774129.go.kr/img/portal/sub/mark4.png,,
사설,https://15774129.go.kr/BCUser/facilitypic/1000000155/1562904386717.png,나주장례식장,전라남도 나주시 건재로 85 (대호동),tel:061-332-8114,061-332-8114,https://15774129.go.kr/img/portal/sub/mark2.png,https://15774129.go.kr/img/portal/sub/mark4.png,https://15774129.go.kr/img/portal/sub/mark5.png,1개월전 업데이트,장례예식 패키지 상품 없음,,,
사설,https://15774129.go.kr/BCUser/facilitypic/7000000491/1563509336684.jpg,고금번영회장례식장,전라남도 완도군 고금면 고금동로 117 (덕암리),tel:061-555-4400,061-555-4400,,,,171개월전 업데이트,장례예식 패키지 상품 없음,,,
사설,https://15774129.go.kr/BCUser/facilitypic/7000000401/1563431555965.jpg,완도장례식장,전라남도 완도군 완도읍 장보고대로 15 (가용리),tel:061-552-4444,061-552-4444,,,,175개월전 업데이트,장례예식 패키지 상품 없음,,,
사설,https://15774129.go.kr/BCUser/facilitypic/1000000158/1551158347671.jpg,나주한국병원장례식장,전라남도 나주시 동점문길 7 (성북동),tel:061-334-4111,061-334-4111,https://15774129.go.kr/img/portal/sub/mark2.png,https://15774129.go.kr/img/portal/sub/mark4.png,,1개월전 업데이트,장례예식 패키지 상품 없음,,,
사설,https://15774129.go.kr/BCUser/facilitypic/1000000104/1562904272202.png,구례병원장례식장,전라남도 구례군 구례읍 동편제길 4 (봉북리),tel:061-783-4344,061-783-4344,https://15774129.go.kr/img/portal/sub/mark1.png,https://15774129.go.kr/img/portal/sub/mark2.png,https://15774129.go.kr/img/portal/sub/mark4.png,12개월전 업데이트,장례예식 패키지 상품 없음,,,
사설,https://15774129.go.kr/BCUser/facilitypic/1000000086/1562898615988.png,곡성섬진장례식장,전라남도 곡성군 곡성읍 곡성로 935 (읍내리),tel:061-362-9200,061-362-9200,https://15774129.go.kr/img/portal/sub/mark4.png,,,39개월전 업데이트,장례예식 패키지 상품 없음,,,
사설,https://15774129.go.kr/BCUser/facilitypic/1000000886/1563435539940.jpg,해남현대장례식장,전라남도 해남군 해남읍 남부순환로 345 (용정리),tel:061-537-2222,061-537-2222,https://15774129.go.kr/img/portal/sub/mark1.png,https://15774129.go.kr/img/portal/sub/mark2.png,https://15774129.go.kr/img/portal/sub/mark4.png,79개월전 업데이트,장례예식 패키지 상품 없음,https://15774129.go.kr/img/portal/sub/mark5.png,,
사설,https://15774129.go.kr/BCUser/facilitypic/1690708754968.PNG,여천장례식장,전라남도 여수시 좌수영로 749 (봉계동),tel:061-685-4444,061-685-4444,https://15774129.go.kr/img/portal/sub/mark1.png,https://15774129.go.kr/img/portal/sub/mark2.png,https://15774129.go.kr/img/portal/sub/mark4.png,1개월전 업데이트,장례예식 패키지 상품 없음,https://15774129.go.kr/img/portal/sub/mark5.png,,
사설,https://15774129.go.kr/BCUser/facilitypic/7000002606/1709686600176.PNG,목포봉황장례문화원,전라남도 목포시 삼학로 154 (산정동),tel:061-242-2222,061-242-2222,https://15774129.go.kr/img/portal/sub/mark1.png,https://15774129.go.kr/img/portal/sub/mark2.png,https://15774129.go.kr/img/portal/sub/mark3.png,47개월전 업데이트,장례예식 패키지 상품 없음,https://15774129.go.kr/img/portal/sub/mark4.png,,
사설,https://15774129.go.kr/BCUser/facilitypic/1663123205562.jpg,빛가람종합병원장례식장,전라남도 나주시 정보화길 49 (빛가람동),tel:061-820-0844,061-820-0844,https://15774129.go.kr/img/portal/sub/mark1.png,https://15774129.go.kr/img/portal/sub/mark2.png,https://15774129.go.kr/img/portal/sub/mark3.png,37개월전 업데이트,장례예식 패키지 상품 없음,https://15774129.go.kr/img/portal/sub/mark4.png,https://15774129.go.kr/img/portal/sub/mark5.png,
사설,https://15774129.go.kr/BCUser/facilitypic/1000000358/1554961407040.jpg,새마을장례식장,전라남도 담양군 담양읍 죽향문화로 287 (만성리),tel:061-383-4444,061-383-4444,https://15774129.go.kr/img/portal/sub/mark1.png,https://15774129.go.kr/img/portal/sub/mark4.png,,57개월전 업데이트,장례예식 패키지 상품 없음,,,
사설,https://15774129.go.kr/BCUser/facilitypic/7000002950/1758858016428.jpg,목포효성요양병원장례식장,"전라남도 목포시 양을로 456 (상동, 효성요양병원)",tel:061-273-4422,061-273-4422,https://15774129.go.kr/img/portal/sub/mark1.png,https://15774129.go.kr/img/portal/sub/mark2.png,https://15774129.go.kr/img/portal/sub/mark3.png,2개월전 업데이트,장례예식 패키지 상품 없음,https://15774129.go.kr/img/portal/sub/mark4.png,,
사설,https://15774129.go.kr/BCUser/facilitypic/7000001489/1563435321146.jpg,해남종합병원장례식장,"전라남도 해남군 해남읍 해남로 45 (해리, 해남종합병원)",tel:061-533-4444,061-533-4444,https://15774129.go.kr/img/portal/sub/mark1.png,https://15774129.go.kr/img/portal/sub/mark2.png,https://15774129.go.kr/img/portal/sub/mark3.png,40개월전 업데이트,장례예식 패키지 상품 없음,https://15774129.go.kr/img/portal/sub/mark4.png,https://15774129.go.kr/img/portal/sub/mark5.png,
사설,https://15774129.go.kr/BCUser/facilitypic/1000000156/1562905234518.png,나주종합병원장례식장,전라남도 나주시 영산로 5419 (성북동),tel:061-332-4461,061-332-4461,https://15774129.go.kr/img/portal/sub/mark4.png,https://15774129.go.kr/img/portal/sub/mark5.png,,45개월전 업데이트,장례예식 패키지 상품 없음,,,
사설,https://15774129.go.kr/BCUser/facilitypic/7000000477/1563509759932.jpg,효사랑장례식장,전라남도 목포시 백년대로231번길 13 (상동),tel:061-242-7000,061-242-7000,https://15774129.go.kr/img/portal/sub/mark1.png,https://15774129.go.kr/img/portal/sub/mark2.png,https://15774129.go.kr/img/portal/sub/mark3.png,98개월전 업데이트,장례예식 패키지 상품 없음,https://15774129.go.kr/img/portal/sub/mark4.png,https://15774129.go.kr/img/portal/sub/mark5.png,
사설,https://15774129.go.kr/BCUser/facilitypic/7000001809/1554958431952.jpg,(주)예담 활주로장례식장,전라남도 나주시 산포면 산남로 137(등정리),tel:061-332-4441,061-332-4441,https://15774129.go.kr/img/portal/sub/mark1.png,https://15774129.go.kr/img/portal/sub/mark2.png,https://15774129.go.kr/img/portal/sub/mark3.png,77개월전 업데이트,장례예식 패키지 상품 없음,https://15774129.go.kr/img/portal/sub/mark4.png,https://15774129.go.kr/img/portal/sub/mark5.png,
사설,https://15774129.go.kr/BCUser/facilitypic/1000000266/1563951554185.png,(유)무안병원장례식장,전라남도 무안군 무안읍 몽탄로 65 (성동리),tel:061-453-0068,061-453-0068,https://15774129.go.kr/img/portal/sub/mark1.png,https://15774129.go.kr/img/portal/sub/mark2.png,https://15774129.go.kr/img/portal/sub/mark4.png,2개월전 업데이트,장례예식 패키지 상품 없음,https://15774129.go.kr/img/portal/sub/mark5.png,,
사설,https://15774129.go.kr/BCUser/facilitypic/1494746275424_1000000338_0.jpg,삼목장례프리드,전라남도 목포시 청호로220번길 17 (산정동),tel:061-274-4441,061-274-4441,https://15774129.go.kr/img/portal/sub/mark1.png,https://15774129.go.kr/img/portal/sub/mark2.png,https://15774129.go.kr/img/portal/sub/mark3.png,104개월전 업데이트,장례예식 패키지 상품 없음,https://15774129.go.kr/img/portal/sub/mark4.png,https://15774129.go.kr/img/portal/sub/mark5.png,
사설,https://15774129.go.kr/BCUser/facilitypic/1656666394193.jpg,광양백운장례식장,전라남도 광양시 광양읍 제철로26번길 19(목성리) (광양경찰서앞),tel:061-761-0004,061-761-0004,https://15774129.go.kr/img/portal/sub/mark1.png,https://15774129.go.kr/img/portal/sub/mark2.png,https://15774129.go.kr/img/portal/sub/mark3.png,0개월전 업데이트,장례예식 패키지 상품 없음,https://15774129.go.kr/img/portal/sub/mark4.png,https://15774129.go.kr/img/portal/sub/mark5.png,
사설,https://15774129.go.kr/BCUser/facilitypic/1557111290617_7000000383_0.jpg,목포하당장례식장,전라남도 목포시 백년대로231번길 13-1 (상동),tel:061-272-4444,061-272-4444,https://15774129.go.kr/img/portal/sub/mark1.png,https://15774129.go.kr/img/portal/sub/mark2.png,https://15774129.go.kr/img/portal/sub/mark3.png,92개월전 업데이트,장례예식 패키지 상품 없음,https://15774129.go.kr/img/portal/sub/mark4.png,https://15774129.go.kr/img/portal/sub/mark5.png,
사설,https://15774129.go.kr/BCUser/facilitypic/7000001989/1554946878885.jpg,해남군산림조합장례식장,전라남도 해남군 해남읍 신안길 2-22 (고도리),tel:061-532-4444,061-532-4444,https://15774129.go.kr/img/portal/sub/mark2.png,https://15774129.go.kr/img/portal/sub/mark3.png,https://15774129.go.kr/img/portal/sub/mark4.png,53개월전 업데이트,장례예식 패키지 상품 없음,,,
사설,https://15774129.go.kr/BCUser/facilitypic/1000000346/1554864215970.png,삼성장례식장,전라남도 목포시 삼학로 32 (호남동),tel:061-244-2266,061-244-2266,https://15774129.go.kr/img/portal/sub/mark1.png,https://15774129.go.kr/img/portal/sub/mark2.png,https://15774129.go.kr/img/portal/sub/mark3.png,46개월전 업데이트,장례예식 패키지 상품 없음,https://15774129.go.kr/img/portal/sub/mark4.png,https://15774129.go.kr/img/portal/sub/mark5.png,
사설,https://15774129.go.kr/BCUser/facilitypic/1516463864625_1000000297_0.jpg,보성우리장례식장,전라남도 보성군 보성읍 봉화로 166-5 (보성리),tel:061-852-4445,061-852-4445,https://15774129.go.kr/img/portal/sub/mark1.png,https://15774129.go.kr/img/portal/sub/mark2.png,https://15774129.go.kr/img/portal/sub/mark3.png,96개월전 업데이트,장례예식 패키지 상품 없음,https://15774129.go.kr/img/portal/sub/mark4.png,,
사설,https://15774129.go.kr/BCUser/facilitypic/1000000722/1554686284162.png,㈜영산포한우리장례식장,전라남도 나주시 왕곡면 영산포로 30-11 (장산리),tel:061-335-4949,061-335-4949,,,,113개월전 업데이트,장례예식 패키지 상품 없음,,,
사설,https://15774129.go.kr/BCUser/facilitypic/1000000039/1554339221124.png,강진장례식장,전라남도 강진군 강진읍 청자로 75-9 (목리),tel:061-432-4004,061-432-4004,https://15774129.go.kr/img/portal/sub/mark1.png,https://15774129.go.kr/img/portal/sub/mark2.png,https://15774129.go.kr/img/portal/sub/mark4.png,77개월전 업데이트,장례예식 패키지 상품 없음,,,
사설,https://15774129.go.kr/BCUser/facilitypic/7000001550/1554281859160.jpg,새미소요양병원장례식장,"전라남도 구례군 구례읍 구례로 28 (신월리, 지리산요양병원)",tel:061-783-4440,061-783-4440,,,,113개월전 업데이트,장례예식 패키지 상품 없음,,,
사설,https://15774129.go.kr/BCUser/facilitypic/1000000298/1554281622266.jpg,보성장례식장,전라남도 보성군 보성읍 송재로 289 (보성리),tel:061-853-4404,061-853-4404,https://15774129.go.kr/img/portal/sub/mark1.png,https://15774129.go.kr/img/portal/sub/mark2.png,https://15774129.go.kr/img/portal/sub/mark4.png,117개월전 업데이트,장례예식 패키지 상품 없음,,,
사설,https://15774129.go.kr/BCUser/facilitypic/1000000157/1554280207171.jpg,나주중앙요양병원장례식장,전라남도 나주시 영산로 5406 (성북동),tel:061-333-0444,061-333-0444,https://15774129.go.kr/img/portal/sub/mark1.png,https://15774129.go.kr/img/portal/sub/mark2.png,https://15774129.go.kr/img/portal/sub/mark4.png,109개월전 업데이트,장례예식 패키지 상품 없음,,,
사설,https://15774129.go.kr/BCUser/facilitypic/7000001537/1476430863671.jpg,낙원장례식장,전라남도 영암군 미암면 잿등로 276 (채지리),tel:061-472-4444,061-472-4444,https://15774129.go.kr/img/portal/sub/mark4.png,,,94개월전 업데이트,장례예식 패키지 상품 없음,,,
사설,https://15774129.go.kr/BCUser/facilitypic/7000000615/1556070225427.jpg,해남우리병원장례식장,전라남도 해남군 옥천면 해남로 597 (영신리),tel:061-532-4446,061-532-4446,https://15774129.go.kr/img/portal/sub/mark2.png,https://15774129.go.kr/img/portal/sub/mark4.png,,113개월전 업데이트,장례예식 패키지 상품 없음,,,
사설,https://15774129.go.kr/BCUser/facilitypic/7000002392/1709685947779.PNG,대덕회진장례식장,전라남도 장흥군 대덕읍 가학회진로 35-85(가학리),tel:061-867-0444,061-867-0444,https://15774129.go.kr/img/portal/sub/mark1.png,https://15774129.go.kr/img/portal/sub/mark2.png,https://15774129.go.kr/img/portal/sub/mark3.png,194개월전 업데이트,장례예식 패키지 상품 없음,https://15774129.go.kr/img/portal/sub/mark4.png,,
사설,https://15774129.go.kr/BCUser/facilitypic/7000001966/1728277384597.png,노화장례문화센터,전라남도 완도군 노화읍 노화로 789 (이포리),tel:02-554-0444,02-554-0444,https://15774129.go.kr/img/portal/sub/mark1.png,https://15774129.go.kr/img/portal/sub/mark2.png,https://15774129.go.kr/img/portal/sub/mark3.png,194개월전 업데이트,장례예식 패키지 상품 없음,https://15774129.go.kr/img/portal/sub/mark4.png,https://15774129.go.kr/img/portal/sub/mark5.png,
사설,https://15774129.go.kr/BCUser/facilitypic/7000001226/1563432981520.jpg,관산장례식장,전라남도 장흥군 관산읍 죽교상하발로 13 (죽교리),tel:061-867-8444,061-867-8444,https://15774129.go.kr/img/portal/sub/mark1.png,https://15774129.go.kr/img/portal/sub/mark2.png,https://15774129.go.kr/img/portal/sub/mark4.png,194개월전 업데이트,장례예식 패키지 상품 없음,,,
사설,https://15774129.go.kr/BCUser/facilitypic/7000000264/1563435733841.jpg,고려장례식장,전라남도 화순군 화순읍 충의로 109 (광덕리),tel:061-375-4500,061-375-4500,https://15774129.go.kr/img/portal/sub/mark1.png,https://15774129.go.kr/img/portal/sub/mark2.png,https://15774129.go.kr/img/portal/sub/mark4.png,194개월전 업데이트,장례예식 패키지 상품 없음,,,
사설,https://15774129.go.kr/BCUser/facilitypic/7000002392/1709685947779.PNG,대덕회진장례식장,전라남도 장흥군 대덕읍 가학회진로 35-85(가학리),tel:061-867-0444,061-867-0444,https://15774129.go.kr/img/portal/sub/mark1.png,https://15774129.go.kr/img/portal/sub/mark2.png,https://15774129.go.kr/img/portal/sub/mark3.png,194개월전 업데이트,장례예식 패키지 상품 없음,https://15774129.go.kr/img/portal/sub/mark4.png,,
사설,https://15774129.go.kr/BCUser/facilitypic/7000001966/1728277384597.png,노화장례문화센터,전라남도 완도군 노화읍 노화로 789 (이포리),tel:02-554-0444,02-554-0444,https://15774129.go.kr/img/portal/sub/mark1.png,https://15774129.go.kr/img/portal/sub/mark2.png,https://15774129.go.kr/img/portal/sub/mark3.png,194개월전 업데이트,장례예식 패키지 상품 없음,https://15774129.go.kr/img/portal/sub/mark4.png,https://15774129.go.kr/img/portal/sub/mark5.png,
