fac_type,fac_thumb src,fac_tit,fac_addr,fac_tel href,fac_tel,convenient src,fac_update,convenient src (2),convenient src (3),convenient src (4),convenient src (5)
사설,https://15774129.go.kr/BCUser/facilitypic/1000000110/1561614478417.jpg,차병원장례식장,"경상북도 구미시 신시로10길 12 (형곡동, 차병원)",tel:054-452-1919,054-452-1919,https://15774129.go.kr/img/portal/sub/mark4.png,0개월전 업데이트,,,,
사설,https://15774129.go.kr/BCUser/facilitypic/1694045514085.jpeg,고아농협 장례문화원,경상북도 구미시 고아읍 오로4길 112 (오로리),tel:054-482-7411,054-482-7411,https://15774129.go.kr/img/portal/sub/mark1.png,1개월전 업데이트,https://15774129.go.kr/img/portal/sub/mark2.png,https://15774129.go.kr/img/portal/sub/mark3.png,https://15774129.go.kr/img/portal/sub/mark4.png,https://15774129.go.kr/img/portal/sub/mark5.png
사설,https://15774129.go.kr/BCUser/facilitypic/1000000603/1564382516395.jpg,왜관병원장례식장,"경상북도 칠곡군 왜관읍 군청2길 10 (왜관리, 왜관병원)",tel:054-976-4446,054-976-4446,https://15774129.go.kr/img/portal/sub/mark1.png,113개월전 업데이트,https://15774129.go.kr/img/portal/sub/mark2.png,https://15774129.go.kr/img/portal/sub/mark3.png,https://15774129.go.kr/img/portal/sub/mark4.png,https://15774129.go.kr/img/portal/sub/mark5.png
사설,https://15774129.go.kr/BCUser/facilitypic/7000001970/1563514982534.jpg,구미푸른요양병원장례식장,경상북도 구미시 장천면 산호대로 1391 (하장리),tel:054-474-4443,054-474-4443,https://15774129.go.kr/img/portal/sub/mark4.png,1개월전 업데이트,,,,
사설,https://15774129.go.kr/BCUser/facilitypic/1531888394644_7000001971_0.jpg,구미천사요양병원장례식장,경상북도 구미시 고아읍 이례로 46 (이례리),tel:054-481-4441,054-481-4441,https://15774129.go.kr/img/portal/sub/mark1.png,77개월전 업데이트,https://15774129.go.kr/img/portal/sub/mark2.png,https://15774129.go.kr/img/portal/sub/mark3.png,https://15774129.go.kr/img/portal/sub/mark4.png,https://15774129.go.kr/img/portal/sub/mark5.png
사설,https://15774129.go.kr/BCUser/facilitypic/1711944654828.jpeg,예천농협장례식장,경상북도 예천군 예천읍 양궁로 154 (청복리),tel:054-655-0990,054-655-0990,https://15774129.go.kr/img/portal/sub/mark1.png,2개월전 업데이트,https://15774129.go.kr/img/portal/sub/mark2.png,https://15774129.go.kr/img/portal/sub/mark3.png,https://15774129.go.kr/img/portal/sub/mark4.png,
사설,https://15774129.go.kr/BCUser/facilitypic/7000002592/1709687959835.PNG,구미제일요양병원장례식장,"경상북도 구미시 고아읍 선산대로 1116 (오로리, 제일병원)",tel:054-481-1900,054-481-1900,https://15774129.go.kr/img/portal/sub/mark1.png,48개월전 업데이트,https://15774129.go.kr/img/portal/sub/mark2.png,https://15774129.go.kr/img/portal/sub/mark3.png,https://15774129.go.kr/img/portal/sub/mark4.png,https://15774129.go.kr/img/portal/sub/mark5.png
사설,https://15774129.go.kr/BCUser/facilitypic/1000000057/1560322750181.jpg,경주전문장례식장,경상북도 경주시 유림로97번길 45 (황성동),tel:054-744-4000,054-744-4000,https://15774129.go.kr/img/portal/sub/mark4.png,1개월전 업데이트,,,,
공설,https://15774129.go.kr/BCUser/facilitypic/1465962432201_1000000513_0.JPG,안동의료원 장례식장 국화원,"경상북도 안동시 태사2길 55,안동의료원 (북문동)",tel:054-850-6440,054-850-6440,https://15774129.go.kr/img/portal/sub/mark1.png,1개월전 업데이트,https://15774129.go.kr/img/portal/sub/mark2.png,https://15774129.go.kr/img/portal/sub/mark3.png,https://15774129.go.kr/img/portal/sub/mark4.png,https://15774129.go.kr/img/portal/sub/mark5.png
사설,https://15774129.go.kr/BCUser/facilitypic/1000000229/1563512989783.jpg,동국대학교경주병원장례식장,경상북도 경주시 동대로 87 (석장동),tel:054-770-8333,054-770-8333,https://15774129.go.kr/img/portal/sub/mark1.png,1개월전 업데이트,https://15774129.go.kr/img/portal/sub/mark2.png,https://15774129.go.kr/img/portal/sub/mark3.png,https://15774129.go.kr/img/portal/sub/mark4.png,https://15774129.go.kr/img/portal/sub/mark5.png
사설,https://15774129.go.kr/BCUser/facilitypic/1601957764427_7000002404_0.jpg,선산 국화원 전문 장례식장,경상북도 구미시 선산읍 선산대로 1269 (화조리),tel:054-481-2929,054-481-2929,https://15774129.go.kr/img/portal/sub/mark2.png,1개월전 업데이트,https://15774129.go.kr/img/portal/sub/mark3.png,https://15774129.go.kr/img/portal/sub/mark4.png,,
사설,https://15774129.go.kr/BCUser/facilitypic/1702274208466.jpg,구미가톨릭요양병원장례식장,경상북도 구미시 야은로 483 (도량동),tel:054-442-2323,054-442-2323,https://15774129.go.kr/img/portal/sub/mark1.png,1개월전 업데이트,https://15774129.go.kr/img/portal/sub/mark2.png,https://15774129.go.kr/img/portal/sub/mark3.png,https://15774129.go.kr/img/portal/sub/mark4.png,
사설,https://15774129.go.kr/BCUser/facilitypic/1000000110/1561614478417.jpg,차병원장례식장,"경상북도 구미시 신시로10길 12 (형곡동, 차병원)",tel:054-452-1919,054-452-1919,https://15774129.go.kr/img/portal/sub/mark4.png,0개월전 업데이트,,,,
사설,https://15774129.go.kr/BCUser/facilitypic/1694045514085.jpeg,고아농협 장례문화원,경상북도 구미시 고아읍 오로4길 112 (오로리),tel:054-482-7411,054-482-7411,https://15774129.go.kr/img/portal/sub/mark1.png,1개월전 업데이트,https://15774129.go.kr/img/portal/sub/mark2.png,https://15774129.go.kr/img/portal/sub/mark3.png,https://15774129.go.kr/img/portal/sub/mark4.png,https://15774129.go.kr/img/portal/sub/mark5.png
사설,https://15774129.go.kr/BCUser/facilitypic/1000000473/1563510435098.jpg,순천향장례식장,"경상북도 구미시 1공단로 179 (공단동, 구미순천향병원)",tel:054-464-4444,054-464-4444,https://15774129.go.kr/img/portal/sub/mark1.png,1개월전 업데이트,https://15774129.go.kr/img/portal/sub/mark2.png,https://15774129.go.kr/img/portal/sub/mark4.png,,
사설,https://15774129.go.kr/BCUser/facilitypic/7000002790/1715041945561.gif,구미강동병원장례식장,"경상북도 구미시 인동20길 46 지하1층 (진평동, 구미강동병원)",tel:054-473-9650,054-473-9650,https://15774129.go.kr/img/portal/sub/mark1.png,1개월전 업데이트,https://15774129.go.kr/img/portal/sub/mark2.png,https://15774129.go.kr/img/portal/sub/mark4.png,,
사설,https://15774129.go.kr/BCUser/facilitypic/7000000980/1560329792778.jpg,남구미요양병원장례식장,경상북도 구미시 금오대로 378 (오태동),tel:054-716-0044,054-716-0044,https://15774129.go.kr/img/portal/sub/mark4.png,1개월전 업데이트,,,,
사설,https://15774129.go.kr/BCUser/facilitypic/1000000066/1563522914765.jpg,계명대학교경주동산병원장례식장,"경상북도 경주시 봉황로 65 (서부동, 계명대학교경주동산병원)",tel:054-774-0288,054-774-0288,https://15774129.go.kr/img/portal/sub/mark1.png,28개월전 업데이트,https://15774129.go.kr/img/portal/sub/mark3.png,https://15774129.go.kr/img/portal/sub/mark4.png,https://15774129.go.kr/img/portal/sub/mark5.png,
사설,https://15774129.go.kr/BCUser/facilitypic/7000001975/1562898209981.jpg,효사랑요양병원장례식장,"경상북도 영천시 금호읍 금호로 484 (신월리, 효사랑요양병원)",tel:054-337-4044,054-337-4044,https://15774129.go.kr/img/portal/sub/mark1.png,1개월전 업데이트,https://15774129.go.kr/img/portal/sub/mark2.png,https://15774129.go.kr/img/portal/sub/mark3.png,https://15774129.go.kr/img/portal/sub/mark4.png,https://15774129.go.kr/img/portal/sub/mark5.png
공설,https://15774129.go.kr/BCUser/facilitypic/1000000148/1554254692475.jpg,김천의료원장례식장,경상북도 김천시 모암길 24 (모암동),tel:054-429-8280,054-429-8280,https://15774129.go.kr/img/portal/sub/mark1.png,1개월전 업데이트,https://15774129.go.kr/img/portal/sub/mark2.png,https://15774129.go.kr/img/portal/sub/mark4.png,,
사설,https://15774129.go.kr/BCUser/facilitypic/7000001824/1560329992806.jpg,아성병원장례식장,경상북도 구미시 선기로 155-23 (선기동),tel:054-442-5555,054-442-5555,https://15774129.go.kr/img/portal/sub/mark1.png,1개월전 업데이트,https://15774129.go.kr/img/portal/sub/mark2.png,https://15774129.go.kr/img/portal/sub/mark3.png,https://15774129.go.kr/img/portal/sub/mark4.png,
사설,https://15774129.go.kr/BCUser/facilitypic/7000001604/1560327742123.jpg,시민장례식장,경상북도 경주시 화랑로 40 (성건동),tel:054-775-4443,054-775-4443,https://15774129.go.kr/img/portal/sub/mark2.png,28개월전 업데이트,https://15774129.go.kr/img/portal/sub/mark4.png,,,
사설,https://15774129.go.kr/BCUser/facilitypic/1000000116/1561096883263.png,문경국화원장례식장,경상북도 문경시 공평로 134 (공평동),tel:054-555-6444,054-555-6444,https://15774129.go.kr/img/portal/sub/mark1.png,1개월전 업데이트,https://15774129.go.kr/img/portal/sub/mark4.png,,,
사설,https://15774129.go.kr/BCUser/facilitypic/7000002306/1579508428790.jpg,영덕제일요양병원장례식장,경상북도 영덕군 영덕읍 우곡길 52 (우곡리),tel:054-733-4440,054-733-4440,https://15774129.go.kr/img/portal/sub/mark2.png,72개월전 업데이트,https://15774129.go.kr/img/portal/sub/mark3.png,https://15774129.go.kr/img/portal/sub/mark4.png,https://15774129.go.kr/img/portal/sub/mark5.png,
사설,https://15774129.go.kr/BCUser/facilitypic/1000000507/1563514491646.jpg,안강중앙병원장례식장,경상북도 경주시 안강읍 안강중앙로 150-3 (산대리),tel:054-761-3014,054-761-3014,https://15774129.go.kr/img/portal/sub/mark1.png,16개월전 업데이트,https://15774129.go.kr/img/portal/sub/mark2.png,https://15774129.go.kr/img/portal/sub/mark4.png,https://15774129.go.kr/img/portal/sub/mark5.png,
사설,https://15774129.go.kr/BCUser/facilitypic/1000000585/1559106028066.jpg,예천장례식장,경상북도 예천군 예천읍 충효로 35-8 (지내리),tel:054-655-4442,054-655-4442,https://15774129.go.kr/img/portal/sub/mark1.png,4개월전 업데이트,https://15774129.go.kr/img/portal/sub/mark2.png,https://15774129.go.kr/img/portal/sub/mark3.png,https://15774129.go.kr/img/portal/sub/mark4.png,
사설,https://15774129.go.kr/BCUser/facilitypic/1573872188910_7000002271_0.jpg,상주시민장례식장,경상북도 상주시 경상대로 2693 (가장동),tel:054-536-8800,054-536-8800,https://15774129.go.kr/img/portal/sub/mark1.png,7개월전 업데이트,https://15774129.go.kr/img/portal/sub/mark2.png,https://15774129.go.kr/img/portal/sub/mark3.png,https://15774129.go.kr/img/portal/sub/mark4.png,https://15774129.go.kr/img/portal/sub/mark5.png
사설,https://15774129.go.kr/BCUser/facilitypic/1726321885415.jpg,예천권병원장례식장,"경상북도 예천군 예천읍 시장로 136 (동본리, 예천권병원)",tel:054-655-0456,054-655-0456,https://15774129.go.kr/img/portal/sub/mark1.png,4개월전 업데이트,https://15774129.go.kr/img/portal/sub/mark2.png,https://15774129.go.kr/img/portal/sub/mark3.png,https://15774129.go.kr/img/portal/sub/mark4.png,https://15774129.go.kr/img/portal/sub/mark5.png
사설,https://15774129.go.kr/BCUser/facilitypic/1000000401/1560329845780.jpg,선산전문장례식장,경상북도 구미시 선산읍 선상동로 58 (생곡리),tel:054-482-1414,054-482-1414,https://15774129.go.kr/img/portal/sub/mark1.png,1개월전 업데이트,https://15774129.go.kr/img/portal/sub/mark2.png,https://15774129.go.kr/img/portal/sub/mark3.png,https://15774129.go.kr/img/portal/sub/mark4.png,
사설,https://15774129.go.kr/BCUser/facilitypic/1000000828/1559108713399.jpg,포항시민전문장례식장,경상북도 포항시 북구 새천년대로 1191 (장성동),tel:054-253-4444,054-253-4444,https://15774129.go.kr/img/portal/sub/mark1.png,1개월전 업데이트,https://15774129.go.kr/img/portal/sub/mark2.png,https://15774129.go.kr/img/portal/sub/mark3.png,https://15774129.go.kr/img/portal/sub/mark4.png,https://15774129.go.kr/img/portal/sub/mark5.png
사설,https://15774129.go.kr/BCUser/facilitypic/1000000270/1555900971166.gif,문경제일병원장례식장,경상북도 문경시 당교3길 25 (모전동),tel:054-550-7948,054-550-7948,https://15774129.go.kr/img/portal/sub/mark1.png,1개월전 업데이트,https://15774129.go.kr/img/portal/sub/mark2.png,https://15774129.go.kr/img/portal/sub/mark3.png,https://15774129.go.kr/img/portal/sub/mark4.png,https://15774129.go.kr/img/portal/sub/mark5.png
사설,https://15774129.go.kr/BCUser/facilitypic/7000000890/1560327646585.jpg,미루병원장례식장,경상북도 경주시 안강읍 화전북4길 8 (산대리),tel:054-762-4404,054-762-4404,https://15774129.go.kr/img/portal/sub/mark1.png,52개월전 업데이트,https://15774129.go.kr/img/portal/sub/mark2.png,https://15774129.go.kr/img/portal/sub/mark4.png,,
사설,https://15774129.go.kr/BCUser/facilitypic/7000001074/1563515493537.jpg,제일장례식장,경상북도 상주시 영남제일로 1408-15 (복룡동),tel:054-531-4411,054-531-4411,https://15774129.go.kr/img/portal/sub/mark1.png,32개월전 업데이트,https://15774129.go.kr/img/portal/sub/mark2.png,https://15774129.go.kr/img/portal/sub/mark3.png,https://15774129.go.kr/img/portal/sub/mark4.png,https://15774129.go.kr/img/portal/sub/mark5.png
공설,https://15774129.go.kr/BCUser/facilitypic/1000000748/1761726417840.jpg,경상북도포항의료원 장례식장,"경상북도 포항시 북구 용흥로 36 (용흥동, 포항의료원)",tel:054-245-0444,054-245-0444,https://15774129.go.kr/img/portal/sub/mark1.png,1개월전 업데이트,https://15774129.go.kr/img/portal/sub/mark2.png,https://15774129.go.kr/img/portal/sub/mark3.png,https://15774129.go.kr/img/portal/sub/mark4.png,https://15774129.go.kr/img/portal/sub/mark5.png
사설,https://15774129.go.kr/BCUser/facilitypic/1628575491157.jpg,교원예움 포항국화원장례식장,경상북도 포항시 남구 희망대로 644 (대잠동),tel:054-272-4444,054-272-4444,https://15774129.go.kr/img/portal/sub/mark1.png,39개월전 업데이트,https://15774129.go.kr/img/portal/sub/mark2.png,https://15774129.go.kr/img/portal/sub/mark3.png,https://15774129.go.kr/img/portal/sub/mark4.png,https://15774129.go.kr/img/portal/sub/mark5.png
사설,https://15774129.go.kr/BCUser/facilitypic/1000000075/1709689790435.PNG,고령전문장례식장,경상북도 고령군 쌍림면 대가야로 947 (고곡리),tel:054-956-4444,054-956-4444,https://15774129.go.kr/img/portal/sub/mark1.png,30개월전 업데이트,https://15774129.go.kr/img/portal/sub/mark2.png,https://15774129.go.kr/img/portal/sub/mark3.png,https://15774129.go.kr/img/portal/sub/mark4.png,https://15774129.go.kr/img/portal/sub/mark5.png
사설,https://15774129.go.kr/BCUser/facilitypic/7000001599/1560327974111.jpg,고령대가야장례식장,경상북도 고령군 대가야읍 일량로 83 (고아리),tel:054-955-1667,054-955-1667,https://15774129.go.kr/img/portal/sub/mark1.png,62개월전 업데이트,https://15774129.go.kr/img/portal/sub/mark2.png,https://15774129.go.kr/img/portal/sub/mark3.png,https://15774129.go.kr/img/portal/sub/mark4.png,https://15774129.go.kr/img/portal/sub/mark5.png
사설,https://15774129.go.kr/BCUser/facilitypic/7000001455/1564373090514.jpg,영덕효요양병원장례식장,경상북도 영덕군 영덕읍 영덕로 72-12 (남산리),tel:054-732-4444,054-732-4444,https://15774129.go.kr/img/portal/sub/mark1.png,73개월전 업데이트,https://15774129.go.kr/img/portal/sub/mark2.png,https://15774129.go.kr/img/portal/sub/mark4.png,,
사설,https://15774129.go.kr/BCUser/facilitypic/7000000873/1563952854020.png,문경장례식장,경상북도 문경시 산양면 서당마길 7-5 (반곡리),tel:054-555-7000,054-555-7000,https://15774129.go.kr/img/portal/sub/mark1.png,1개월전 업데이트,https://15774129.go.kr/img/portal/sub/mark2.png,https://15774129.go.kr/img/portal/sub/mark3.png,https://15774129.go.kr/img/portal/sub/mark4.png,
사설,https://15774129.go.kr/BCUser/facilitypic/1000000149/1561094695486.png,김천시민장례식장,경상북도 김천시 남면 초곡길 167 (초곡리),tel:054-435-4321,054-435-4321,https://15774129.go.kr/img/portal/sub/mark1.png,47개월전 업데이트,https://15774129.go.kr/img/portal/sub/mark2.png,https://15774129.go.kr/img/portal/sub/mark3.png,https://15774129.go.kr/img/portal/sub/mark4.png,https://15774129.go.kr/img/portal/sub/mark5.png
사설,https://15774129.go.kr/BCUser/facilitypic/1000000006/1474966376765.jpg,(의)동재의료재단오차드장례식장,"경상북도 울진군 후포면 동해대로 441 (삼율리, 오차드요양병원)",tel:054-787-1206,054-787-1206,https://15774129.go.kr/img/portal/sub/mark1.png,42개월전 업데이트,https://15774129.go.kr/img/portal/sub/mark2.png,https://15774129.go.kr/img/portal/sub/mark3.png,https://15774129.go.kr/img/portal/sub/mark4.png,https://15774129.go.kr/img/portal/sub/mark5.png
사설,https://15774129.go.kr/BCUser/facilitypic/7000002699/1709689930102.PNG,늘푸른장례식장,"경상북도 경주시 유림로13번길 155 (용강동, 늘푸른요양병원)",tel:054-705-4444,054-705-4444,https://15774129.go.kr/img/portal/sub/mark1.png,30개월전 업데이트,https://15774129.go.kr/img/portal/sub/mark2.png,https://15774129.go.kr/img/portal/sub/mark3.png,https://15774129.go.kr/img/portal/sub/mark4.png,https://15774129.go.kr/img/portal/sub/mark5.png
사설,https://15774129.go.kr/BCUser/facilitypic/1000000826/1559114576218.jpg,포항성모병원장례식장,"경상북도 포항시 남구 대잠동길 17 (대잠동,포항성모병원)",tel:054-260-8048,054-260-8048,https://15774129.go.kr/img/portal/sub/mark1.png,17개월전 업데이트,https://15774129.go.kr/img/portal/sub/mark2.png,https://15774129.go.kr/img/portal/sub/mark3.png,https://15774129.go.kr/img/portal/sub/mark4.png,https://15774129.go.kr/img/portal/sub/mark5.png
사설,https://15774129.go.kr/BCUser/facilitypic/1000000576/1563517024449.jpg,영천참좋은요양병원장례식장,경상북도 영천시 망정1길 32 (망정동),tel:054-338-1024,054-338-1024,https://15774129.go.kr/img/portal/sub/mark2.png,109개월전 업데이트,https://15774129.go.kr/img/portal/sub/mark4.png,,,
사설,https://15774129.go.kr/BCUser/facilitypic/1000000644/1562898465652.jpg,의성전문장례식장,"경상북도 의성군 의성읍 홍술로 89-49 (철파리, 의성장례식장)",tel:054-832-4004,054-832-4004,https://15774129.go.kr/img/portal/sub/mark1.png,76개월전 업데이트,https://15774129.go.kr/img/portal/sub/mark4.png,https://15774129.go.kr/img/portal/sub/mark5.png,,
사설,https://15774129.go.kr/BCUser/facilitypic/7000001114/1561097683574.png,상주장례식장,경상북도 상주시 영남제일로 1953 (낙양동),tel:054-531-4444,054-531-4444,https://15774129.go.kr/img/portal/sub/mark1.png,10개월전 업데이트,https://15774129.go.kr/img/portal/sub/mark4.png,https://15774129.go.kr/img/portal/sub/mark5.png,,
사설,https://15774129.go.kr/BCUser/facilitypic/1000000354/1563515113682.jpg,상주성모병원 장례식장,경상북도 상주시 냉림서성길 7 (냉림동),tel:054-535-6000,054-535-6000,https://15774129.go.kr/img/portal/sub/mark1.png,13개월전 업데이트,https://15774129.go.kr/img/portal/sub/mark2.png,https://15774129.go.kr/img/portal/sub/mark4.png,https://15774129.go.kr/img/portal/sub/mark5.png,
사설,https://15774129.go.kr/BCUser/facilitypic/1000000556/1559106560681.jpg,영덕아산병원 장례식장,경상북도 영덕군 영해면 영덕로 1621 (성내리),tel:054-730-0168,054-730-0168,https://15774129.go.kr/img/portal/sub/mark1.png,2개월전 업데이트,https://15774129.go.kr/img/portal/sub/mark2.png,https://15774129.go.kr/img/portal/sub/mark3.png,https://15774129.go.kr/img/portal/sub/mark4.png,https://15774129.go.kr/img/portal/sub/mark5.png
사설,https://15774129.go.kr/BCUser/facilitypic/7000001599/1560327974111.jpg,고령대가야장례식장,경상북도 고령군 대가야읍 일량로 83 (고아리),tel:054-955-1667,054-955-1667,https://15774129.go.kr/img/portal/sub/mark1.png,62개월전 업데이트,https://15774129.go.kr/img/portal/sub/mark2.png,https://15774129.go.kr/img/portal/sub/mark3.png,https://15774129.go.kr/img/portal/sub/mark4.png,https://15774129.go.kr/img/portal/sub/mark5.png
사설,https://15774129.go.kr/BCUser/facilitypic/7000001455/1564373090514.jpg,영덕효요양병원장례식장,경상북도 영덕군 영덕읍 영덕로 72-12 (남산리),tel:054-732-4444,054-732-4444,https://15774129.go.kr/img/portal/sub/mark1.png,73개월전 업데이트,https://15774129.go.kr/img/portal/sub/mark2.png,https://15774129.go.kr/img/portal/sub/mark4.png,,
사설,https://15774129.go.kr/BCUser/facilitypic/1000000511/1559106264472.jpg,안동병원장례식장,경상북도 안동시 앙실로 11 (수상동),tel:054-840-0030,054-840-0030,https://15774129.go.kr/img/portal/sub/mark1.png,89개월전 업데이트,https://15774129.go.kr/img/portal/sub/mark2.png,https://15774129.go.kr/img/portal/sub/mark4.png,https://15774129.go.kr/img/portal/sub/mark5.png,
사설,https://15774129.go.kr/BCUser/facilitypic/7000001124/1563515309006.jpg,성주효병원장례식장,경상북도 성주군 성주읍 성주순환로 239 (예산리),tel:054-933-1282,054-933-1282,https://15774129.go.kr/img/portal/sub/mark1.png,18개월전 업데이트,https://15774129.go.kr/img/portal/sub/mark2.png,https://15774129.go.kr/img/portal/sub/mark4.png,https://15774129.go.kr/img/portal/sub/mark5.png,
사설,https://15774129.go.kr/BCUser/facilitypic/1466205493616_7000000989_0.jpg,대한적십자사상주병원장례식장,"경상북도 상주시 상서문로 53 (남성동, 적십자병원)",tel:054-530-3017,054-530-3017,https://15774129.go.kr/img/portal/sub/mark1.png,7개월전 업데이트,https://15774129.go.kr/img/portal/sub/mark2.png,https://15774129.go.kr/img/portal/sub/mark4.png,https://15774129.go.kr/img/portal/sub/mark5.png,
사설,https://15774129.go.kr/BCUser/facilitypic/1706518002341.jpg,위더스요양병원장례식장,"경상북도 경주시 승삼북길 31 (용강동, 위더스요양병원)",tel:054-744-4044,054-744-4044,https://15774129.go.kr/img/portal/sub/mark1.png,23개월전 업데이트,https://15774129.go.kr/img/portal/sub/mark2.png,https://15774129.go.kr/img/portal/sub/mark3.png,https://15774129.go.kr/img/portal/sub/mark4.png,
사설,https://15774129.go.kr/BCUser/facilitypic/7000001218/1554342465173.png,양지요양병원장례식장,경상북도 경산시 경산로 174 (옥산동 793),tel:053-817-9444,053-817-9444,https://15774129.go.kr/img/portal/sub/mark1.png,42개월전 업데이트,https://15774129.go.kr/img/portal/sub/mark2.png,https://15774129.go.kr/img/portal/sub/mark4.png,,
사설,https://15774129.go.kr/BCUser/facilitypic/1420014964290_7000000999_0.JPG,영천영락원장례식장,경상북도 영천시 천문로 596-8 (오미동),tel:054-336-4444,054-336-4444,https://15774129.go.kr/img/portal/sub/mark1.png,84개월전 업데이트,https://15774129.go.kr/img/portal/sub/mark2.png,https://15774129.go.kr/img/portal/sub/mark3.png,https://15774129.go.kr/img/portal/sub/mark4.png,https://15774129.go.kr/img/portal/sub/mark5.png
사설,https://15774129.go.kr/BCUser/facilitypic/1000000013/1561103997098.jpg,가야장례식장,경상북도 성주군 성주읍 주산로 189 (삼산리),tel:054-933-4114,054-933-4114,https://15774129.go.kr/img/portal/sub/mark2.png,38개월전 업데이트,https://15774129.go.kr/img/portal/sub/mark4.png,,,
사설,https://15774129.go.kr/BCUser/facilitypic/1723008979978.jpeg,공생병원장례식장,경상북도 의성군 의성읍 후죽2길 6 (후죽리),tel:054-834-9906,054-834-9906,https://15774129.go.kr/img/portal/sub/mark1.png,32개월전 업데이트,https://15774129.go.kr/img/portal/sub/mark2.png,https://15774129.go.kr/img/portal/sub/mark3.png,https://15774129.go.kr/img/portal/sub/mark4.png,https://15774129.go.kr/img/portal/sub/mark5.png
사설,https://15774129.go.kr/BCUser/facilitypic/1000000429/1554687959657.png,성제장례식장,"경상북도 의성군 안계면 안계길 200 (용기리, 성제병원)",tel:054-861-4441,054-861-4441,https://15774129.go.kr/img/portal/sub/mark4.png,73개월전 업데이트,,,,
사설,https://15774129.go.kr/BCUser/facilitypic/1000000933/1563523077001.jpg,효신전문장례식장,경상북도 상주시 함창읍 경상대로 4946-43 (오동리),tel:054-541-8007,054-541-8007,https://15774129.go.kr/img/portal/sub/mark1.png,6개월전 업데이트,https://15774129.go.kr/img/portal/sub/mark2.png,https://15774129.go.kr/img/portal/sub/mark3.png,https://15774129.go.kr/img/portal/sub/mark4.png,
공설,https://15774129.go.kr/BCUser/facilitypic/1467254007589_1000000626_0.jpg,울진군의료원장례식장,"경상북도 울진군 울진읍 현내항길 71 (연지리, 울진군의료원)",tel:054-785-7800,054-785-7800,https://15774129.go.kr/img/portal/sub/mark1.png,8개월전 업데이트,https://15774129.go.kr/img/portal/sub/mark2.png,https://15774129.go.kr/img/portal/sub/mark3.png,https://15774129.go.kr/img/portal/sub/mark4.png,https://15774129.go.kr/img/portal/sub/mark5.png
사설,https://15774129.go.kr/BCUser/facilitypic/1000000827/1554351966592.jpg,포항세명기독병원장례식장,경상북도 포항시 남구 상공로 120 (대도동),tel:054-289-1919,054-289-1919,https://15774129.go.kr/img/portal/sub/mark1.png,17개월전 업데이트,https://15774129.go.kr/img/portal/sub/mark2.png,https://15774129.go.kr/img/portal/sub/mark4.png,,
사설,https://15774129.go.kr/BCUser/facilitypic/1478238032700_7000000988_0.jpg,영덕전문장례식장,경상북도 영덕군 영덕읍 하저길 20 (우곡리),tel:054-734-6800,054-734-6800,https://15774129.go.kr/img/portal/sub/mark1.png,28개월전 업데이트,https://15774129.go.kr/img/portal/sub/mark2.png,https://15774129.go.kr/img/portal/sub/mark3.png,https://15774129.go.kr/img/portal/sub/mark4.png,https://15774129.go.kr/img/portal/sub/mark5.png
사설,https://15774129.go.kr/BCUser/facilitypic/1000000150/1561094905687.png,김천제일병원장례식장,경상북도 김천시 신음1길 12 (신음동),tel:054-433-9444,054-433-9444,https://15774129.go.kr/img/portal/sub/mark1.png,82개월전 업데이트,https://15774129.go.kr/img/portal/sub/mark2.png,https://15774129.go.kr/img/portal/sub/mark4.png,https://15774129.go.kr/img/portal/sub/mark5.png,
사설,https://15774129.go.kr/BCUser/facilitypic/1000000186/1555304951839.jpg,다인농협장례식장,경상북도 의성군 다인면 단북다인로 1069 (산내리),tel:054-861-4011,054-861-4011,https://15774129.go.kr/img/portal/sub/mark1.png,85개월전 업데이트,https://15774129.go.kr/img/portal/sub/mark4.png,,,
사설,https://15774129.go.kr/BCUser/facilitypic/1000000575/1554959547085.jpg,(주)영천장례식장,경상북도 영천시 한방로 35 (도동),tel:054-332-4000,054-332-4000,https://15774129.go.kr/img/portal/sub/mark1.png,120개월전 업데이트,https://15774129.go.kr/img/portal/sub/mark2.png,https://15774129.go.kr/img/portal/sub/mark4.png,,
사설,https://15774129.go.kr/BCUser/facilitypic/7000001923/1564378970373.jpg,의성제일장례식장,경상북도 의성군 의성읍 홍술로 94 (원당리),tel:054-834-4300,054-834-4300,https://15774129.go.kr/img/portal/sub/mark1.png,103개월전 업데이트,https://15774129.go.kr/img/portal/sub/mark2.png,https://15774129.go.kr/img/portal/sub/mark3.png,https://15774129.go.kr/img/portal/sub/mark4.png,https://15774129.go.kr/img/portal/sub/mark5.png
사설,https://15774129.go.kr/BCUser/facilitypic/1000000434/1556079998386.jpg,세명병원장례식장,경상북도 경산시 경안로 208 (중방동),tel:053-816-4444,053-816-4444,https://15774129.go.kr/img/portal/sub/mark1.png,75개월전 업데이트,https://15774129.go.kr/img/portal/sub/mark2.png,https://15774129.go.kr/img/portal/sub/mark4.png,,
사설,https://15774129.go.kr/BCUser/facilitypic/1000000569/1561104678148.png,영양병원장례식장,"경상북도 영양군 영양읍 동서대로 75 (서부리, 영양병원)",tel:054-682-0727,054-682-0727,https://15774129.go.kr/img/portal/sub/mark4.png,120개월전 업데이트,,,,
사설,https://15774129.go.kr/BCUser/facilitypic/1467683513711_7000000284_0.png,경산중앙병원장례식장,경상북도 경산시 경안로 11 (백천동),tel:053-814-0044,053-814-0044,https://15774129.go.kr/img/portal/sub/mark1.png,19개월전 업데이트,https://15774129.go.kr/img/portal/sub/mark2.png,https://15774129.go.kr/img/portal/sub/mark4.png,https://15774129.go.kr/img/portal/sub/mark5.png,
사설,https://15774129.go.kr/BCUser/facilitypic/7000001266/1559106091493.jpg,의성성심요양병원장례식장,경상북도 의성군 금성면 탑리길 8-2 (대리리),tel:054-833-4479,054-833-4479,https://15774129.go.kr/img/portal/sub/mark2.png,56개월전 업데이트,https://15774129.go.kr/img/portal/sub/mark4.png,,,
사설,https://15774129.go.kr/BCUser/facilitypic/1555561760437_7000002209_0.jpg,영주적십자병원장례식장,"경상북도 영주시 대학로 327 (가흥동, 영주적십자병원)",tel:054-630-0128,054-630-0128,https://15774129.go.kr/img/portal/sub/mark1.png,81개월전 업데이트,https://15774129.go.kr/img/portal/sub/mark2.png,https://15774129.go.kr/img/portal/sub/mark3.png,https://15774129.go.kr/img/portal/sub/mark4.png,https://15774129.go.kr/img/portal/sub/mark5.png
사설,https://15774129.go.kr/BCUser/facilitypic/1653359502119.JPG,봉화군산림조합장례식장,"경상북도 봉화군 봉화읍 봉화로 850 (적덕리, 봉화군산림조합장례식장)",tel:054-674-4119,054-674-4119,https://15774129.go.kr/img/portal/sub/mark1.png,26개월전 업데이트,https://15774129.go.kr/img/portal/sub/mark2.png,https://15774129.go.kr/img/portal/sub/mark3.png,https://15774129.go.kr/img/portal/sub/mark4.png,
사설,https://15774129.go.kr/BCUser/facilitypic/7000001205/1563523987292.jpg,명품병원장례문화원,경상북도 영주시 반지미로 260 (가흥동),tel:054-634-1444,054-634-1444,https://15774129.go.kr/img/portal/sub/mark2.png,117개월전 업데이트,https://15774129.go.kr/img/portal/sub/mark4.png,https://15774129.go.kr/img/portal/sub/mark5.png,,
사설,https://15774129.go.kr/BCUser/facilitypic/1000000510/1554339664299.png,안동농협장례식장,경상북도 안동시 서동문로 99 (금곡동),tel:054-821-4404,054-821-4404,https://15774129.go.kr/img/portal/sub/mark1.png,24개월전 업데이트,https://15774129.go.kr/img/portal/sub/mark2.png,https://15774129.go.kr/img/portal/sub/mark3.png,https://15774129.go.kr/img/portal/sub/mark4.png,https://15774129.go.kr/img/portal/sub/mark5.png
사설,https://15774129.go.kr/BCUser/facilitypic/7000001100/1709687086370.PNG,시티병원장례식장,"경상북도 포항시 북구 장량로31번길 56 (장성동, 시티병원)",tel:054-231-4444,054-231-4444,,25개월전 업데이트,,,,
사설,https://15774129.go.kr/BCUser/facilitypic/1000000209/1561615054002.jpg,대영장례식장,경상북도 영주시 봉화로 89 (상망동),tel:054-634-4441,054-634-4441,https://15774129.go.kr/img/portal/sub/mark2.png,37개월전 업데이트,https://15774129.go.kr/img/portal/sub/mark3.png,https://15774129.go.kr/img/portal/sub/mark4.png,,
사설,https://15774129.go.kr/BCUser/facilitypic/7000001070/1563516731348.jpg,자인병원장례식장,경상북도 영주시 대동로31번길 9 (가흥동),tel:054-635-3400,054-635-3400,,114개월전 업데이트,,,,
사설,https://15774129.go.kr/BCUser/facilitypic/7000001724/1563509892623.jpg,흥해경희요양병원장례식장,"경상북도 포항시 북구 흥해읍 동해대로 1515, B1층 (옥성리)",tel:054-262-4411,054-262-4411,https://15774129.go.kr/img/portal/sub/mark1.png,96개월전 업데이트,https://15774129.go.kr/img/portal/sub/mark4.png,https://15774129.go.kr/img/portal/sub/mark5.png,,
사설,https://15774129.go.kr/BCUser/facilitypic/7000001142/1563949529714.jpg,용상안동병원장례식장,경상북도 안동시 전거리길 57 (용상동),tel:054-840-0040,054-840-0040,https://15774129.go.kr/img/portal/sub/mark1.png,124개월전 업데이트,https://15774129.go.kr/img/portal/sub/mark2.png,https://15774129.go.kr/img/portal/sub/mark4.png,https://15774129.go.kr/img/portal/sub/mark5.png,
사설,https://15774129.go.kr/BCUser/facilitypic/7000001102/1555491176065.png,의성중부농협장례식장,경상북도 의성군 봉양면 강변길 957-10 (화전리),tel:054-832-2704,054-832-2704,https://15774129.go.kr/img/portal/sub/mark1.png,21개월전 업데이트,https://15774129.go.kr/img/portal/sub/mark2.png,https://15774129.go.kr/img/portal/sub/mark3.png,https://15774129.go.kr/img/portal/sub/mark4.png,
사설,https://15774129.go.kr/BCUser/facilitypic/1443072335732_1000000831_0.jpg,풍기성심요양병원장례식장,경상북도 영주시 풍기읍 소백로1916번길 6 (동부리),tel:054-630-2500,054-630-2500,https://15774129.go.kr/img/portal/sub/mark1.png,21개월전 업데이트,https://15774129.go.kr/img/portal/sub/mark2.png,https://15774129.go.kr/img/portal/sub/mark3.png,https://15774129.go.kr/img/portal/sub/mark4.png,https://15774129.go.kr/img/portal/sub/mark5.png
사설,https://15774129.go.kr/BCUser/facilitypic/1662167094353.jpg,영주 국화원장례식장,경상북도 영주시 신재로 167 (상줄동),tel:054-633-4441,054-633-4441,https://15774129.go.kr/img/portal/sub/mark1.png,7개월전 업데이트,https://15774129.go.kr/img/portal/sub/mark2.png,https://15774129.go.kr/img/portal/sub/mark3.png,https://15774129.go.kr/img/portal/sub/mark4.png,https://15774129.go.kr/img/portal/sub/mark5.png
사설,https://15774129.go.kr/BCUser/facilitypic/1000000808/1563949224410.jpg,태찬장례예식장,경상북도 김천시 농공단지길 20-22 (신음동),tel:054-435-6119,054-435-6119,https://15774129.go.kr/img/portal/sub/mark1.png,78개월전 업데이트,https://15774129.go.kr/img/portal/sub/mark2.png,https://15774129.go.kr/img/portal/sub/mark3.png,https://15774129.go.kr/img/portal/sub/mark4.png,https://15774129.go.kr/img/portal/sub/mark5.png
사설,https://15774129.go.kr/BCUser/facilitypic/1000000900/1561096999203.png,해성장례식장,경상북도 봉화군 봉화읍 보밑길 3 (내성리),tel:054-674-0015,054-674-0015,,59개월전 업데이트,,,,
사설,https://15774129.go.kr/BCUser/facilitypic/7000001208/1561622801337.jpg,하늘전문장례식장,경상북도 영주시 구성로 321-16 (영주동),tel:054-633-4444,054-633-4444,,74개월전 업데이트,,,,
사설,https://15774129.go.kr/BCUser/facilitypic/1000000509/1564381765093.jpg,안덕장례식장,경상북도 청송군 안덕면 청송로 1914 (복리),tel:054-872-0850,054-872-0850,https://15774129.go.kr/img/portal/sub/mark3.png,16개월전 업데이트,https://15774129.go.kr/img/portal/sub/mark4.png,,,
사설,https://15774129.go.kr/BCUser/facilitypic/7000002085/1536993194648.jpg,성주전문장례식장,"경상북도 성주군 성주읍 주산로 83 (삼산리, 성주전문장례식장)",tel:054-933-0444,054-933-0444,https://15774129.go.kr/img/portal/sub/mark1.png,12개월전 업데이트,https://15774129.go.kr/img/portal/sub/mark2.png,https://15774129.go.kr/img/portal/sub/mark4.png,,
사설,https://15774129.go.kr/BCUser/facilitypic/7000000240/1561104800099.png,영양전문장례식장,경상북도 영양군 영양읍 중앙로 281 (동부리),tel:054-682-4700,054-682-4700,https://15774129.go.kr/img/portal/sub/mark1.png,125개월전 업데이트,https://15774129.go.kr/img/portal/sub/mark2.png,https://15774129.go.kr/img/portal/sub/mark3.png,https://15774129.go.kr/img/portal/sub/mark4.png,https://15774129.go.kr/img/portal/sub/mark5.png
사설,https://15774129.go.kr/BCUser/facilitypic/7000001170/1563516805786.jpg,청하요양병원장례식장,경상북도 영주시 신재로24번길 91 (가흥동),tel:054-634-0444,054-634-0444,https://15774129.go.kr/img/portal/sub/mark1.png,70개월전 업데이트,https://15774129.go.kr/img/portal/sub/mark2.png,https://15774129.go.kr/img/portal/sub/mark3.png,https://15774129.go.kr/img/portal/sub/mark4.png,https://15774129.go.kr/img/portal/sub/mark5.png
사설,https://15774129.go.kr/BCUser/facilitypic/7000001220/1563510206266.jpg,영주장례식장,경상북도 영주시 신재로 153 (상줄동),tel:054-638-1444,054-638-1444,https://15774129.go.kr/img/portal/sub/mark1.png,111개월전 업데이트,https://15774129.go.kr/img/portal/sub/mark2.png,https://15774129.go.kr/img/portal/sub/mark3.png,https://15774129.go.kr/img/portal/sub/mark4.png,https://15774129.go.kr/img/portal/sub/mark5.png
사설,https://15774129.go.kr/BCUser/facilitypic/7000001535/1563512877942.jpg,서요양병원장례식장,"경상북도 경산시 계양로 193 (계양동, 서병원)",tel:053-817-4444,053-817-4444,,105개월전 업데이트,,,,
사설,https://15774129.go.kr/BCUser/facilitypic/1751418085011.jpg,안동전문장례식장,경상북도 안동시 강남로 5 안동전문장례식장 (수상동),tel:054-821-0101,054-821-0101,https://15774129.go.kr/img/portal/sub/mark1.png,5개월전 업데이트,https://15774129.go.kr/img/portal/sub/mark2.png,https://15774129.go.kr/img/portal/sub/mark4.png,,
공설,https://15774129.go.kr/BCUser/facilitypic/1000001517/1554193104133.jpg,울릉군보건의료원장례식장,경상북도 울릉군 울릉읍 울릉순환로 396-18 (도동리),tel:054-790-6871,054-790-6871,,0개월전 업데이트,,,,
사설,https://15774129.go.kr/BCUser/facilitypic/7000002088/1554955399327.jpg,자인전문장례식장,경상북도 경산시 자인면 설총로 820 (동부리),tel:053-851-1024,053-851-1024,https://15774129.go.kr/img/portal/sub/mark1.png,79개월전 업데이트,https://15774129.go.kr/img/portal/sub/mark2.png,https://15774129.go.kr/img/portal/sub/mark3.png,https://15774129.go.kr/img/portal/sub/mark4.png,https://15774129.go.kr/img/portal/sub/mark5.png
사설,https://15774129.go.kr/BCUser/facilitypic/1000000591/1555901351396.jpg,오천삼성병원장례식장,경상북도 포항시 남구 오천읍 충무로 10 (용덕리),tel:054-292-6789,054-292-6789,https://15774129.go.kr/img/portal/sub/mark1.png,184개월전 업데이트,https://15774129.go.kr/img/portal/sub/mark2.png,https://15774129.go.kr/img/portal/sub/mark4.png,https://15774129.go.kr/img/portal/sub/mark5.png,
사설,https://15774129.go.kr/BCUser/facilitypic/1000000900/1561096999203.png,해성장례식장,경상북도 봉화군 봉화읍 보밑길 3 (내성리),tel:054-674-0015,054-674-0015,,59개월전 업데이트,,,,
사설,https://15774129.go.kr/BCUser/facilitypic/7000001208/1561622801337.jpg,하늘전문장례식장,경상북도 영주시 구성로 321-16 (영주동),tel:054-633-4444,054-633-4444,,74개월전 업데이트,,,,
사설,https://15774129.go.kr/BCUser/facilitypic/1000000509/1564381765093.jpg,안덕장례식장,경상북도 청송군 안덕면 청송로 1914 (복리),tel:054-872-0850,054-872-0850,https://15774129.go.kr/img/portal/sub/mark3.png,16개월전 업데이트,https://15774129.go.kr/img/portal/sub/mark4.png,,,
사설,https://15774129.go.kr/BCUser/facilitypic/7000002085/1536993194648.jpg,성주전문장례식장,"경상북도 성주군 성주읍 주산로 83 (삼산리, 성주전문장례식장)",tel:054-933-0444,054-933-0444,https://15774129.go.kr/img/portal/sub/mark1.png,12개월전 업데이트,https://15774129.go.kr/img/portal/sub/mark2.png,https://15774129.go.kr/img/portal/sub/mark4.png,,
사설,https://15774129.go.kr/BCUser/facilitypic/1000000312/1556080292385.png,부림요양병원장례식장,경상북도 경산시 와촌면 하양로 359 (용천리),tel:053-853-1888,053-853-1888,https://15774129.go.kr/img/portal/sub/mark1.png,124개월전 업데이트,https://15774129.go.kr/img/portal/sub/mark2.png,https://15774129.go.kr/img/portal/sub/mark4.png,,
사설,https://15774129.go.kr/BCUser/facilitypic/1000000832/1563949370030.jpg,풍기전문장례식장,경상북도 영주시 풍기읍 안풍로 231 (산법리),tel:054-637-4442,054-637-4442,,156개월전 업데이트,,,,
사설,https://15774129.go.kr/BCUser/facilitypic/1000000407/1556080496279.png,성누가병원장례식장,경상북도 영주시 구성로 321-12 (영주동),tel:054-635-4444,054-635-4444,https://15774129.go.kr/img/portal/sub/mark1.png,111개월전 업데이트,https://15774129.go.kr/img/portal/sub/mark2.png,https://15774129.go.kr/img/portal/sub/mark4.png,,
사설,https://15774129.go.kr/BCUser/facilitypic/7000001164/1561105162282.png,기독장례식장,경상북도 영주시 구성로 380 (영주동),tel:054-631-4444,054-631-4444,https://15774129.go.kr/img/portal/sub/mark1.png,111개월전 업데이트,https://15774129.go.kr/img/portal/sub/mark2.png,https://15774129.go.kr/img/portal/sub/mark4.png,https://15774129.go.kr/img/portal/sub/mark5.png,
사설,https://15774129.go.kr/BCUser/facilitypic/1345699636105_1000000946_0.jpg,옥산전문장례예식장,경상북도 경산시 서상길 84 (서상동),tel:053-801-4444,053-801-4444,https://15774129.go.kr/img/portal/sub/mark1.png,111개월전 업데이트,https://15774129.go.kr/img/portal/sub/mark2.png,https://15774129.go.kr/img/portal/sub/mark4.png,,
사설,https://15774129.go.kr/BCUser/facilitypic/1000000309/1563514759228.jpg,봉화장례식장,경상북도 봉화군 봉화읍 다덕로 152-1 (유곡리),tel:054-673-0061,054-673-0061,https://15774129.go.kr/img/portal/sub/mark2.png,35개월전 업데이트,https://15774129.go.kr/img/portal/sub/mark4.png,https://15774129.go.kr/img/portal/sub/mark5.png,,
사설,https://15774129.go.kr/BCUser/facilitypic/1000000782/1476425274210.jpg,청송군보건의료원장례식장,"경상북도 청송군 청송읍 의료원길 19 (금곡리, 청송보건의료원)",tel:054-873-7801,054-873-7801,https://15774129.go.kr/img/portal/sub/mark1.png,3개월전 업데이트,https://15774129.go.kr/img/portal/sub/mark2.png,https://15774129.go.kr/img/portal/sub/mark3.png,https://15774129.go.kr/img/portal/sub/mark4.png,https://15774129.go.kr/img/portal/sub/mark5.png
사설,https://15774129.go.kr/BCUser/facilitypic/1000000755/1554188700363.jpg,진보병원장례식장,"경상북도 청송군 진보면 경동로 4003 (후평리, 진보병원)",tel:054-874-7802,054-874-7802,https://15774129.go.kr/img/portal/sub/mark1.png,3개월전 업데이트,https://15774129.go.kr/img/portal/sub/mark2.png,https://15774129.go.kr/img/portal/sub/mark3.png,https://15774129.go.kr/img/portal/sub/mark4.png,https://15774129.go.kr/img/portal/sub/mark5.png
사설,https://15774129.go.kr/BCUser/facilitypic/7000001552/1561622903462.jpg,현대장례식장,"경상북도 영주시 가흥공단로 11 (상줄동, 소망장례식장)",tel:054-634-4400,054-634-4400,https://15774129.go.kr/img/portal/sub/mark1.png,113개월전 업데이트,https://15774129.go.kr/img/portal/sub/mark4.png,https://15774129.go.kr/img/portal/sub/mark5.png,,
사설,https://15774129.go.kr/BCUser/facilitypic/1000000830/1555909014047.jpg,포항e병원장례식장,경상북도 포항시 북구 중흥로 227 (죽도동),tel:054-272-4414,054-272-4414,https://15774129.go.kr/img/portal/sub/mark1.png,1개월전 업데이트,https://15774129.go.kr/img/portal/sub/mark2.png,https://15774129.go.kr/img/portal/sub/mark3.png,https://15774129.go.kr/img/portal/sub/mark4.png,
공설,https://15774129.go.kr/BCUser/facilitypic/1355388948604_7000000668_0.JPG,경주하늘마루장례식장,경상북도 경주시 서면 하늘마루길 330 (도리),tel:054-751-9444,054-751-9444,https://15774129.go.kr/img/portal/sub/mark1.png,7개월전 업데이트,https://15774129.go.kr/img/portal/sub/mark2.png,https://15774129.go.kr/img/portal/sub/mark3.png,https://15774129.go.kr/img/portal/sub/mark4.png,https://15774129.go.kr/img/portal/sub/mark5.png
사설,https://15774129.go.kr/BCUser/facilitypic/7000002313/1709686473682.PNG,혜원성모병원장례식장,경상북도 칠곡군 약목면 관호7길 41 (관호리),tel:054-975-4044,054-975-4044,https://15774129.go.kr/img/portal/sub/mark2.png,57개월전 업데이트,https://15774129.go.kr/img/portal/sub/mark4.png,,,
사설,https://15774129.go.kr/BCUser/facilitypic/1000000616/1554343920457.png,김천요양병원장례식장,경상북도 김천시 모암길 3 (용두동),tel:054-433-4446,054-433-4446,https://15774129.go.kr/img/portal/sub/mark1.png,77개월전 업데이트,https://15774129.go.kr/img/portal/sub/mark2.png,https://15774129.go.kr/img/portal/sub/mark4.png,https://15774129.go.kr/img/portal/sub/mark5.png,
사설,https://15774129.go.kr/BCUser/facilitypic/1000000746/1554886925604.jpg,중앙장례식장,경상북도 상주시 함창읍 함창로 586 (윤직리),tel:054-541-4477,054-541-4477,https://15774129.go.kr/img/portal/sub/mark2.png,12개월전 업데이트,https://15774129.go.kr/img/portal/sub/mark3.png,https://15774129.go.kr/img/portal/sub/mark4.png,,
사설,https://15774129.go.kr/BCUser/facilitypic/7000001099/1554336845336.jpg,하양전문장례식장,경상북도 경산시 하양읍 금송로 113 (동서리),tel:053-857-0004,053-857-0004,https://15774129.go.kr/img/portal/sub/mark1.png,119개월전 업데이트,https://15774129.go.kr/img/portal/sub/mark2.png,https://15774129.go.kr/img/portal/sub/mark4.png,https://15774129.go.kr/img/portal/sub/mark5.png,
사설,https://15774129.go.kr/BCUser/facilitypic/7000001191/1554189224364.jpg,칠곡군농협연합장례식장,경상북도 칠곡군 약목면 관호10길 248-56 (관호리),tel:054-976-9988,054-976-9988,https://15774129.go.kr/img/portal/sub/mark2.png,58개월전 업데이트,https://15774129.go.kr/img/portal/sub/mark3.png,https://15774129.go.kr/img/portal/sub/mark4.png,https://15774129.go.kr/img/portal/sub/mark5.png,
공설,https://15774129.go.kr/BCUser/facilitypic/7000002067/1536990986050.jpg,도립노인병원장례식장,경상북도 안동시 남후면 남일로 1463 (무릉리),tel:054-852-4441,054-852-4441,https://15774129.go.kr/img/portal/sub/mark1.png,10개월전 업데이트,https://15774129.go.kr/img/portal/sub/mark2.png,https://15774129.go.kr/img/portal/sub/mark3.png,https://15774129.go.kr/img/portal/sub/mark4.png,https://15774129.go.kr/img/portal/sub/mark5.png
사설,https://15774129.go.kr/BCUser/facilitypic/7000002141/1554184649460.jpg,청도전문장례식장,경상북도 청도군 청도읍 새마을로 1405(송읍리),tel:054-371-5544,054-371-5544,https://15774129.go.kr/img/portal/sub/mark1.png,194개월전 업데이트,https://15774129.go.kr/img/portal/sub/mark2.png,https://15774129.go.kr/img/portal/sub/mark3.png,https://15774129.go.kr/img/portal/sub/mark4.png,https://15774129.go.kr/img/portal/sub/mark5.png
사설,https://15774129.go.kr/BCUser/facilitypic/7000002737/1709627137652.PNG,(주)국화원전문장례식장영대병원영천지점,경상북도 영천시 오수1길 10 (오수동),tel:054-330-7400,054-330-7400,,194개월전 업데이트,,,,
사설,https://15774129.go.kr/BCUser/facilitypic/7000002781/1713769676998.PNG,쉴낙원 포항제일장례식장,"경상북도 포항시 남구 해병로 63 (청림동, 포항제일장례식장)",tel:054-293-4004,054-293-4004,https://15774129.go.kr/img/portal/sub/mark1.png,194개월전 업데이트,https://15774129.go.kr/img/portal/sub/mark2.png,https://15774129.go.kr/img/portal/sub/mark3.png,https://15774129.go.kr/img/portal/sub/mark4.png,https://15774129.go.kr/img/portal/sub/mark5.png
사설,https://15774129.go.kr/BCUser/facilitypic/1559005930903_7000002221_0.png,서안동농협장례식장,경상북도 안동시 풍산읍 본마을길 36-22 (노리),tel:054-854-9980,054-854-9980,https://15774129.go.kr/img/portal/sub/mark1.png,1개월전 업데이트,https://15774129.go.kr/img/portal/sub/mark2.png,https://15774129.go.kr/img/portal/sub/mark3.png,https://15774129.go.kr/img/portal/sub/mark4.png,https://15774129.go.kr/img/portal/sub/mark5.png
사설,https://15774129.go.kr/BCUser/facilitypic/7000002825/1729658616998.PNG,천상포항장례식장,"경상북도 포항시 남구 오천읍 송덕로 324, 천상포항장례식장",tel:054-291-9000,054-291-9000,https://15774129.go.kr/img/portal/sub/mark1.png,12개월전 업데이트,https://15774129.go.kr/img/portal/sub/mark2.png,https://15774129.go.kr/img/portal/sub/mark3.png,https://15774129.go.kr/img/portal/sub/mark4.png,https://15774129.go.kr/img/portal/sub/mark5.png
