fac_type,fac_thumb src,fac_tit,fac_addr,fac_tel href,fac_tel,convenient src,convenient src (2),convenient src (3),convenient src (4),convenient src (5),fac_update
?ъ꽕,https://15774129.go.kr/BCUser/facilitypic/1000000545/1554881307505.jpg,?곗꽭??숆탳 ?먯＜?λ??앹옣,"媛뺤썝???먯＜???쇱궛濡?20,??(?쇱궛?? ?곗꽭??숆탳?먯＜?몃툕??ㅺ린?낅퀝??",tel:033-744-3969,033-744-3969,https://15774129.go.kr/img/portal/sub/mark1.png,https://15774129.go.kr/img/portal/sub/mark2.png,https://15774129.go.kr/img/portal/sub/mark3.png,https://15774129.go.kr/img/portal/sub/mark4.png,https://15774129.go.kr/img/portal/sub/mark5.png,24媛쒖썡???낅뜲?댄듃
?ъ꽕,https://15774129.go.kr/BCUser/facilitypic/7000000519/1561077247868.jpg,援먯썝?덉? 媛뺤썝?λ??앹옣,媛뺤썝??異섏쿇???숇궡硫??쒗솚?濡?877 (嫄곕몢由?,tel:033-261-4441,033-261-4441,https://15774129.go.kr/img/portal/sub/mark1.png,https://15774129.go.kr/img/portal/sub/mark2.png,https://15774129.go.kr/img/portal/sub/mark3.png,https://15774129.go.kr/img/portal/sub/mark4.png,https://15774129.go.kr/img/portal/sub/mark5.png,3媛쒖썡???낅뜲?댄듃
?ъ꽕,https://15774129.go.kr/BCUser/facilitypic/1327455595511_1000000906_0.jpg,?몃컲蹂묒썝?λ??앹옣,媛뺤썝??異섏쿇???쏄꼍異섎줈 663 (?쇱쿇??,tel:033-252-0046,033-252-0046,https://15774129.go.kr/img/portal/sub/mark2.png,https://15774129.go.kr/img/portal/sub/mark4.png,,,,12媛쒖썡???낅뜲?댄듃
?ъ꽕,https://15774129.go.kr/BCUser/facilitypic/1000000037/1555317175361.jpg,媛뺤썝??숆탳蹂묒썝?λ??앹옣,媛뺤썝??異섏쿇??諛깅졊濡?156 (?⑥옄??,tel:033-254-5611,033-254-5611,https://15774129.go.kr/img/portal/sub/mark1.png,https://15774129.go.kr/img/portal/sub/mark2.png,https://15774129.go.kr/img/portal/sub/mark3.png,https://15774129.go.kr/img/portal/sub/mark4.png,https://15774129.go.kr/img/portal/sub/mark5.png,0媛쒖썡???낅뜲?댄듃
?ъ꽕,https://15774129.go.kr/BCUser/facilitypic/1589166239816_7000002387_0.jpg,異섏쿇?λ??앹옣,媛뺤썝?밸퀎?먯튂??異섏쿇???숇㈃ ?뚯뼇媛뺣줈 409 (?ν븰由?,tel:033-256-4444,033-256-4444,https://15774129.go.kr/img/portal/sub/mark1.png,https://15774129.go.kr/img/portal/sub/mark2.png,https://15774129.go.kr/img/portal/sub/mark3.png,https://15774129.go.kr/img/portal/sub/mark4.png,,13媛쒖썡???낅뜲?댄듃
?ъ꽕,https://15774129.go.kr/BCUser/facilitypic/7000000959/1555484819051.jpg,洹쇰줈蹂듭?怨듬떒 ?쒕갚蹂묒썝?λ??앹옣,"媛뺤썝???쒕갚??蹂대뱶誘멸만 8 (?μ꽦?? 洹쇰줈蹂듭?怨듬떒?쒕갚蹂묒썝)",tel:033-581-4444,033-581-4444,https://15774129.go.kr/img/portal/sub/mark1.png,https://15774129.go.kr/img/portal/sub/mark2.png,https://15774129.go.kr/img/portal/sub/mark3.png,https://15774129.go.kr/img/portal/sub/mark4.png,https://15774129.go.kr/img/portal/sub/mark5.png,26媛쒖썡???낅뜲?댄듃
怨듭꽕,https://15774129.go.kr/BCUser/facilitypic/1000000913/1555484986024.jpg,?띿쿇援곗옣濡?앹옣,媛뺤썝???띿쿇援??띿쿇???먮━?멸만 70 (?섏삤?덈━),tel:033-436-1919,033-436-1919,https://15774129.go.kr/img/portal/sub/mark1.png,https://15774129.go.kr/img/portal/sub/mark4.png,,,,58媛쒖썡???낅뜲?댄듃
?ъ꽕,https://15774129.go.kr/BCUser/facilitypic/7000002140/1564473586658.jpg,?대굺???띿쿇?λ?臾명솕??媛뺤썝???띿쿇援??띿쿇???ㅼ븙濡?2374 (??숇━),tel:033-434-7788,033-434-7788,https://15774129.go.kr/img/portal/sub/mark2.png,https://15774129.go.kr/img/portal/sub/mark4.png,,,,5媛쒖썡???낅뜲?댄듃
?ъ꽕,https://15774129.go.kr/BCUser/facilitypic/7000002961/1765780181010.JPG,異섏쿇?쒕??λ??앹옣,"媛뺤썝?밸퀎?먯튂??異섏쿇???곸꽌濡?2970 (?щ냽?? 媛뺤썝?꾩깉留덉쓣?뚭?)",tel:033-244-4044,033-244-4044,https://15774129.go.kr/img/portal/sub/mark1.png,https://15774129.go.kr/img/portal/sub/mark2.png,https://15774129.go.kr/img/portal/sub/mark3.png,https://15774129.go.kr/img/portal/sub/mark4.png,https://15774129.go.kr/img/portal/sub/mark5.png,0媛쒖썡???낅뜲?댄듃
?ъ꽕,https://15774129.go.kr/BCUser/facilitypic/1660186270859.png,(二??쒖썝 諛붾Ⅸ?λ??앹옣,媛뺤썝???먯＜???먮?硫?移섏븙濡?1133 (湲덈?由?,tel:033-735-4444,033-735-4444,https://15774129.go.kr/img/portal/sub/mark1.png,https://15774129.go.kr/img/portal/sub/mark2.png,https://15774129.go.kr/img/portal/sub/mark3.png,https://15774129.go.kr/img/portal/sub/mark4.png,https://15774129.go.kr/img/portal/sub/mark5.png,1媛쒖썡???낅뜲?댄듃
怨듭꽕,https://15774129.go.kr/BCUser/facilitypic/1000000920/1554272543148.jpg,?붿쿇援곌났?ㅼ옣濡?앹옣,"媛뺤썝?밸퀎?먯튂???붿쿇援??섎궓硫??곸꽌濡?5697-66 (?먯쿇由? ?붿쿇?λ??앹옣)",tel:033-442-0452,033-442-0452,https://15774129.go.kr/img/portal/sub/mark1.png,https://15774129.go.kr/img/portal/sub/mark2.png,https://15774129.go.kr/img/portal/sub/mark4.png,https://15774129.go.kr/img/portal/sub/mark5.png,,26媛쒖썡???낅뜲?댄듃
怨듭꽕,https://15774129.go.kr/BCUser/facilitypic/1000000632/1554256394658.png,?먯＜?섎즺?먯옣濡?앹옣,"媛뺤썝?밸퀎?먯튂???먯＜???쒖썝?濡?387 (媛쒖슫?? 媛뺤썝?꾩썝二쇱쓽猷뚯썝)",tel:033-760-4644,033-760-4644,https://15774129.go.kr/img/portal/sub/mark2.png,https://15774129.go.kr/img/portal/sub/mark3.png,https://15774129.go.kr/img/portal/sub/mark4.png,https://15774129.go.kr/img/portal/sub/mark5.png,,11媛쒖썡???낅뜲?댄듃
?ъ꽕,https://15774129.go.kr/BCUser/facilitypic/1000000545/1554881307505.jpg,?곗꽭??숆탳 ?먯＜?λ??앹옣,"媛뺤썝???먯＜???쇱궛濡?20,??(?쇱궛?? ?곗꽭??숆탳?먯＜?몃툕??ㅺ린?낅퀝??",tel:033-744-3969,033-744-3969,https://15774129.go.kr/img/portal/sub/mark1.png,https://15774129.go.kr/img/portal/sub/mark2.png,https://15774129.go.kr/img/portal/sub/mark3.png,https://15774129.go.kr/img/portal/sub/mark4.png,https://15774129.go.kr/img/portal/sub/mark5.png,24媛쒖썡???낅뜲?댄듃
?ъ꽕,https://15774129.go.kr/BCUser/facilitypic/7000000519/1561077247868.jpg,援먯썝?덉? 媛뺤썝?λ??앹옣,媛뺤썝??異섏쿇???숇궡硫??쒗솚?濡?877 (嫄곕몢由?,tel:033-261-4441,033-261-4441,https://15774129.go.kr/img/portal/sub/mark1.png,https://15774129.go.kr/img/portal/sub/mark2.png,https://15774129.go.kr/img/portal/sub/mark3.png,https://15774129.go.kr/img/portal/sub/mark4.png,https://15774129.go.kr/img/portal/sub/mark5.png,3媛쒖썡???낅뜲?댄듃
怨듭꽕,https://15774129.go.kr/BCUser/facilitypic/1465956756712_1000000450_0.jpg,媛뺤썝?밸퀎?먯튂???띿큹?섎즺???λ??앹옣,"媛뺤썝?밸퀎?먯튂???띿큹???곷옉?몃컲湲?3 (?곷옉?? ?띿큹?섎즺??",tel:033-630-6016,033-630-6016,https://15774129.go.kr/img/portal/sub/mark1.png,https://15774129.go.kr/img/portal/sub/mark2.png,https://15774129.go.kr/img/portal/sub/mark3.png,https://15774129.go.kr/img/portal/sub/mark4.png,,23媛쒖썡???낅뜲?댄듃
?ъ꽕,https://15774129.go.kr/BCUser/facilitypic/7000002666/1709688706989.PNG,二쇱떇?뚯궗?섎뒛?뺤썝?λ??앹옣,"媛뺤썝???쇱쿃??媛뺤썝?⑤?濡?4539 (?깅큺?? ?섎뒛?뺤썝?λ??앹옣)",tel:033-575-4441,033-575-4441,https://15774129.go.kr/img/portal/sub/mark1.png,https://15774129.go.kr/img/portal/sub/mark2.png,https://15774129.go.kr/img/portal/sub/mark3.png,https://15774129.go.kr/img/portal/sub/mark4.png,https://15774129.go.kr/img/portal/sub/mark5.png,8媛쒖썡???낅뜲?댄듃
?ъ꽕,https://15774129.go.kr/BCUser/facilitypic/1000000681/1555316144980.jpg,?뺤꽑蹂묒썝?λ??앹옣,媛뺤썝?밸퀎?먯튂???뺤꽑援??뺤꽑??遊됱뼇1湲?145 (遊됱뼇由?,tel:033-562-4444,033-562-4444,https://15774129.go.kr/img/portal/sub/mark1.png,https://15774129.go.kr/img/portal/sub/mark2.png,https://15774129.go.kr/img/portal/sub/mark3.png,https://15774129.go.kr/img/portal/sub/mark4.png,,33媛쒖썡???낅뜲?댄듃
?ъ꽕,https://15774129.go.kr/BCUser/facilitypic/7000002267/1576462942368.jpg,?띿큹?숉빐?λ??앹옣,媛뺤썝?밸퀎?먯튂???띿큹??以묒븰濡?7 (援먮룞),tel:033-633-3964,033-633-3964,https://15774129.go.kr/img/portal/sub/mark1.png,https://15774129.go.kr/img/portal/sub/mark2.png,https://15774129.go.kr/img/portal/sub/mark3.png,https://15774129.go.kr/img/portal/sub/mark4.png,https://15774129.go.kr/img/portal/sub/mark5.png,10媛쒖썡???낅뜲?댄듃
怨듭꽕,https://15774129.go.kr/BCUser/facilitypic/7000002877/1745281192723.jpg,?꾧퀎?λ??앹옣,"媛뺤썝?밸퀎?먯튂???쇱쿃???꾧퀎???꾧퀎濡?湲?16-25 (?꾨몢由? ?꾧퀎?λ??앹옣)",tel:033-541-2404,033-541-2404,https://15774129.go.kr/img/portal/sub/mark1.png,https://15774129.go.kr/img/portal/sub/mark2.png,https://15774129.go.kr/img/portal/sub/mark3.png,https://15774129.go.kr/img/portal/sub/mark4.png,https://15774129.go.kr/img/portal/sub/mark5.png,8媛쒖썡???낅뜲?댄듃
?ъ꽕,https://15774129.go.kr/BCUser/facilitypic/1000000915/1555317380720.jpg,?띿쿇?꾩궛蹂묒썝?λ??앹옣,媛뺤썝???띿쿇援??띿쿇???곕┝怨듭썝1湲?17 (媛덈쭏怨〓━),tel:033-430-5420,033-430-5420,https://15774129.go.kr/img/portal/sub/mark4.png,,,,,114媛쒖썡???낅뜲?댄듃
?ъ꽕,https://15774129.go.kr/BCUser/facilitypic/1465884401182_7000001106_0.jpg,?뺤꽑?λ??앹옣,"媛뺤썝?밸퀎?먯튂???뺤꽑援??뺤꽑???쒕룞濡?1277 (?뺤넚由? ?뺤꽑?λ??앹옣)",tel:033-562-4444,033-562-4444,https://15774129.go.kr/img/portal/sub/mark1.png,https://15774129.go.kr/img/portal/sub/mark2.png,https://15774129.go.kr/img/portal/sub/mark3.png,https://15774129.go.kr/img/portal/sub/mark4.png,https://15774129.go.kr/img/portal/sub/mark5.png,1媛쒖썡???낅뜲?댄듃
怨듭꽕,https://15774129.go.kr/BCUser/facilitypic/1000000518/1554267884393.jpg,?묎뎄援곗옣濡?앹옣,媛뺤썝???묎뎄援??묎뎄??湲덇컯?곕줈 518-25 (?섎━),tel:033-480-2576,033-480-2576,,,,,,14媛쒖썡???낅뜲?댄듃
?ъ꽕,https://15774129.go.kr/BCUser/facilitypic/7000002048/1555316294570.jpg,源?붿옣濡臾명솕??媛뺤썝?밸퀎?먯튂??泥좎썝援??쒕㈃ ??섎줈 13 (??섎━),tel:033-458-0010,033-458-0010,https://15774129.go.kr/img/portal/sub/mark1.png,https://15774129.go.kr/img/portal/sub/mark2.png,https://15774129.go.kr/img/portal/sub/mark3.png,https://15774129.go.kr/img/portal/sub/mark4.png,,13媛쒖썡???낅뜲?댄듃
?ъ꽕,https://15774129.go.kr/BCUser/facilitypic/7000001212/1474957228807.jpg,怨좎꽦?λ??앹옣,"媛뺤썝?밸퀎?먯튂??怨좎꽦援?二쎌솗硫??λぉ?쒓만 9 (?λぉ由? 怨좎꽦?λ??앹옣)",tel:033-682-5000,033-682-5000,https://15774129.go.kr/img/portal/sub/mark1.png,https://15774129.go.kr/img/portal/sub/mark2.png,https://15774129.go.kr/img/portal/sub/mark3.png,https://15774129.go.kr/img/portal/sub/mark4.png,https://15774129.go.kr/img/portal/sub/mark5.png,41媛쒖썡???낅뜲?댄듃
怨듭꽕,https://15774129.go.kr/BCUser/facilitypic/1000000350/1554269998641.jpg,?쇱쿃?섎즺?먯옣濡?앹옣,媛뺤썝???쇱쿃???ㅼ떗泥쒕줈 418 (?⑥뼇??,tel:033-572-1141,033-572-1141,https://15774129.go.kr/img/portal/sub/mark1.png,https://15774129.go.kr/img/portal/sub/mark2.png,https://15774129.go.kr/img/portal/sub/mark4.png,,,3媛쒖썡???낅뜲?댄듃
怨듭꽕,https://15774129.go.kr/BCUser/facilitypic/1000000570/1554259277205.jpg,媛뺤썝?밸퀎?먯튂???곸썡?섎즺?먯옣濡?앹옣,"媛뺤썝?밸퀎?먯튂???곸썡援??곸썡??以묒븰1濡?59 (?곹씎由? ?곸썡?섎즺??",tel:033-370-9142,033-370-9142,https://15774129.go.kr/img/portal/sub/mark1.png,https://15774129.go.kr/img/portal/sub/mark2.png,https://15774129.go.kr/img/portal/sub/mark4.png,https://15774129.go.kr/img/portal/sub/mark5.png,,29媛쒖썡???낅뜲?댄듃
?ъ꽕,https://15774129.go.kr/BCUser/facilitypic/7000000446/1555485347366.jpg,?≪꽦?쇱꽦蹂묒썝?λ??앹옣,"媛뺤썝?밸퀎?먯튂???≪꽦援??≪꽦???쇱씪濡?1踰덇만 40 (?랁븯由? ?≪꽦?쇱꽦蹂묒썝)",tel:033-342-4444,033-342-4444,https://15774129.go.kr/img/portal/sub/mark1.png,https://15774129.go.kr/img/portal/sub/mark2.png,https://15774129.go.kr/img/portal/sub/mark3.png,https://15774129.go.kr/img/portal/sub/mark4.png,https://15774129.go.kr/img/portal/sub/mark5.png,174媛쒖썡???낅뜲?댄듃
?ъ꽕,https://15774129.go.kr/BCUser/facilitypic/1000000130/1474959043921.jpg,湲덇컯蹂묒썝?λ??앹옣,媛뺤썝???숉빐???숉빐?濡?5143 (?④???,tel:033-521-4443,033-521-4443,https://15774129.go.kr/img/portal/sub/mark1.png,https://15774129.go.kr/img/portal/sub/mark2.png,https://15774129.go.kr/img/portal/sub/mark4.png,https://15774129.go.kr/img/portal/sub/mark5.png,,74媛쒖썡???낅뜲?댄듃
?ъ꽕,https://15774129.go.kr/BCUser/facilitypic/1000000923/1555485143074.jpg,?≪꽦?λ?臾명솕?쇳꽣,"媛뺤썝?밸퀎?먯튂???≪꽦援??≪꽦???숈삤濡?56 (?숆끝由? ?≪꽦援고븰怨?由ъ옣濡?앹옣)",tel:033-344-4449,033-344-4449,https://15774129.go.kr/img/portal/sub/mark1.png,https://15774129.go.kr/img/portal/sub/mark2.png,https://15774129.go.kr/img/portal/sub/mark3.png,https://15774129.go.kr/img/portal/sub/mark4.png,,29媛쒖썡???낅뜲?댄듃
?ъ꽕,https://15774129.go.kr/BCUser/facilitypic/7000001545/1554960557176.jpg,泥좎썝?λ?臾명솕??媛뺤썝??泥좎썝援??숈넚??湲덊븰濡?57踰덇만 23-17 (?댄룊由?,tel:033-456-4444,033-456-4444,https://15774129.go.kr/img/portal/sub/mark1.png,https://15774129.go.kr/img/portal/sub/mark2.png,https://15774129.go.kr/img/portal/sub/mark4.png,,,9媛쒖썡???낅뜲?댄듃
?ъ꽕,https://15774129.go.kr/BCUser/facilitypic/1331109333864_1000000026_0.JPG,媛뺣쫱?꾩궛蹂묒썝?λ??앹옣,"媛뺤썝??媛뺣쫱???ъ쿇硫?諛⑸룞湲?38 (諛⑸룞由?媛뺣쫱?꾩궛蹂묒썝)",tel:033-610-3895,033-610-3895,https://15774129.go.kr/img/portal/sub/mark1.png,https://15774129.go.kr/img/portal/sub/mark2.png,https://15774129.go.kr/img/portal/sub/mark3.png,https://15774129.go.kr/img/portal/sub/mark4.png,https://15774129.go.kr/img/portal/sub/mark5.png,25媛쒖썡???낅뜲?댄듃
怨듭꽕,https://15774129.go.kr/BCUser/facilitypic/7000001749/1554255836311.jpg,媛뺤썝?꾧컯由됱쓽猷뚯썝?λ??앹옣,"媛뺤썝??媛뺣쫱??寃쎄컯濡?2007,媛뺣쫱?섎즺??(?⑤Ц??",tel:033-610-1444,033-610-1444,https://15774129.go.kr/img/portal/sub/mark1.png,https://15774129.go.kr/img/portal/sub/mark3.png,https://15774129.go.kr/img/portal/sub/mark4.png,https://15774129.go.kr/img/portal/sub/mark5.png,,110媛쒖썡???낅뜲?댄듃
怨듭꽕,https://15774129.go.kr/BCUser/facilitypic/7000002159/1554256154846.jpg,?뺤꽑援곗궗遺곸옣濡?앹옣,"媛뺤썝???뺤꽑援??щ턿??吏?μ쿇濡?727,?뺤꽑援곗궗遺곸옣濡?앹옣 (?щ턿由? ?뺤꽑援곕┰蹂묒썝)",tel:033-592-4449,033-592-4449,https://15774129.go.kr/img/portal/sub/mark1.png,https://15774129.go.kr/img/portal/sub/mark2.png,https://15774129.go.kr/img/portal/sub/mark3.png,https://15774129.go.kr/img/portal/sub/mark4.png,,43媛쒖썡???낅뜲?댄듃
?ъ꽕,https://15774129.go.kr/BCUser/facilitypic/7000000544/1474951370070.jpg,?붿썝?ㅼ뾽 ?곕??λ??앹옣,媛뺤썝??媛뺣쫱???κ?濡?30 (?μ쿇??,tel:033-649-0135,033-649-0135,https://15774129.go.kr/img/portal/sub/mark1.png,https://15774129.go.kr/img/portal/sub/mark2.png,https://15774129.go.kr/img/portal/sub/mark3.png,https://15774129.go.kr/img/portal/sub/mark4.png,,28媛쒖썡???낅뜲?댄듃
?ъ꽕,https://15774129.go.kr/BCUser/facilitypic/7000001000/1554972369642.jpg,怨좎깋?섎즺?щ떒 ?λ??앹옣,媛뺤썝???먯＜??遺곸썝濡?2636 (?쒖옣??,tel:033-732-4670,033-732-4670,https://15774129.go.kr/img/portal/sub/mark2.png,https://15774129.go.kr/img/portal/sub/mark4.png,,,,24媛쒖썡???낅뜲?댄듃
?ъ꽕,https://15774129.go.kr/BCUser/facilitypic/7000000425/1555484604956.jpg,泥좎썝蹂묒썝?λ??앹옣,媛뺤썝??泥좎썝援?媛덈쭚??紐낆꽦濡?208 (援고깂由?,tel:033-452-0044,033-452-0044,https://15774129.go.kr/img/portal/sub/mark2.png,https://15774129.go.kr/img/portal/sub/mark4.png,https://15774129.go.kr/img/portal/sub/mark5.png,,,48媛쒖썡???낅뜲?댄듃
?ъ꽕,https://15774129.go.kr/BCUser/facilitypic/1455332359711_1000000740_0.jpg,以묒븰?λ??앹옣,媛뺤썝???숉빐???⑥옄濡?748 (?≪젙??,tel:033-521-3700,033-521-3700,https://15774129.go.kr/img/portal/sub/mark1.png,https://15774129.go.kr/img/portal/sub/mark2.png,https://15774129.go.kr/img/portal/sub/mark3.png,https://15774129.go.kr/img/portal/sub/mark4.png,https://15774129.go.kr/img/portal/sub/mark5.png,7媛쒖썡???낅뜲?댄듃
?ъ꽕,https://15774129.go.kr/BCUser/facilitypic/7000000124/1555485060317.jpg,??깆옣濡?쇳꽣,"媛뺤썝?밸퀎?먯튂???≪꽦援??≪꽦???≪꽦濡?273 (?낆꽍由? ?λ??앹옣)",tel:033-343-1444,033-343-1444,https://15774129.go.kr/img/portal/sub/mark1.png,https://15774129.go.kr/img/portal/sub/mark2.png,https://15774129.go.kr/img/portal/sub/mark3.png,https://15774129.go.kr/img/portal/sub/mark4.png,https://15774129.go.kr/img/portal/sub/mark5.png,34媛쒖썡???낅뜲?댄듃
?ъ꽕,https://15774129.go.kr/BCUser/facilitypic/7000002190/1555315777681.jpg,?몄젣?λ??앹옣,"媛뺤썝???몄젣援?遺곷㈃ 湲덇컯濡?210 (?뷀븰由? ?몄젣?λ??앹옣)",tel:033-461-1444,033-461-1444,https://15774129.go.kr/img/portal/sub/mark1.png,https://15774129.go.kr/img/portal/sub/mark2.png,https://15774129.go.kr/img/portal/sub/mark4.png,https://15774129.go.kr/img/portal/sub/mark5.png,,52媛쒖썡???낅뜲?댄듃
?ъ꽕,https://15774129.go.kr/BCUser/facilitypic/7000001407/1554956264213.jpg,?숉빐?숈씤蹂묒썝?λ??앹옣,"媛뺤썝???숉빐???섑룊濡?26 (?됰쫱?? ?숈씤蹂묒썝)",tel:033-530-0441,033-530-0441,https://15774129.go.kr/img/portal/sub/mark4.png,,,,,118媛쒖썡???낅뜲?댄듃
?ъ꽕,https://15774129.go.kr/BCUser/facilitypic/1504592254547_1000000250_0.png,?숉빐?꾨Ц?λ??앹옣,媛뺤썝???숉빐??以묒븰濡?199 (泥쒓끝??,tel:033-531-4740,033-531-4740,https://15774129.go.kr/img/portal/sub/mark1.png,https://15774129.go.kr/img/portal/sub/mark2.png,https://15774129.go.kr/img/portal/sub/mark3.png,https://15774129.go.kr/img/portal/sub/mark4.png,,39媛쒖썡???낅뜲?댄듃
?ъ꽕,https://15774129.go.kr/BCUser/facilitypic/7000000684/1555306188468.jpg,?묒뼇?λ?臾명솕??媛뺤썝?밸퀎?먯튂???묒뼇援??묒뼇???묒뼇濡?9-1 (?곗갹由?,tel:033-671-0404,033-671-0404,https://15774129.go.kr/img/portal/sub/mark2.png,https://15774129.go.kr/img/portal/sub/mark4.png,,,,72媛쒖썡???낅뜲?댄듃
?ъ꽕,https://15774129.go.kr/BCUser/facilitypic/1000000249/1555317099102.jpg,?숉빐蹂묒썝?λ??앹옣,"媛뺤썝???숉빐???섑룊濡?11 (?됰쫱?? ?곗옱?섎즺愿由ъ썝?숉빐蹂묒썝)",tel:033-535-3001,033-535-3001,https://15774129.go.kr/img/portal/sub/mark1.png,https://15774129.go.kr/img/portal/sub/mark2.png,https://15774129.go.kr/img/portal/sub/mark3.png,https://15774129.go.kr/img/portal/sub/mark4.png,https://15774129.go.kr/img/portal/sub/mark5.png,34媛쒖썡???낅뜲?댄듃
?ъ꽕,https://15774129.go.kr/BCUser/facilitypic/7000002163/1554339816768.png,?섏옣濡?앹옣,"媛뺤썝???먯＜??臾몃쭑???먮Ц濡?1419 (?숉솕由? ?곗꽭硫붾뵒?섏엫蹂묒썝)",tel:033-745-4440,033-745-4440,https://15774129.go.kr/img/portal/sub/mark1.png,https://15774129.go.kr/img/portal/sub/mark2.png,https://15774129.go.kr/img/portal/sub/mark3.png,https://15774129.go.kr/img/portal/sub/mark4.png,https://15774129.go.kr/img/portal/sub/mark5.png,25媛쒖썡???낅뜲?댄듃
?ъ꽕,https://15774129.go.kr/BCUser/facilitypic/7000001028/1554971363690.jpg,?띿큹蹂닿킅蹂묒썝?λ??앹옣,"媛뺤썝???띿큹??以묒븰濡?11 (援먮룞, ?띿큹蹂닿킅蹂묒썝)",tel:033-633-7444,033-633-7444,https://15774129.go.kr/img/portal/sub/mark1.png,https://15774129.go.kr/img/portal/sub/mark2.png,https://15774129.go.kr/img/portal/sub/mark3.png,https://15774129.go.kr/img/portal/sub/mark4.png,https://15774129.go.kr/img/portal/sub/mark5.png,11媛쒖썡???낅뜲?댄듃
怨듭꽕,https://15774129.go.kr/BCUser/facilitypic/1000000219/1554265749670.jpg,?섎뒛?대┛ ?꾨━??媛뺤썝?밸퀎?먯튂???몄젣援??⑤㈃ ?먯옉?섎Т?꿸만 444-62 (?⑥쟾由?,tel:033-461-0404,033-461-0404,https://15774129.go.kr/img/portal/sub/mark1.png,https://15774129.go.kr/img/portal/sub/mark3.png,https://15774129.go.kr/img/portal/sub/mark4.png,https://15774129.go.kr/img/portal/sub/mark5.png,,84媛쒖썡???낅뜲?댄듃
?ъ꽕,https://15774129.go.kr/BCUser/facilitypic/1000000571/1554971255252.jpg,?곸썡?λ??앹옣,媛뺤썝???곸썡援??곸썡???곸썡濡?2360-6 (?고븯由?,tel:033-374-5354,033-374-5354,https://15774129.go.kr/img/portal/sub/mark4.png,,,,,175媛쒖썡???낅뜲?댄듃
?ъ꽕,https://15774129.go.kr/BCUser/facilitypic/1000000025/1474953665583.jpg,媛뺣쫱?꾨굹蹂묒썝?λ??앹옣,媛뺤썝??媛뺣쫱???⑹?濡?129 (?μ쿇??,tel:033-641-7100,033-641-7100,https://15774129.go.kr/img/portal/sub/mark1.png,https://15774129.go.kr/img/portal/sub/mark2.png,https://15774129.go.kr/img/portal/sub/mark4.png,,,29媛쒖썡???낅뜲?댄듃
怨듭꽕,https://15774129.go.kr/BCUser/facilitypic/1697087081639.jpg,吏꾨??λ??앹옣,媛뺤썝???됱갹援?吏꾨?硫??ㅻ?泥쒕줈 1958-21 (?섏쭊遺由?,tel:033-339-9035,033-339-9035,https://15774129.go.kr/img/portal/sub/mark1.png,https://15774129.go.kr/img/portal/sub/mark2.png,https://15774129.go.kr/img/portal/sub/mark4.png,,,26媛쒖썡???낅뜲?댄듃
怨듭꽕,https://15774129.go.kr/BCUser/facilitypic/1000000819/1554266656152.jpg,?됱갹?λ??앹옣,"媛뺤썝???됱갹援??됱갹??醫낅?濡?61 (醫낅?由? ?됱갹援곕낫嫄댁쓽猷뚯썝)",tel:033-339-9033,033-339-9033,https://15774129.go.kr/img/portal/sub/mark1.png,https://15774129.go.kr/img/portal/sub/mark2.png,https://15774129.go.kr/img/portal/sub/mark4.png,,,26媛쒖썡???낅뜲?댄듃
?ъ꽕,https://15774129.go.kr/BCUser/facilitypic/7000002784/1715042157722.jpg,?⑤떞?쇱궛蹂묒썝?λ??앹옣,媛뺤썝?밸퀎?먯튂???먯＜???곸떊濡?5 (諛섍끝??,tel:033-733-4444,033-733-4444,https://15774129.go.kr/img/portal/sub/mark1.png,https://15774129.go.kr/img/portal/sub/mark2.png,https://15774129.go.kr/img/portal/sub/mark4.png,https://15774129.go.kr/img/portal/sub/mark5.png,,11媛쒖썡???낅뜲?댄듃
?ъ꽕,https://15774129.go.kr/BCUser/facilitypic/1000000841/1555313116888.jpg,?섎뒛?먯옣濡?덉떇??媛뺤썝???먯＜???μ뾽硫??ъ젣濡?539 (?ъ젣由?,tel:033-763-4444,033-763-4444,https://15774129.go.kr/img/portal/sub/mark1.png,https://15774129.go.kr/img/portal/sub/mark2.png,https://15774129.go.kr/img/portal/sub/mark4.png,https://15774129.go.kr/img/portal/sub/mark5.png,,25媛쒖썡???낅뜲?댄듃
怨듭꽕,https://15774129.go.kr/BCUser/facilitypic/7000000352/1554193593877.jpg,?쒖꽍?λ??앹옣,媛뺤썝???띿쿇援??쒖꽍硫??띿븫湲?湲?30 (?띿븫由?,tel:033-430-4558,033-430-4558,https://15774129.go.kr/img/portal/sub/mark1.png,https://15774129.go.kr/img/portal/sub/mark2.png,https://15774129.go.kr/img/portal/sub/mark3.png,https://15774129.go.kr/img/portal/sub/mark4.png,,109媛쒖썡???낅뜲?댄듃
?ъ꽕,https://15774129.go.kr/BCUser/facilitypic/7000002629/1709686545982.PNG,二쇰Ц吏꾩옣濡?앹옣,媛뺤썝??媛뺣쫱??二쇰Ц吏꾩쓭 ?곗＜濡?448-5 (二쇰Ц由?,tel:033-662-4440,033-662-4440,https://15774129.go.kr/img/portal/sub/mark2.png,https://15774129.go.kr/img/portal/sub/mark3.png,https://15774129.go.kr/img/portal/sub/mark4.png,,,8媛쒖썡???낅뜲?댄듃
