fac_thumb src,fac_tit,fac_addr,fac_tel href,fac_tel,convenient src,convenient src (2),convenient src (3),convenient src (4),convenient src (5),fac_update
https://15774129.go.kr/BCUser/facilitypic/7000001023/1564464470906.jpg,留뚰룊?λ??앹옣,愿묒＜愿묒뿭??愿묒궛援??꾨갑?몃?濡?24 (?곗궛??,tel:062-611-0000,062-611-0000,https://15774129.go.kr/img/portal/sub/mark1.png,https://15774129.go.kr/img/portal/sub/mark2.png,https://15774129.go.kr/img/portal/sub/mark3.png,https://15774129.go.kr/img/portal/sub/mark4.png,https://15774129.go.kr/img/portal/sub/mark5.png,11媛쒖썡???낅뜲?댄듃
https://15774129.go.kr/BCUser/facilitypic/1325136950826_1000000704_0.jpg,議곗꽑??숆탳蹂묒썝?λ??앹옣,愿묒＜愿묒뿭???숆뎄 ?꾨Ц?濡?365 (?쒖꽍??,tel:062-220-3352,062-220-3352,https://15774129.go.kr/img/portal/sub/mark1.png,https://15774129.go.kr/img/portal/sub/mark2.png,https://15774129.go.kr/img/portal/sub/mark3.png,https://15774129.go.kr/img/portal/sub/mark4.png,,0媛쒖썡???낅뜲?댄듃
https://15774129.go.kr/BCUser/facilitypic/7000000584/1554960620791.jpg,愿묒＜?섏셿?λ??앹옣,愿묒＜愿묒뿭??愿묒궛援??섏셿濡?6 (?좉???,tel:062-959-4444,062-959-4444,https://15774129.go.kr/img/portal/sub/mark1.png,https://15774129.go.kr/img/portal/sub/mark2.png,https://15774129.go.kr/img/portal/sub/mark4.png,,,0媛쒖썡???낅뜲?댄듃
https://15774129.go.kr/BCUser/facilitypic/1000000303/1562898844925.jpg,愿묒＜蹂댄썕蹂묒썝?λ??앹옣,"愿묒＜愿묒뿭??愿묒궛援?泥⑤떒?붾큺濡?99 (?곗썡?? 愿묒＜蹂댄썕蹂묒썝)",tel:062-973-9164,062-973-9164,https://15774129.go.kr/img/portal/sub/mark2.png,https://15774129.go.kr/img/portal/sub/mark3.png,https://15774129.go.kr/img/portal/sub/mark4.png,,,6媛쒖썡???낅뜲?댄듃
https://15774129.go.kr/BCUser/facilitypic/1000000676/1559106963585.jpg,?꾨궓??숆탳蹂묒썝?λ??앹옣,"愿묒＜愿묒뿭???숆뎄 ?쒕큺濡?42 (?숇룞, ?꾨궓??숆탳蹂묒썝)",tel:062-220-5049,062-220-5049,https://15774129.go.kr/img/portal/sub/mark1.png,https://15774129.go.kr/img/portal/sub/mark2.png,https://15774129.go.kr/img/portal/sub/mark3.png,https://15774129.go.kr/img/portal/sub/mark4.png,https://15774129.go.kr/img/portal/sub/mark5.png,3媛쒖썡???낅뜲?댄듃
https://15774129.go.kr/BCUser/facilitypic/1470800082863_1000000776_0.jpg,(二?泥쒖?臾명솕??(泥쒖??λ??앹옣),愿묒＜愿묒뿭???쒓뎄 ?띿꽌醫뚮줈 173-1 (留ㅼ썡??,tel:062-527-1000,062-527-1000,https://15774129.go.kr/img/portal/sub/mark1.png,https://15774129.go.kr/img/portal/sub/mark2.png,https://15774129.go.kr/img/portal/sub/mark3.png,https://15774129.go.kr/img/portal/sub/mark4.png,,1媛쒖썡???낅뜲?댄듃
https://15774129.go.kr/BCUser/facilitypic/1000000096/1559110401842.jpg,愿묒＜蹂묒썝?λ??앹옣,"愿묒＜愿묒뿭??遺곴뎄 硫댁븰濡?39踰덇만 51, 吏??痢?(?먯븫??",tel:062-260-7850,062-260-7850,https://15774129.go.kr/img/portal/sub/mark1.png,https://15774129.go.kr/img/portal/sub/mark2.png,https://15774129.go.kr/img/portal/sub/mark4.png,https://15774129.go.kr/img/portal/sub/mark5.png,,18媛쒖썡???낅뜲?댄듃
https://15774129.go.kr/BCUser/facilitypic/1467285673574_1000000427_0.jpg,?깆슂?쒕퀝?먯옣濡?앹옣,"愿묒＜愿묒뿭??遺곴뎄 ?쒕큺濡?32 (?좊룞, 泥쒖＜?섏꽦?뷀븳蹂묒쓽??",tel:062-510-3005,062-510-3005,https://15774129.go.kr/img/portal/sub/mark1.png,https://15774129.go.kr/img/portal/sub/mark2.png,https://15774129.go.kr/img/portal/sub/mark3.png,https://15774129.go.kr/img/portal/sub/mark4.png,https://15774129.go.kr/img/portal/sub/mark5.png,23媛쒖썡???낅뜲?댄듃
https://15774129.go.kr/BCUser/facilitypic/1740320087382.png,愿묒＜?⑤Ц?λ??앹옣(二?,愿묒＜愿묒뿭???④뎄 ?쒕Ц?濡?99踰덇만 26-15 (?≫븯??,tel:062-675-5000,062-675-5000,https://15774129.go.kr/img/portal/sub/mark1.png,https://15774129.go.kr/img/portal/sub/mark2.png,https://15774129.go.kr/img/portal/sub/mark4.png,,,7媛쒖썡???낅뜲?댄듃
https://15774129.go.kr/BCUser/facilitypic/1638935354471.jpg,洹몃┛?λ?臾명솕?먯＜?앺쉶??愿묒＜愿묒뿭??遺곴뎄 ?섏꽌濡?63踰덇만 97 (?⑹쟾??,tel:062-250-4455,062-250-4455,https://15774129.go.kr/img/portal/sub/mark1.png,https://15774129.go.kr/img/portal/sub/mark2.png,https://15774129.go.kr/img/portal/sub/mark3.png,https://15774129.go.kr/img/portal/sub/mark4.png,https://15774129.go.kr/img/portal/sub/mark5.png,5媛쒖썡???낅뜲?댄듃
https://15774129.go.kr/BCUser/facilitypic/7000001025/1559105146210.jpg,(二??ㅼ뭅?댁옣濡?앹옣,愿묒＜愿묒뿭??愿묒궛援?遺곷Ц?濡?603 (?섏셿??,tel:062-951-1004,062-951-1004,https://15774129.go.kr/img/portal/sub/mark1.png,https://15774129.go.kr/img/portal/sub/mark2.png,https://15774129.go.kr/img/portal/sub/mark3.png,https://15774129.go.kr/img/portal/sub/mark4.png,https://15774129.go.kr/img/portal/sub/mark5.png,10媛쒖썡???낅뜲?댄듃
https://15774129.go.kr/BCUser/facilitypic/7000001447/1559111399743.png,援ы샇?꾩옣濡?앹옣,愿묒＜愿묒뿭??遺곴뎄 ?낅┰濡?409 (?곗궛??,tel:062-960-4444,062-960-4444,https://15774129.go.kr/img/portal/sub/mark1.png,https://15774129.go.kr/img/portal/sub/mark2.png,https://15774129.go.kr/img/portal/sub/mark3.png,https://15774129.go.kr/img/portal/sub/mark4.png,https://15774129.go.kr/img/portal/sub/mark5.png,23媛쒖썡???낅뜲?댄듃
https://15774129.go.kr/BCUser/facilitypic/7000001023/1564464470906.jpg,留뚰룊?λ??앹옣,愿묒＜愿묒뿭??愿묒궛援??꾨갑?몃?濡?24 (?곗궛??,tel:062-611-0000,062-611-0000,https://15774129.go.kr/img/portal/sub/mark1.png,https://15774129.go.kr/img/portal/sub/mark2.png,https://15774129.go.kr/img/portal/sub/mark3.png,https://15774129.go.kr/img/portal/sub/mark4.png,https://15774129.go.kr/img/portal/sub/mark5.png,11媛쒖썡???낅뜲?댄듃
https://15774129.go.kr/BCUser/facilitypic/1325136950826_1000000704_0.jpg,議곗꽑??숆탳蹂묒썝?λ??앹옣,愿묒＜愿묒뿭???숆뎄 ?꾨Ц?濡?365 (?쒖꽍??,tel:062-220-3352,062-220-3352,https://15774129.go.kr/img/portal/sub/mark1.png,https://15774129.go.kr/img/portal/sub/mark2.png,https://15774129.go.kr/img/portal/sub/mark3.png,https://15774129.go.kr/img/portal/sub/mark4.png,,0媛쒖썡???낅뜲?댄듃
https://15774129.go.kr/BCUser/facilitypic/1000000837/1562899610711.png,?섎궓?깆떖蹂묒썝?λ??앹옣,"愿묒＜愿묒뿭??愿묒궛援??⑹븘濡?259 (?곗젙?? ?섎궓?깆떖蹂묒썝)",tel:062-954-4444,062-954-4444,https://15774129.go.kr/img/portal/sub/mark1.png,https://15774129.go.kr/img/portal/sub/mark2.png,https://15774129.go.kr/img/portal/sub/mark4.png,https://15774129.go.kr/img/portal/sub/mark5.png,,76媛쒖썡???낅뜲?댄듃
https://15774129.go.kr/BCUser/facilitypic/1000000658/1562899930785.png,?쇨끝蹂묒썝?λ??앹옣,愿묒＜愿묒뿭??遺곴뎄 ?묒씪濡?309 (?쇨끝??,tel:062-574-4445,062-574-4445,https://15774129.go.kr/img/portal/sub/mark1.png,https://15774129.go.kr/img/portal/sub/mark2.png,https://15774129.go.kr/img/portal/sub/mark4.png,https://15774129.go.kr/img/portal/sub/mark5.png,,60媛쒖썡???낅뜲?댄듃
https://15774129.go.kr/BCUser/facilitypic/1000000162/1559106644238.jpg,?⑤룄?λ??앹옣,愿묒＜愿묒뿭???숆뎄 以묒븰濡?283-1 (怨꾨┝??,tel:062-223-7715,062-223-7715,https://15774129.go.kr/img/portal/sub/mark1.png,https://15774129.go.kr/img/portal/sub/mark2.png,https://15774129.go.kr/img/portal/sub/mark4.png,,,1媛쒖썡???낅뜲?댄듃
https://15774129.go.kr/BCUser/facilitypic/1732860312330.jpg,?좏븳蹂묒썝?λ??앹옣,"愿묒＜愿묒뿭???쒓뎄 臾댁쭊?濡?975,吏??痢?(愿묒쿇??",tel:062-365-4004,062-365-4004,https://15774129.go.kr/img/portal/sub/mark1.png,https://15774129.go.kr/img/portal/sub/mark2.png,https://15774129.go.kr/img/portal/sub/mark3.png,https://15774129.go.kr/img/portal/sub/mark4.png,https://15774129.go.kr/img/portal/sub/mark5.png,12媛쒖썡???낅뜲?댄듃
https://15774129.go.kr/BCUser/facilitypic/1000000141/1562899789786.png,愿묒＜湲곕룆蹂묒썝?λ??앹옣,"愿묒＜愿묒뿭???④뎄 ?묐┝濡?37 (?묐┝?? 愿묒＜湲곕룆蹂묒썝)",tel:062-653-4400,062-653-4400,https://15774129.go.kr/img/portal/sub/mark1.png,https://15774129.go.kr/img/portal/sub/mark2.png,https://15774129.go.kr/img/portal/sub/mark3.png,https://15774129.go.kr/img/portal/sub/mark4.png,https://15774129.go.kr/img/portal/sub/mark5.png,2媛쒖썡???낅뜲?댄듃
https://15774129.go.kr/BCUser/facilitypic/1000000846/1560219927157.jpg,湲덊샇?λ??앹옣,愿묒＜愿묒뿭???숆뎄 ?⑤Ц濡?697 (?숇룞),tel:062-227-4000,062-227-4000,,,,,,12媛쒖썡???낅뜲?댄듃
https://15774129.go.kr/BCUser/facilitypic/1442886204011_1000000453_0.jpg,?≪젙?λ??앹옣,愿묒＜愿묒뿭??愿묒궛援??곷Т?濡?364 (?좎큿??,tel:062-941-4400,062-941-4400,https://15774129.go.kr/img/portal/sub/mark1.png,https://15774129.go.kr/img/portal/sub/mark2.png,https://15774129.go.kr/img/portal/sub/mark3.png,https://15774129.go.kr/img/portal/sub/mark4.png,https://15774129.go.kr/img/portal/sub/mark5.png,49媛쒖썡???낅뜲?댄듃
https://15774129.go.kr/BCUser/facilitypic/1000000484/1563517378569.jpg,?좉?蹂묒썝?λ??앹옣,愿묒＜愿묒뿭??愿묒궛援?紐⑸젴濡?316 (?좉???,tel:062-962-4444,062-962-4444,https://15774129.go.kr/img/portal/sub/mark1.png,https://15774129.go.kr/img/portal/sub/mark2.png,https://15774129.go.kr/img/portal/sub/mark4.png,https://15774129.go.kr/img/portal/sub/mark5.png,,0媛쒖썡???낅뜲?댄듃
https://15774129.go.kr/BCUser/facilitypic/1000000452/1562899162000.png,?≪젙?щ옉蹂묒썝?λ??앹옣,愿묒＜愿묒뿭??愿묒궛援??〓룄濡?232.吏??痢?(?≪젙??,tel:062-949-9444,062-949-9444,https://15774129.go.kr/img/portal/sub/mark1.png,https://15774129.go.kr/img/portal/sub/mark2.png,https://15774129.go.kr/img/portal/sub/mark4.png,https://15774129.go.kr/img/portal/sub/mark5.png,,6媛쒖썡???낅뜲?댄듃
https://15774129.go.kr/BCUser/facilitypic/7000001807/1556174783633.jpg,鍮??λ??앹옣,"愿묒＜愿묒뿭??愿묒궛援??곷Т?濡?231 (?≪젙?? 鍮쏆옣濡?앹옣)",tel:062-452-4000,062-452-4000,https://15774129.go.kr/img/portal/sub/mark1.png,https://15774129.go.kr/img/portal/sub/mark2.png,https://15774129.go.kr/img/portal/sub/mark3.png,https://15774129.go.kr/img/portal/sub/mark4.png,https://15774129.go.kr/img/portal/sub/mark5.png,0媛쒖썡???낅뜲?댄듃
https://15774129.go.kr/BCUser/facilitypic/7000001770/1554689589816.jpg,(??釉뚯씠?꾩씠?쇱옣濡???愿묒＜愿묒뿭???쒓뎄 ?띿꽌醫뚮줈 237 (留ㅼ썡??,tel:062-521-4444,062-521-4444,https://15774129.go.kr/img/portal/sub/mark1.png,https://15774129.go.kr/img/portal/sub/mark2.png,https://15774129.go.kr/img/portal/sub/mark3.png,https://15774129.go.kr/img/portal/sub/mark4.png,,47媛쒖썡???낅뜲?댄듃
https://15774129.go.kr/BCUser/facilitypic/1488865159284_7000001839_0.jpg,(二?愿묒＜援?퉰?λ?臾명솕??愿묒＜愿묒뿭???쒓뎄 ?뚯옱濡?825 (留ㅼ썡??,tel:062-606-4000,062-606-4000,https://15774129.go.kr/img/portal/sub/mark1.png,https://15774129.go.kr/img/portal/sub/mark2.png,https://15774129.go.kr/img/portal/sub/mark3.png,https://15774129.go.kr/img/portal/sub/mark4.png,https://15774129.go.kr/img/portal/sub/mark5.png,13媛쒖썡???낅뜲?댄듃
