fac_type,fac_thumb src,fac_tit,fac_addr,fac_tel href,fac_tel,convenient src,convenient src (2),convenient src (3),convenient src (4),fac_update,convenient src (5)
?ъ꽕,https://15774129.go.kr/BCUser/facilitypic/1625533627499.JPG,援먯썝?덉? ?꾩궛?λ??앹옣,"異⑹껌?⑤룄 ?꾩궛???좎젙濡?713 (諛⑹텞??2-7, 諛⑹텞??42-1)",tel:041-549-4441,041-549-4441,https://15774129.go.kr/img/portal/sub/mark1.png,https://15774129.go.kr/img/portal/sub/mark2.png,https://15774129.go.kr/img/portal/sub/mark3.png,https://15774129.go.kr/img/portal/sub/mark4.png,28媛쒖썡???낅뜲?댄듃,
?ъ꽕,https://15774129.go.kr/BCUser/facilitypic/1486664384089_1000000195_0.jpg,?뱀쭊以묒븰?λ??앹옣,異⑹껌?⑤룄 ?뱀쭊???≪븙??議곕퉬?ㅺ만 47 (愿묐챸由?,tel:041-358-3000,041-358-3000,https://15774129.go.kr/img/portal/sub/mark1.png,https://15774129.go.kr/img/portal/sub/mark2.png,https://15774129.go.kr/img/portal/sub/mark3.png,https://15774129.go.kr/img/portal/sub/mark4.png,0媛쒖썡???낅뜲?댄듃,https://15774129.go.kr/img/portal/sub/mark5.png
怨듭꽕,https://15774129.go.kr/BCUser/facilitypic/1000000372/1554257725200.jpg,?쒖궛?섎즺?먯긽濡??異⑹껌?⑤룄 ?쒖궛??以묒븰濡?149 (?앸┝??,tel:041-689-7444,041-689-7444,https://15774129.go.kr/img/portal/sub/mark1.png,https://15774129.go.kr/img/portal/sub/mark4.png,,,6媛쒖썡???낅뜲?댄듃,
怨듭꽕,https://15774129.go.kr/BCUser/facilitypic/1000000909/1554269261360.jpg,?띿꽦?섎즺?먯옣濡?앹옣,異⑹껌?⑤룄 ?띿꽦援??띿꽦??議곗뼇濡?224 (怨좎븫由?,tel:041-630-6244,041-630-6244,https://15774129.go.kr/img/portal/sub/mark1.png,https://15774129.go.kr/img/portal/sub/mark2.png,https://15774129.go.kr/img/portal/sub/mark3.png,https://15774129.go.kr/img/portal/sub/mark4.png,16媛쒖썡???낅뜲?댄듃,https://15774129.go.kr/img/portal/sub/mark5.png
怨듭꽕,https://15774129.go.kr/BCUser/facilitypic/1414656344047_1000000770_0.jpg,泥쒖븞?섎즺?먯옣濡?앹옣,異⑹껌?⑤룄 泥쒖븞???숇궓援?異⑹젅濡?537 (?쇰！??,tel:041-570-7099,041-570-7099,https://15774129.go.kr/img/portal/sub/mark1.png,https://15774129.go.kr/img/portal/sub/mark2.png,https://15774129.go.kr/img/portal/sub/mark3.png,https://15774129.go.kr/img/portal/sub/mark4.png,10媛쒖썡???낅뜲?댄듃,https://15774129.go.kr/img/portal/sub/mark5.png
?ъ꽕,https://15774129.go.kr/BCUser/facilitypic/1000000133/1563430507149.jpg,湲덇컯?λ??앹옣,異⑹껌?⑤룄 遺?ш뎔 遺?ъ쓭 諛깆젣臾명솕濡?29踰덇만 9 (?먯솗由?,tel:041-834-0100,041-834-0100,https://15774129.go.kr/img/portal/sub/mark1.png,https://15774129.go.kr/img/portal/sub/mark2.png,https://15774129.go.kr/img/portal/sub/mark4.png,,7媛쒖썡???낅뜲?댄듃,
?ъ꽕,https://15774129.go.kr/BCUser/facilitypic/7000002030/1536989871993.jpg,?꾩궛?좊━?붿뼇蹂묒썝 ?λ??앹옣,"異⑹껌?⑤룄 ?꾩궛???꾧퀬硫??꾧퀬硫대줈 179,?꾩궛?좊━?붿뼇蹂묒썝 (湲곌끝由?",tel:041-549-1044,041-549-1044,https://15774129.go.kr/img/portal/sub/mark1.png,https://15774129.go.kr/img/portal/sub/mark2.png,https://15774129.go.kr/img/portal/sub/mark4.png,https://15774129.go.kr/img/portal/sub/mark5.png,0媛쒖썡???낅뜲?댄듃,
?ъ꽕,https://15774129.go.kr/BCUser/facilitypic/7000002118/1555985078902.jpg,?쒖쿇?μ쿇?덉옣濡?앹옣,"異⑹껌?⑤룄 泥쒖븞???숇궓援??쒖쿇??湲?30 (遊됰챸?? ?쒖쿇?λ??숆탳泥쒖븞蹂묒썝)",tel:041-570-2444,041-570-2444,https://15774129.go.kr/img/portal/sub/mark1.png,https://15774129.go.kr/img/portal/sub/mark2.png,https://15774129.go.kr/img/portal/sub/mark4.png,https://15774129.go.kr/img/portal/sub/mark5.png,1媛쒖썡???낅뜲?댄듃,
?ъ꽕,https://15774129.go.kr/BCUser/facilitypic/1000000577/1555985261316.jpg,?덉궛紐낆?蹂묒썝?λ??앹옣,異⑹껌?⑤룄 ?덉궛援??덉궛???좊??먮줈 26 (愿?묐━),tel:041-334-0444,041-334-0444,https://15774129.go.kr/img/portal/sub/mark1.png,https://15774129.go.kr/img/portal/sub/mark2.png,https://15774129.go.kr/img/portal/sub/mark3.png,https://15774129.go.kr/img/portal/sub/mark4.png,0媛쒖썡???낅뜲?댄듃,https://15774129.go.kr/img/portal/sub/mark5.png
?ъ꽕,https://15774129.go.kr/BCUser/facilitypic/1661915646241.jpg,?덉궛醫낇빀蹂묒썝?λ??앹옣,異⑹껌?⑤룄 ?덉궛援??덉궛??湲덉삤?濡?94 (?곗꽦由?,tel:041-331-4444,041-331-4444,https://15774129.go.kr/img/portal/sub/mark4.png,,,,0媛쒖썡???낅뜲?댄듃,
怨듭꽕,https://15774129.go.kr/BCUser/facilitypic/1000000807/1554264560386.jpg,?쒖븞援곕낫嫄댁쓽猷뚯썝 ?곷???"異⑹껌?⑤룄 ?쒖븞援??쒖븞???쒗빐濡?1952-16 (?됱쿇由? ?쒖븞援곕낫嫄댁쓽猷뚯썝)",tel:041-671-5303,041-671-5303,https://15774129.go.kr/img/portal/sub/mark1.png,https://15774129.go.kr/img/portal/sub/mark2.png,https://15774129.go.kr/img/portal/sub/mark4.png,https://15774129.go.kr/img/portal/sub/mark5.png,4媛쒖썡???낅뜲?댄듃,
?ъ꽕,https://15774129.go.kr/BCUser/facilitypic/7000001423/1554943973709.jpg,怨좊뜒?λ?臾명솕??異⑹껌?⑤룄 ?덉궛援?怨좊뜒硫??덈뜒濡?592 (?泥쒕━),tel:041-337-4440,041-337-4440,https://15774129.go.kr/img/portal/sub/mark2.png,https://15774129.go.kr/img/portal/sub/mark3.png,https://15774129.go.kr/img/portal/sub/mark4.png,,0媛쒖썡???낅뜲?댄듃,
?ъ꽕,https://15774129.go.kr/BCUser/facilitypic/1625533627499.JPG,援먯썝?덉? ?꾩궛?λ??앹옣,"異⑹껌?⑤룄 ?꾩궛???좎젙濡?713 (諛⑹텞??2-7, 諛⑹텞??42-1)",tel:041-549-4441,041-549-4441,https://15774129.go.kr/img/portal/sub/mark1.png,https://15774129.go.kr/img/portal/sub/mark2.png,https://15774129.go.kr/img/portal/sub/mark3.png,https://15774129.go.kr/img/portal/sub/mark4.png,28媛쒖썡???낅뜲?댄듃,
?ъ꽕,https://15774129.go.kr/BCUser/facilitypic/1486664384089_1000000195_0.jpg,?뱀쭊以묒븰?λ??앹옣,異⑹껌?⑤룄 ?뱀쭊???≪븙??議곕퉬?ㅺ만 47 (愿묐챸由?,tel:041-358-3000,041-358-3000,https://15774129.go.kr/img/portal/sub/mark1.png,https://15774129.go.kr/img/portal/sub/mark2.png,https://15774129.go.kr/img/portal/sub/mark3.png,https://15774129.go.kr/img/portal/sub/mark4.png,0媛쒖썡???낅뜲?댄듃,https://15774129.go.kr/img/portal/sub/mark5.png
?ъ꽕,https://15774129.go.kr/BCUser/facilitypic/1565073498822_7000002249_0.jpg,?⑥쿇?덉옣濡?앹옣,"異⑹껌?⑤룄 泥쒖븞???숇궓援?泥쒖븞?濡?215 ?⑥쿇?덉옣濡?앹옣 (?쇰！?? 泥쒖븞?⑥슂?묐퀝??",tel:041-523-4444,041-523-4444,https://15774129.go.kr/img/portal/sub/mark1.png,https://15774129.go.kr/img/portal/sub/mark2.png,https://15774129.go.kr/img/portal/sub/mark3.png,https://15774129.go.kr/img/portal/sub/mark4.png,3媛쒖썡???낅뜲?댄듃,https://15774129.go.kr/img/portal/sub/mark5.png
?ъ꽕,https://15774129.go.kr/BCUser/facilitypic/1000000187/1555907181318.jpg,?④뎅??숆탳蹂묒썝 泥쒖븞?λ??앹옣,異⑹껌?⑤룄 泥쒖븞???숇궓援?留앺뼢濡?201 (?덉꽌??,tel:041-550-7474,041-550-7474,https://15774129.go.kr/img/portal/sub/mark1.png,https://15774129.go.kr/img/portal/sub/mark2.png,https://15774129.go.kr/img/portal/sub/mark4.png,https://15774129.go.kr/img/portal/sub/mark5.png,9媛쒖썡???낅뜲?댄듃,
?ъ꽕,https://15774129.go.kr/BCUser/facilitypic/7000002661/1709689289800.PNG,?대굺???뱀쭊?λ??앹옣,"異⑹껌?⑤룄 ?뱀쭊???⑤?濡?28 (梨꾩슫?? ?뱀쭊?λ??앹옣)",tel:041-354-4444,041-354-4444,https://15774129.go.kr/img/portal/sub/mark1.png,https://15774129.go.kr/img/portal/sub/mark2.png,https://15774129.go.kr/img/portal/sub/mark3.png,https://15774129.go.kr/img/portal/sub/mark4.png,6媛쒖썡???낅뜲?댄듃,https://15774129.go.kr/img/portal/sub/mark5.png
?ъ꽕,https://15774129.go.kr/BCUser/facilitypic/1000000281/1564385261296.jpg,諛깆젣蹂묒썝?λ??앹옣,異⑹껌?⑤룄 ?쇱궛???쒕?濡?94踰덇만 14 (?대룞),tel:041-735-1022,041-735-1022,https://15774129.go.kr/img/portal/sub/mark1.png,https://15774129.go.kr/img/portal/sub/mark4.png,https://15774129.go.kr/img/portal/sub/mark5.png,,115媛쒖썡???낅뜲?댄듃,
?ъ꽕,https://15774129.go.kr/BCUser/facilitypic/7000001117/1564473101535.jpg,?쒖쿇?쒓뎅?λ??앹옣,異⑹껌?⑤룄 ?쒖쿇援?留덉꽌硫??대━湲?205-7 (?대━),tel:041-952-0004,041-952-0004,,,,,5媛쒖썡???낅뜲?댄듃,
?ъ꽕,https://15774129.go.kr/BCUser/facilitypic/7000000502/1561612987140.jpg,諛곕갑?λ??앹옣,異⑹껌?⑤룄 ?꾩궛??諛곕갑??媛덉궛援먮줈 38 (援щ졊由?,tel:041-544-1500,041-544-1500,https://15774129.go.kr/img/portal/sub/mark1.png,https://15774129.go.kr/img/portal/sub/mark2.png,https://15774129.go.kr/img/portal/sub/mark3.png,https://15774129.go.kr/img/portal/sub/mark4.png,2媛쒖썡???낅뜲?댄듃,https://15774129.go.kr/img/portal/sub/mark5.png
怨듭꽕,https://15774129.go.kr/BCUser/facilitypic/1000000090/1564384997520.jpg,怨듭＜?섎즺?먯옣濡?앹옣,異⑹껌?⑤룄 怨듭＜??臾대졊濡?77 (?낆쭊??,tel:041-962-1444,041-962-1444,https://15774129.go.kr/img/portal/sub/mark1.png,https://15774129.go.kr/img/portal/sub/mark2.png,https://15774129.go.kr/img/portal/sub/mark3.png,https://15774129.go.kr/img/portal/sub/mark4.png,20媛쒖썡???낅뜲?댄듃,https://15774129.go.kr/img/portal/sub/mark5.png
?ъ꽕,https://15774129.go.kr/BCUser/facilitypic/1490078429351_7000001628_0.jpg,泥쒖븞?쇨굅由ш뎅?붿썝?λ??앹옣,"異⑹껌?⑤룄 泥쒖븞???숇궓援?異⑹젅濡?575 (?쇰！?? 泥쒖븞?쇨굅由ъ옣濡?앹옣)",tel:041-562-4444,041-562-4444,https://15774129.go.kr/img/portal/sub/mark1.png,https://15774129.go.kr/img/portal/sub/mark2.png,https://15774129.go.kr/img/portal/sub/mark4.png,https://15774129.go.kr/img/portal/sub/mark5.png,29媛쒖썡???낅뜲?댄듃,
?ъ꽕,https://15774129.go.kr/BCUser/facilitypic/1457597772344_7000000082_0.JPG,湲덇컯?대굺?먯옣濡?앹옣,異⑹껌?⑤룄 怨듭＜???곗꽦硫??쎌쿇湲?19 (?꾩쿇由?,tel:041-853-4446,041-853-4446,https://15774129.go.kr/img/portal/sub/mark1.png,https://15774129.go.kr/img/portal/sub/mark2.png,https://15774129.go.kr/img/portal/sub/mark4.png,,30媛쒖썡???낅뜲?댄듃,
?ъ꽕,https://15774129.go.kr/BCUser/facilitypic/1000000374/1561621712715.jpg,以묒븰蹂묒썝?λ??앹옣,異⑹껌?⑤룄 ?쒖궛???섏꽍?곗뾽濡?5 (?섏꽍??,tel:041-669-1414,041-669-1414,https://15774129.go.kr/img/portal/sub/mark1.png,https://15774129.go.kr/img/portal/sub/mark2.png,https://15774129.go.kr/img/portal/sub/mark4.png,https://15774129.go.kr/img/portal/sub/mark5.png,13媛쒖썡???낅뜲?댄듃,
?ъ꽕,https://15774129.go.kr/BCUser/facilitypic/7000002662/1709686333778.PNG,濡쒓퀬?ㅼ슂?묐퀝???λ??앹옣,異⑹껌?⑤룄 泥쒖븞???숇궓援?泥?닔濡?123-10 (援ъ꽦??,tel:041-414-4445,041-414-4445,https://15774129.go.kr/img/portal/sub/mark1.png,https://15774129.go.kr/img/portal/sub/mark2.png,https://15774129.go.kr/img/portal/sub/mark4.png,https://15774129.go.kr/img/portal/sub/mark5.png,12媛쒖썡???낅뜲?댄듃,
?ъ꽕,https://15774129.go.kr/BCUser/facilitypic/7000002746/1709626499470.PNG,泥?떞?λ?臾명솕??異⑹껌?⑤룄 ?덉궛援??덉궛??李⑤룞濡?1451 (??뚮━),tel:041-331-7000,041-331-7000,https://15774129.go.kr/img/portal/sub/mark1.png,https://15774129.go.kr/img/portal/sub/mark2.png,https://15774129.go.kr/img/portal/sub/mark3.png,https://15774129.go.kr/img/portal/sub/mark4.png,8媛쒖썡???낅뜲?댄듃,https://15774129.go.kr/img/portal/sub/mark5.png
?ъ꽕,https://15774129.go.kr/BCUser/facilitypic/1000000135/1564472883233.jpg,?덇툑?곕퀝?먯옣濡?앹옣,異⑹껌?⑤룄 湲덉궛援?湲덉궛??湲덉궛濡?1279 (?섏삦由?,tel:041-754-4474,041-754-4474,https://15774129.go.kr/img/portal/sub/mark4.png,,,,6媛쒖썡???낅뜲?댄듃,
?ъ꽕,https://15774129.go.kr/BCUser/facilitypic/1592033091757_7000002372_0.jpg,蹂대엺?곸“由щ뜑??二?泥쒖븞援?퉰?λ??앹옣,"異⑹껌?⑤룄 泥쒖븞???숇궓援??띿꽭濡?835, 泥쒖븞援?퉰?λ??앹옣 (?⑷끝?? 泥?떞?⑤뵫?)",tel:041-578-0082,041-578-0082,https://15774129.go.kr/img/portal/sub/mark1.png,https://15774129.go.kr/img/portal/sub/mark2.png,https://15774129.go.kr/img/portal/sub/mark3.png,https://15774129.go.kr/img/portal/sub/mark4.png,36媛쒖썡???낅뜲?댄듃,https://15774129.go.kr/img/portal/sub/mark5.png
?ъ꽕,https://15774129.go.kr/BCUser/facilitypic/7000002243/1564466518146.jpg,?곕━?붿뼇蹂묒썝 ?λ??앹옣,異⑹껌?⑤룄 ?쒖궛???숉뿄濡?15 (?앸궓??,tel:041-664-4449,041-664-4449,https://15774129.go.kr/img/portal/sub/mark1.png,https://15774129.go.kr/img/portal/sub/mark2.png,https://15774129.go.kr/img/portal/sub/mark3.png,https://15774129.go.kr/img/portal/sub/mark4.png,5媛쒖썡???낅뜲?댄듃,https://15774129.go.kr/img/portal/sub/mark5.png
?ъ꽕,https://15774129.go.kr/BCUser/facilitypic/1525055236774_1000000600_0.jpg,?⑥뼇?λ??앹옣,異⑹껌?⑤룄 ?꾩궛??怨↔탳泥쒕줈 171 (?⑥쿇??,tel:041-547-4444,041-547-4444,https://15774129.go.kr/img/portal/sub/mark1.png,https://15774129.go.kr/img/portal/sub/mark2.png,https://15774129.go.kr/img/portal/sub/mark3.png,https://15774129.go.kr/img/portal/sub/mark4.png,1媛쒖썡???낅뜲?댄듃,
?ъ꽕,https://15774129.go.kr/BCUser/facilitypic/1000000371/1564464271876.jpg,?쒕끉?곗옣濡?앹옣,異⑹껌?⑤룄 ?쇱궛???깅룞硫??쇱궛?됱빞濡?92 (?먮턿由?,tel:041-733-4040,041-733-4040,https://15774129.go.kr/img/portal/sub/mark1.png,https://15774129.go.kr/img/portal/sub/mark2.png,https://15774129.go.kr/img/portal/sub/mark3.png,https://15774129.go.kr/img/portal/sub/mark4.png,22媛쒖썡???낅뜲?댄듃,https://15774129.go.kr/img/portal/sub/mark5.png
?ъ꽕,https://15774129.go.kr/BCUser/facilitypic/7000000509/1563511023065.jpg,?뱀쭊醫낇빀蹂묒썝?λ??앹옣,異⑹껌?⑤룄 ?뱀쭊??諛섏큿濡?5-15 (?쒓끝??,tel:041-358-4414,041-358-4414,https://15774129.go.kr/img/portal/sub/mark1.png,https://15774129.go.kr/img/portal/sub/mark2.png,https://15774129.go.kr/img/portal/sub/mark3.png,https://15774129.go.kr/img/portal/sub/mark4.png,0媛쒖썡???낅뜲?댄듃,https://15774129.go.kr/img/portal/sub/mark5.png
?ъ꽕,https://15774129.go.kr/BCUser/facilitypic/7000002255/1566536639630.jpg,(二??덈㈃?꾩옣濡?앹옣,異⑹껌?⑤룄 ?쒖븞援??덈㈃???덈㈃?濡?2642(?뺣떦由?,tel:041-672-0444,041-672-0444,https://15774129.go.kr/img/portal/sub/mark1.png,https://15774129.go.kr/img/portal/sub/mark2.png,https://15774129.go.kr/img/portal/sub/mark3.png,https://15774129.go.kr/img/portal/sub/mark4.png,32媛쒖썡???낅뜲?댄듃,https://15774129.go.kr/img/portal/sub/mark5.png
?ъ꽕,https://15774129.go.kr/BCUser/facilitypic/7000001994/1555316784377.jpg,?쒖씪?λ??앹옣,"異⑹껌?⑤룄 ?꾩궛???쒕?濡?40 (?좎씤?? ?λ?臾명솕??",tel:041-545-4444,041-545-4444,https://15774129.go.kr/img/portal/sub/mark1.png,https://15774129.go.kr/img/portal/sub/mark2.png,https://15774129.go.kr/img/portal/sub/mark3.png,https://15774129.go.kr/img/portal/sub/mark4.png,45媛쒖썡???낅뜲?댄듃,https://15774129.go.kr/img/portal/sub/mark5.png
?ъ꽕,https://15774129.go.kr/BCUser/facilitypic/1000000785/1563509821205.jpg,泥?뼇?랁삊 ?λ??앹옣,"異⑹껌?⑤룄 泥?뼇援?泥?뼇??異⑹젅濡?1379 (?숇떦由? 泥?뼇?λ??앹옣)",tel:041-942-4600,041-942-4600,https://15774129.go.kr/img/portal/sub/mark1.png,https://15774129.go.kr/img/portal/sub/mark2.png,https://15774129.go.kr/img/portal/sub/mark3.png,https://15774129.go.kr/img/portal/sub/mark4.png,7媛쒖썡???낅뜲?댄듃,https://15774129.go.kr/img/portal/sub/mark5.png
?ъ꽕,https://15774129.go.kr/BCUser/facilitypic/1000000579/1554338610124.png,?덉궛?λ??앹옣,異⑹껌?⑤룄 ?덉궛援??ㅺ?硫??ㅺ?以묒븰濡?81-17 (??깙由?,tel:041-334-4441,041-334-4441,https://15774129.go.kr/img/portal/sub/mark1.png,https://15774129.go.kr/img/portal/sub/mark2.png,https://15774129.go.kr/img/portal/sub/mark4.png,https://15774129.go.kr/img/portal/sub/mark5.png,1媛쒖썡???낅뜲?댄듃,
?ъ꽕,https://15774129.go.kr/BCUser/facilitypic/1503022001436_1000000839_0.jpg,泥쒖븞?섎뒛怨듭썝?λ??앹옣,異⑹껌?⑤룄 泥쒖븞???숇궓援?留뚮궓濡?114 (?좊???,tel:041-553-8000,041-553-8000,https://15774129.go.kr/img/portal/sub/mark1.png,https://15774129.go.kr/img/portal/sub/mark4.png,,,0媛쒖썡???낅뜲?댄듃,
?ъ꽕,https://15774129.go.kr/BCUser/facilitypic/1580866501705_1000000213_0.JPG,蹂대졊?섑삊?λ??앹옣,異⑹껌?⑤룄 蹂대졊????대줈 258-9 (?④끝??,tel:041-932-4004,041-932-4004,https://15774129.go.kr/img/portal/sub/mark1.png,https://15774129.go.kr/img/portal/sub/mark2.png,https://15774129.go.kr/img/portal/sub/mark3.png,https://15774129.go.kr/img/portal/sub/mark4.png,71媛쒖썡???낅뜲?댄듃,https://15774129.go.kr/img/portal/sub/mark5.png
?ъ꽕,https://15774129.go.kr/BCUser/facilitypic/1459907494322_7000001309_0.jpg,?꾩궛異⑸Т蹂묒썝 援?솕??異⑹껌?⑤룄 ?꾩궛??臾명솕濡?381 (紐⑥쥌??,tel:041-548-7444,041-548-7444,https://15774129.go.kr/img/portal/sub/mark1.png,https://15774129.go.kr/img/portal/sub/mark2.png,https://15774129.go.kr/img/portal/sub/mark3.png,https://15774129.go.kr/img/portal/sub/mark4.png,26媛쒖썡???낅뜲?댄듃,https://15774129.go.kr/img/portal/sub/mark5.png
?ъ꽕,https://15774129.go.kr/BCUser/facilitypic/1000000018/1564464015399.jpg,媛뺢꼍?λ??앹옣,異⑹껌?⑤룄 ?쇱궛??媛뺢꼍???ш컯濡?1293 (梨꾩궛由?,tel:041-745-4401,041-745-4401,https://15774129.go.kr/img/portal/sub/mark1.png,https://15774129.go.kr/img/portal/sub/mark4.png,https://15774129.go.kr/img/portal/sub/mark5.png,,115媛쒖썡???낅뜲?댄듃,
?ъ꽕,https://15774129.go.kr/BCUser/facilitypic/1000000921/1564386011659.jpg,?⑹궛?λ?臾명솕??異⑹껌?⑤룄 ?쇱궛??怨꾨갚濡?1161 (?뺤???,tel:041-733-4447,041-733-4447,,,,,184媛쒖썡???낅뜲?댄듃,
怨듭꽕,https://15774129.go.kr/BCUser/facilitypic/1000000792/1564466616821.jpg,?띿꽦異붾え怨듭썝 ?λ??앹옣,異⑹껌?⑤룄 ?띿꽦援?湲덈쭏硫?湲덈쭏濡?16踰덇만 85 (遊됱꽌由?,tel:041-631-9944,041-631-9944,https://15774129.go.kr/img/portal/sub/mark1.png,https://15774129.go.kr/img/portal/sub/mark2.png,https://15774129.go.kr/img/portal/sub/mark4.png,https://15774129.go.kr/img/portal/sub/mark5.png,184媛쒖썡???낅뜲?댄듃,
?ъ꽕,https://15774129.go.kr/BCUser/facilitypic/7000002031/1536994555712.jpg,?⑦룷蹂대졊?λ??앹옣,異⑹껌?⑤룄 蹂대졊???⑦룷硫?蹂대졊?⑤줈 391 (?λ룞由?,tel:041-932-0505,041-932-0505,https://15774129.go.kr/img/portal/sub/mark1.png,https://15774129.go.kr/img/portal/sub/mark2.png,https://15774129.go.kr/img/portal/sub/mark4.png,https://15774129.go.kr/img/portal/sub/mark5.png,12媛쒖썡???낅뜲?댄듃,
?ъ꽕,https://15774129.go.kr/BCUser/facilitypic/7000000937/1564472957078.jpg,?좏룊?λ??앹옣,異⑹껌?⑤룄 ?뱀쭊???좏룊硫?留먮ぉ湲?22-33 (湲덉쿇由?,tel:041-363-4446,041-363-4446,https://15774129.go.kr/img/portal/sub/mark1.png,https://15774129.go.kr/img/portal/sub/mark2.png,https://15774129.go.kr/img/portal/sub/mark3.png,https://15774129.go.kr/img/portal/sub/mark4.png,14媛쒖썡???낅뜲?댄듃,https://15774129.go.kr/img/portal/sub/mark5.png
?ъ꽕,https://15774129.go.kr/BCUser/facilitypic/1698367161195.jpg,二쇱떇?뚯궗 嫄댁뼇?遺?ъ옣濡?앹옣,"異⑹껌?⑤룄 遺?ш뎔 遺?ъ쓭 怨꾨갚濡?200 (?숇궓由? 嫄댁뼇?遺?щ퀝??",tel:041-837-4441,041-837-4441,https://15774129.go.kr/img/portal/sub/mark1.png,https://15774129.go.kr/img/portal/sub/mark2.png,https://15774129.go.kr/img/portal/sub/mark3.png,https://15774129.go.kr/img/portal/sub/mark4.png,16媛쒖썡???낅뜲?댄듃,https://15774129.go.kr/img/portal/sub/mark5.png
?ъ꽕,https://15774129.go.kr/BCUser/facilitypic/7000000793/1564386097134.jpg,洹쒖븫?랁삊?λ??앹옣,"異⑹껌?⑤룄 遺?ш뎔 洹쒖븫硫?諛섏궛濡?30 (諛섏궛由? 遺?ъ옣濡?앹옣)",tel:041-837-0180,041-837-0180,https://15774129.go.kr/img/portal/sub/mark1.png,https://15774129.go.kr/img/portal/sub/mark2.png,https://15774129.go.kr/img/portal/sub/mark4.png,,77媛쒖썡???낅뜲?댄듃,
?ъ꽕,https://15774129.go.kr/BCUser/facilitypic/1000000294/1554960050373.jpg,異⑸궓蹂대졊?꾩궛蹂묒썝?λ??앹옣,異⑹껌?⑤룄 蹂대졊??二쎌꽦濡?136-1 (二쎌젙??,tel:041-930-5631,041-930-5631,https://15774129.go.kr/img/portal/sub/mark1.png,https://15774129.go.kr/img/portal/sub/mark2.png,https://15774129.go.kr/img/portal/sub/mark4.png,https://15774129.go.kr/img/portal/sub/mark5.png,11媛쒖썡???낅뜲?댄듃,
?ъ꽕,https://15774129.go.kr/BCUser/facilitypic/1000000647/1564473171188.jpg,?댁씤?랁삊?λ??앹옣,異⑹껌?⑤룄 怨듭＜???댁씤硫?寃諛붿쐞濡?9 (?ъ궛由?,tel:041-853-4400,041-853-4400,https://15774129.go.kr/img/portal/sub/mark1.png,https://15774129.go.kr/img/portal/sub/mark4.png,https://15774129.go.kr/img/portal/sub/mark5.png,,59媛쒖썡???낅뜲?댄듃,
?ъ꽕,https://15774129.go.kr/BCUser/facilitypic/7000001514/1476429748756.jpg,?泥쒖뿭?꾩옣濡?앹옣,異⑹껌?⑤룄 蹂대졊???댁븞濡?45 (?댄빆??,tel:02-932-1414,02-932-1414,https://15774129.go.kr/img/portal/sub/mark2.png,https://15774129.go.kr/img/portal/sub/mark3.png,https://15774129.go.kr/img/portal/sub/mark4.png,https://15774129.go.kr/img/portal/sub/mark5.png,12媛쒖썡???낅뜲?댄듃,
?ъ꽕,https://15774129.go.kr/BCUser/facilitypic/1000000391/1561620123631.jpg,?쒖쿇?λ??앹옣,異⑹껌?⑤룄 ?쒖쿇援?醫낆쿇硫?異⑹꽌濡?179 (?붿궛由?,tel:041-952-4402,041-952-4402,https://15774129.go.kr/img/portal/sub/mark1.png,https://15774129.go.kr/img/portal/sub/mark2.png,https://15774129.go.kr/img/portal/sub/mark3.png,https://15774129.go.kr/img/portal/sub/mark4.png,23媛쒖썡???낅뜲?댄듃,https://15774129.go.kr/img/portal/sub/mark5.png
?ъ꽕,https://15774129.go.kr/BCUser/facilitypic/7000000619/1564466472659.jpg,?낆쿇?λ??앹옣,異⑹껌?⑤룄 蹂대졊???낆쿇??異⑹꽌濡?1141 (?먮！由?,tel:041-931-3444,041-931-3444,https://15774129.go.kr/img/portal/sub/mark2.png,https://15774129.go.kr/img/portal/sub/mark4.png,,,0媛쒖썡???낅뜲?댄듃,
?ъ꽕,https://15774129.go.kr/BCUser/facilitypic/1676596180837.hwpx,怨꾨！?λ??앹옣,異⑹껌?⑤룄 怨듭＜??李쎈꼍濡?182 (?뚰븰??,tel:041-853-4444,041-853-4444,https://15774129.go.kr/img/portal/sub/mark2.png,https://15774129.go.kr/img/portal/sub/mark4.png,,,34媛쒖썡???낅뜲?댄듃,
?ъ꽕,https://15774129.go.kr/BCUser/facilitypic/1000000176/1564464202284.jpg,?維쇱떆誘쇱옣濡??異⑹껌?⑤룄 ?쇱궛???먮뙐?닿만 12 (?대룞),tel:041-733-0404,041-733-0404,https://15774129.go.kr/img/portal/sub/mark2.png,https://15774129.go.kr/img/portal/sub/mark4.png,,,22媛쒖썡???낅뜲?댄듃,
?ъ꽕,https://15774129.go.kr/BCUser/facilitypic/7000001587/1555485813846.jpg,?뺤궛誘몃떦?λ??앹옣,異⑹껌?⑤룄 泥?뼇援??ν룊硫?異⑹쓽濡?797 (誘몃떦由?,tel:041-942-4447,041-942-4447,https://15774129.go.kr/img/portal/sub/mark1.png,https://15774129.go.kr/img/portal/sub/mark2.png,https://15774129.go.kr/img/portal/sub/mark3.png,https://15774129.go.kr/img/portal/sub/mark4.png,114媛쒖썡???낅뜲?댄듃,
?ъ꽕,https://15774129.go.kr/BCUser/facilitypic/1000000910/1555316019987.jpg,?띿꽦?λ??앹옣,異⑹껌?⑤룄 ?띿꽦援?湲덈쭏硫?湲덈쭏濡?254 (?뺤젙由?,tel:041-631-4414,041-631-4414,https://15774129.go.kr/img/portal/sub/mark1.png,https://15774129.go.kr/img/portal/sub/mark2.png,https://15774129.go.kr/img/portal/sub/mark3.png,https://15774129.go.kr/img/portal/sub/mark4.png,124媛쒖썡???낅뜲?댄듃,https://15774129.go.kr/img/portal/sub/mark5.png
?ъ꽕,https://15774129.go.kr/BCUser/facilitypic/1000000091/1564385048853.jpg,怨듭＜?λ??앹옣,異⑹껌?⑤룄 怨듭＜??移섎?留덉쓣湲?4 (?좉???,tel:041-854-1122,041-854-1122,https://15774129.go.kr/img/portal/sub/mark1.png,https://15774129.go.kr/img/portal/sub/mark2.png,https://15774129.go.kr/img/portal/sub/mark4.png,https://15774129.go.kr/img/portal/sub/mark5.png,75媛쒖썡???낅뜲?댄듃,
?ъ꽕,https://15774129.go.kr/BCUser/facilitypic/1347861896136_7000000640_0.jpg,?깆썡?λ?臾명솕??異⑹껌?⑤룄 泥쒖븞???쒕턿援??깊솚??泥쒖븞?濡?2096 (?깆썡由?,tel:041-588-4444,041-588-4444,https://15774129.go.kr/img/portal/sub/mark1.png,https://15774129.go.kr/img/portal/sub/mark2.png,https://15774129.go.kr/img/portal/sub/mark4.png,https://15774129.go.kr/img/portal/sub/mark5.png,57媛쒖썡???낅뜲?댄듃,
?ъ꽕,https://15774129.go.kr/BCUser/facilitypic/1704440200794.jpg,?대굺???쇱궛?λ??앹옣,異⑹껌?⑤룄 ?쇱궛??遺?곷㈃ 遺?⑸━ 139-21,tel:041-733-4444,041-733-4444,https://15774129.go.kr/img/portal/sub/mark1.png,https://15774129.go.kr/img/portal/sub/mark2.png,https://15774129.go.kr/img/portal/sub/mark3.png,https://15774129.go.kr/img/portal/sub/mark4.png,17媛쒖썡???낅뜲?댄듃,https://15774129.go.kr/img/portal/sub/mark5.png
?ъ꽕,https://15774129.go.kr/BCUser/facilitypic/1000000235/1564464089188.jpg,(二?湲덉궛?숇갚?λ??앹옣,異⑹껌?⑤룄 湲덉궛援?援곕턿硫??怨④만 20 (?명떚由?,tel:041-751-4444,041-751-4444,https://15774129.go.kr/img/portal/sub/mark1.png,https://15774129.go.kr/img/portal/sub/mark2.png,https://15774129.go.kr/img/portal/sub/mark3.png,https://15774129.go.kr/img/portal/sub/mark4.png,29媛쒖썡???낅뜲?댄듃,https://15774129.go.kr/img/portal/sub/mark5.png
?ъ꽕,https://15774129.go.kr/BCUser/facilitypic/7000002595/1709699021631.PNG,?쒓뎅蹂묒썝?λ??앹옣,異⑹껌?⑤룄 ?꾩궛??踰덉쁺濡?30踰덇만 13 (紐⑥쥌??,tel:041-531-4444,041-531-4444,https://15774129.go.kr/img/portal/sub/mark4.png,,,,42媛쒖썡???낅뜲?댄듃,
?ъ꽕,https://15774129.go.kr/BCUser/facilitypic/7000001514/1476429748756.jpg,?泥쒖뿭?꾩옣濡?앹옣,異⑹껌?⑤룄 蹂대졊???댁븞濡?45 (?댄빆??,tel:02-932-1414,02-932-1414,https://15774129.go.kr/img/portal/sub/mark2.png,https://15774129.go.kr/img/portal/sub/mark3.png,https://15774129.go.kr/img/portal/sub/mark4.png,https://15774129.go.kr/img/portal/sub/mark5.png,12媛쒖썡???낅뜲?댄듃,
?ъ꽕,https://15774129.go.kr/BCUser/facilitypic/1000000391/1561620123631.jpg,?쒖쿇?λ??앹옣,異⑹껌?⑤룄 ?쒖쿇援?醫낆쿇硫?異⑹꽌濡?179 (?붿궛由?,tel:041-952-4402,041-952-4402,https://15774129.go.kr/img/portal/sub/mark1.png,https://15774129.go.kr/img/portal/sub/mark2.png,https://15774129.go.kr/img/portal/sub/mark3.png,https://15774129.go.kr/img/portal/sub/mark4.png,23媛쒖썡???낅뜲?댄듃,https://15774129.go.kr/img/portal/sub/mark5.png
?ъ꽕,https://15774129.go.kr/BCUser/facilitypic/7000002534/1709626324443.PNG,?덉궛以묒븰?λ??앹옣,異⑹껌?⑤룄 ?덉궛援??덉궛??留덉긽湲?11 (二쇨탳由?,tel:041-331-4448,041-331-4448,https://15774129.go.kr/img/portal/sub/mark1.png,https://15774129.go.kr/img/portal/sub/mark2.png,https://15774129.go.kr/img/portal/sub/mark3.png,https://15774129.go.kr/img/portal/sub/mark4.png,3媛쒖썡???낅뜲?댄듃,
?ъ꽕,https://15774129.go.kr/BCUser/facilitypic/1000000868/1561094175365.png,?숈꽌泥??λ??앹옣,異⑹껌?⑤룄 ?쒖쿇援?湲곗궛硫?異⑹젅濡?1035-4 (愿묒븫由?,tel:041-951-8003,041-951-8003,,,,,184媛쒖썡???낅뜲?댄듃,
?ъ꽕,https://15774129.go.kr/BCUser/facilitypic/1000000797/1555485689180.jpg,泥쒖븞異⑸Т蹂묒썝 援?솕?먯옣濡?앹옣,異⑹껌?⑤룄 泥쒖븞???쒕턿援??ㅺ?留?湲?8 (?띿슜??,tel:041-360-1059,041-360-1059,,,,,59媛쒖썡???낅뜲?댄듃,
?ъ꽕,https://15774129.go.kr/BCUser/facilitypic/1000000772/1555486179474.png,泥쒖븞?λ??앹옣,異⑹껌?⑤룄 泥쒖븞???쒕턿援??깃굅??紐⑥쟾1湲?213 (紐⑥쟾由?,tel:041-585-4000,041-585-4000,https://15774129.go.kr/img/portal/sub/mark1.png,https://15774129.go.kr/img/portal/sub/mark4.png,https://15774129.go.kr/img/portal/sub/mark5.png,,11媛쒖썡???낅뜲?댄듃,
?ъ꽕,https://15774129.go.kr/BCUser/facilitypic/1664253614648.jpg,?λ??앹옣?곸삁??異⑹껌?⑤룄 ?쒖쿇援??ν빆???ν빆?곕떒濡?344 (?μ궛由?,tel:041-957-0004,041-957-0004,https://15774129.go.kr/img/portal/sub/mark1.png,https://15774129.go.kr/img/portal/sub/mark2.png,https://15774129.go.kr/img/portal/sub/mark3.png,https://15774129.go.kr/img/portal/sub/mark4.png,39媛쒖썡???낅뜲?댄듃,https://15774129.go.kr/img/portal/sub/mark5.png
?ъ꽕,https://15774129.go.kr/BCUser/facilitypic/1000000763/1564467598437.jpg,李몄궗?묒옣濡?앹옣,異⑹껌?⑤룄 ?쒖쿇援??ν빆???ν빆濡?1踰덇만 40 (?붿쿇由?,tel:041-956-3344,041-956-3344,https://15774129.go.kr/img/portal/sub/mark4.png,,,,102媛쒖썡???낅뜲?댄듃,
?ъ꽕,https://15774129.go.kr/BCUser/facilitypic/1000000107/1564467823468.jpg,援щ！?λ??앹옣,異⑹껌?⑤룄 遺?ш뎔 援щ！硫??μ닔濡?32 (?숇갑由?,tel:041-833-4444,041-833-4444,https://15774129.go.kr/img/portal/sub/mark1.png,https://15774129.go.kr/img/portal/sub/mark2.png,https://15774129.go.kr/img/portal/sub/mark4.png,https://15774129.go.kr/img/portal/sub/mark5.png,0媛쒖썡???낅뜲?댄듃,
?ъ꽕,https://15774129.go.kr/BCUser/facilitypic/7000001026/1554943661180.jpg,?좏뭾?λ?臾명솕??異⑹껌?⑤룄 怨듭＜???좏뭾硫?李⑤룞濡?1817-34 (諛깅！由?,tel:041-841-4442,041-841-4442,,,,,54媛쒖썡???낅뜲?댄듃,
?ъ꽕,https://15774129.go.kr/BCUser/facilitypic/7000000059/1555485515723.jpg,泥?뼇?덈퀝?먯옣濡?앹옣,異⑹껌?⑤룄 泥?뼇援?泥?뼇??移좉컩?곕줈 157 (?〓갑由?,tel:041-943-8441,041-943-8441,https://15774129.go.kr/img/portal/sub/mark1.png,https://15774129.go.kr/img/portal/sub/mark2.png,https://15774129.go.kr/img/portal/sub/mark3.png,https://15774129.go.kr/img/portal/sub/mark4.png,25媛쒖썡???낅뜲?댄듃,https://15774129.go.kr/img/portal/sub/mark5.png
?ъ꽕,https://15774129.go.kr/BCUser/facilitypic/7000002036/1536989757483.jpg,?좉킅泥쒖옣濡?앹옣,異⑹껌?⑤룄 ?띿꽦援???섎㈃ 異⑹꽌濡?93 (?μ쿃由?,tel:041-641-4466,041-641-4466,https://15774129.go.kr/img/portal/sub/mark2.png,https://15774129.go.kr/img/portal/sub/mark3.png,https://15774129.go.kr/img/portal/sub/mark4.png,,72媛쒖썡???낅뜲?댄듃,
?ъ꽕,https://15774129.go.kr/BCUser/facilitypic/7000000905/1554341922259.png,?щ퉬?λ?臾명솕??異⑹껌?⑤룄 遺?ш뎔 洹쒖븫硫?異⑹젅濡?2163 (?몃━),tel:041-835-4100,041-835-4100,https://15774129.go.kr/img/portal/sub/mark1.png,https://15774129.go.kr/img/portal/sub/mark2.png,https://15774129.go.kr/img/portal/sub/mark3.png,https://15774129.go.kr/img/portal/sub/mark4.png,5媛쒖썡???낅뜲?댄듃,https://15774129.go.kr/img/portal/sub/mark5.png
?ъ꽕,https://15774129.go.kr/BCUser/facilitypic/7000001147/1561619809361.jpg,?쒗빐蹂묒썝?λ??앹옣,異⑹껌?⑤룄 ?쒖쿇援??쒖쿇???쒖쿇濡?184 (?ш끝由?,tel:041-953-4440,041-953-4440,https://15774129.go.kr/img/portal/sub/mark1.png,https://15774129.go.kr/img/portal/sub/mark2.png,https://15774129.go.kr/img/portal/sub/mark3.png,https://15774129.go.kr/img/portal/sub/mark4.png,7媛쒖썡???낅뜲?댄듃,
?ъ꽕,https://15774129.go.kr/BCUser/facilitypic/1608020041414.jpg,?⑹옄?뚯궗 ?쒖꽌泥쒖옣濡臾명솕??異⑹껌?⑤룄 ?쒖쿇援?鍮꾩씤硫?異⑹꽌濡?862 (?좊룄由?,tel:041-952-7778,041-952-7778,https://15774129.go.kr/img/portal/sub/mark1.png,https://15774129.go.kr/img/portal/sub/mark2.png,https://15774129.go.kr/img/portal/sub/mark3.png,https://15774129.go.kr/img/portal/sub/mark4.png,194媛쒖썡???낅뜲?댄듃,https://15774129.go.kr/img/portal/sub/mark5.png
?ъ꽕,https://15774129.go.kr/BCUser/facilitypic/1000000193/1554687040877.png,?⑸뜒?λ??앹옣,"異⑹껌?⑤룄 ?뱀쭊???⑸뜒???⑸뜒?쒖옣濡?174-1,吏??(?댁궛由? ?쒖슱蹂묒썝)",tel:041-363-0440,041-363-0440,https://15774129.go.kr/img/portal/sub/mark2.png,https://15774129.go.kr/img/portal/sub/mark4.png,,,0媛쒖썡???낅뜲?댄듃,
?ъ꽕,https://15774129.go.kr/BCUser/facilitypic/7000000936/1564464326591.jpg,?곕━?섎뒛?λ???異⑹껌?⑤룄 ?쇱궛???곕Т???덉떖濡?280 (?덉떖由?,tel:041-741-4404,041-741-4404,https://15774129.go.kr/img/portal/sub/mark1.png,https://15774129.go.kr/img/portal/sub/mark2.png,https://15774129.go.kr/img/portal/sub/mark3.png,https://15774129.go.kr/img/portal/sub/mark4.png,48媛쒖썡???낅뜲?댄듃,https://15774129.go.kr/img/portal/sub/mark5.png
?ъ꽕,https://15774129.go.kr/BCUser/facilitypic/1608020041414.jpg,?⑹옄?뚯궗 ?쒖꽌泥쒖옣濡臾명솕??異⑹껌?⑤룄 ?쒖쿇援?鍮꾩씤硫?異⑹꽌濡?862 (?좊룄由?,tel:041-952-7778,041-952-7778,https://15774129.go.kr/img/portal/sub/mark1.png,https://15774129.go.kr/img/portal/sub/mark2.png,https://15774129.go.kr/img/portal/sub/mark3.png,https://15774129.go.kr/img/portal/sub/mark4.png,194媛쒖썡???낅뜲?댄듃,https://15774129.go.kr/img/portal/sub/mark5.png
