시설유형,시설명,항목,세부내용,가격(만원)
"봉안시설","정토사 극락원","개인단-화엄실(특B)","" 2",0
"봉안시설","정토사 극락원","개인단-"해탈실","원력실"",0
"봉안시설","정토사 극락원","개인단-"해탈실","원력실"",450
"봉안시설","정토사 극락원","개인단-"해탈실","원력실"",400
"봉안시설","정토사 극락원","개인단-"보은실","미탈실"",0
"봉안시설","정토사 극락원","개인단-"보은실","미탈실"",310
"봉안시설","정토사 극락원","개인단-"보은실","미탈실"",290
"봉안시설","정토사 극락원","개인단-"보은실","미탈실"",320
"봉안시설","정토사 극락원","개인단-"보은실","미탈실"",0
"봉안시설","정토사 극락원","개인단-"효행실","안락실"",0
"봉안시설","정토사 극락원","개인단-"효행실","안락실"",280
"봉안시설","정토사 극락원","개인단-"효행실","안락실"",0
"봉안시설","정토사 극락원","개인단-"효행실","안락실"",0
"봉안시설","정토사 극락원","개인단-선정실(목문형)","" 2",0
"봉안시설","정토사 극락원","개인단-선정실(목문형)","" 1",0
"봉안시설","정토사 극락원","부부단-"해탈실","원력실(부부단)"",0
"봉안시설","정토사 극락원","부부단-"해탈실","원력실(부부단)"",900
"봉안시설","정토사 극락원","부부단-"해탈실","원력실(부부단)"",800
"봉안시설","정토사 극락원","부부단-"보은실","미타실(부부단)"",0
"봉안시설","정토사 극락원","부부단-"보은실","미타실(부부단)"",580
"봉안시설","정토사 극락원","부부단-"효행실","안락실(부부단)"",0
"봉안시설","정토사 극락원","부부단-"효행실","안락실(부부단)"",0
"봉안시설","정토사 극락원","부부단-"효행실","안락실(부부단)"",560
"봉안시설","정토사 극락원","부부단-선정실(목문형)",""1",0
"봉안시설","정토사 극락원","부부단-선정실(목문형)",""2",0
"봉안시설","정토사 극락원","부부단-화엄실(특B)",""2",0
"봉안시설","정토사 극락원","개인단-상생특실(A)지장보살형 RA",""1",1450
"봉안시설","정토사 극락원","개인단-상생특실(A)지장보살형 RA",""2",1600
"봉안시설","정토사 극락원","개인단-상생특실(A)지장보살형 A",""1",1150
"봉안시설","정토사 극락원","개인단-상생특실(A)지장보살형 A",""2",1350
"봉안시설","정토사 극락원","개인단-상생특실(A)지장보살형 A",""3",1450
"봉안시설","정토사 극락원","개인단-"일심실","사섭실(지장보살형.고급.B)"",0
"봉안시설","정토사 극락원","개인단-"일심실","사섭실(지장보살형.고급.B)"",0
"봉안시설","정토사 극락원","개인단-"일심실","사섭실(지장보살형.고급.B)"",0
"봉안시설","정토사 극락원","개인단-"이행실","삼학실(지장보살형.고급.C)"",0
"봉안시설","정토사 극락원","개인단-"이행실","삼학실(지장보살형.고급.C)"",0
"봉안시설","정토사 극락원","개인단-"이행실","삼학실(지장보살형.고급.C)"",0
"봉안시설","정토사 극락원","개인단-육념실(유리문형)",""1",410
"봉안시설","정토사 극락원","개인단-육념실(유리문형)",""2",480
"봉안시설","정토사 극락원","개인단-육념실(유리문형)",""3",0
"봉안시설","정토사 극락원","개인단-"칠보실","팔정도실(유리문형)"",320
"봉안시설","정토사 극락원","개인단-"칠보실","팔정도실(유리문형)"",0
"봉안시설","정토사 극락원","개인단-"칠보실","팔정도실(유리문형)"",0
"봉안시설","정토사 극락원","개인단-"칠보실","팔정도실(유리문형)"",0
"봉안시설","정토사 극락원","개인단-오온실(유리문형)",""1",320
"봉안시설","정토사 극락원","개인단-오온실(유리문형)",""2",380
"봉안시설","정토사 극락원","개인단-오온실(유리문형)",""3",0
"봉안시설","정토사 극락원","부부단-상생특실(A)지장보살형 RA",""1",2900
"봉안시설","정토사 극락원","부부단-상생특실(A)지장보살형 RA",""2",3200
"봉안시설","정토사 극락원","부부단-상생특실(A)지장보살형 A",""1",2300
"봉안시설","정토사 극락원","부부단-상생특실(A)지장보살형 A",""2",2700
"봉안시설","정토사 극락원","부부단-상생특실(A)지장보살형 A",""3",2900
"봉안시설","정토사 극락원","부부단-"일심실","사섭실(지장보살형.고급.B)"",0
"봉안시설","정토사 극락원","부부단-"일심실","사섭실(지장보살형.고급.B)"",0
"봉안시설","정토사 극락원","부부단-"일심실","사섭실(지장보살형.고급.B)"",0
"봉안시설","정토사 극락원","부부단-"이행실","삼학실(지장보살형.고급.C)"",0
"봉안시설","정토사 극락원","부부단-"이행실","삼학실(지장보살형.고급.C)"",0
"봉안시설","정토사 극락원","부부단-"이행실","삼학실(지장보살형.고급.C)"",0
"봉안시설","정토사 극락원","부부단-육념실(유리문형)",""1",820
"봉안시설","정토사 극락원","부부단-육념실(유리문형)",""2",960
"봉안시설","정토사 극락원","부부단-육념실(유리문형)",""3",0
"봉안시설","정토사 극락원","부부단-"칠보실","팔정도실(유리문형)"",640
"봉안시설","정토사 극락원","부부단-"칠보실","팔정도실(유리문형)"",0
"봉안시설","정토사 극락원","부부단-"칠보실","팔정도실(유리문형)"",0
"봉안시설","정토사 극락원","부부단-"칠보실","팔정도실(유리문형)"",0
"봉안시설","정토사 극락원","부부단-오온실(유리문형)",""1",640
"봉안시설","정토사 극락원","부부단-오온실(유리문형)",""2",760
"봉안시설","정토사 극락원","부부단-오온실(유리문형)",""3",0
"봉안시설","강남구추모의집","안치실이용료-"안치료(최초","15년)"",20
"봉안시설","강남구추모의집","안치실이용료-"안치료(최초","15년)"",30
"봉안시설","강남구추모의집","기타-관리비",""1년에 30",45
"봉안시설","봉원사","개인단-"개인단1","2",0
"봉안시설","봉원사","부부단-"합장단 1","2",0
"봉안시설","파주추모공원 봉안당","개인단-무우전-1단(개인단)",""영구(5년선납기준",150
"봉안시설","파주추모공원 봉안당","개인단-무우전-2단(개인단)",""영구(5년선납기준",200
"봉안시설","파주추모공원 봉안당","개인단-무우전-3단(개인단)",""영구(5년선납기준",250
"봉안시설","파주추모공원 봉안당","개인단-무우전-4단(개인단)",""영구(5년선납기준",350
"봉안시설","파주추모공원 봉안당","개인단-무우전-5단(개인단)",""영구(5년선납기준",400
"봉안시설","파주추모공원 봉안당","개인단-무우전-6단(개인단)",""영구(5년선납기준",400
"봉안시설","파주추모공원 봉안당","개인단-무우전-7단(개인단)",""영구(5년선납기준",300
"봉안시설","파주추모공원 봉안당","개인단-무우전-8단(개인단)",""영구(5년선납기준",200
"봉안시설","파주추모공원 봉안당","개인단-무우전-9단(개인단)",""영구(5년선납기준",150
"봉안시설","파주추모공원 봉안당","개인단-지장전(2층)-1단(개인단)",""영구(5년선납기준",250
"봉안시설","파주추모공원 봉안당","개인단-지장전(2층)-2단(개인단)",""영구(5년선납기준",350
"봉안시설","파주추모공원 봉안당","개인단-지장전(2층)-3단(개인단)",""영구(5년선납기준",400
"봉안시설","파주추모공원 봉안당","개인단-지장전(2층)-4단(개인단)",""영구(5년선납기준",500
"봉안시설","파주추모공원 봉안당","개인단-지장전(2층)-5단(개인단)",""영구(5년선납기준",550
"봉안시설","파주추모공원 봉안당","개인단-지장전(2층)-6단(개인단)",""영구(5년선납기준",550
"봉안시설","파주추모공원 봉안당","개인단-지장전(2층)-7단(개인단)",""영구(5년선납기준",400
"봉안시설","파주추모공원 봉안당","개인단-지장전(2층)-8단(개인단)",""영구(5년선납기준",300
"봉안시설","파주추모공원 봉안당","개인단-지장전(2층)-9단(개인단)",""영구(5년선납기준",200
"봉안시설","파주추모공원 봉안당","개인단-지장전(2층)-10단(개인단)",""영구(5년선납기준",150
"봉안시설","파주추모공원 봉안당","개인단-하늘품(신관)-1단(개인단)",""영구(5년선납기준",500
"봉안시설","파주추모공원 봉안당","개인단-하늘품(신관)-2단(개인단)",""영구(5년선납기준",600
"봉안시설","파주추모공원 봉안당","개인단-하늘품(신관)-3단(개인단)",""영구(5년선납기준",700
"봉안시설","파주추모공원 봉안당","개인단-하늘품(신관)-4단(개인단)",""영구(5년선납기준",800
"봉안시설","파주추모공원 봉안당","개인단-하늘품(신관)-5단(개인단)",""영구(5년선납기준",800
"봉안시설","파주추모공원 봉안당","개인단-하늘품(신관)-6단(개인단)",""영구(5년선납기준",600
"봉안시설","파주추모공원 봉안당","개인단-하늘품(신관)-7단(개인단)",""영구(5년선납기준",450
"봉안시설","마라나타하늘정원","개인단-안치단(1단)-개인단(일시납입기준)",""가로 28Cm",150
"봉안시설","마라나타하늘정원","개인단-안치단(2단)-개인단(일시납입기준)",""가로 28Cm",250
"봉안시설","마라나타하늘정원","개인단-안치단(3단)-개인단(일시납입기준)",""가로 28Cm",350
"봉안시설","마라나타하늘정원","개인단-안치단(4단)-개인단(일시납입기준)",""가로 28Cm",500
"봉안시설","마라나타하늘정원","개인단-안치단(5단)-개인단(일시납입기준)",""가로 28Cm",500
"봉안시설","마라나타하늘정원","개인단-안치단(6단)-개인단(일시납입기준)",""가로 28Cm",500
"봉안시설","마라나타하늘정원","개인단-안치단(7단)-개인단(일시납입기준)",""가로 28Cm",350
"봉안시설","마라나타하늘정원","개인단-안치단(8단)-개인단(일시납입기준)",""가로 28Cm",150
"봉안시설","마라나타하늘정원","부부단-안치단(1단)-부부단(일시납입기준)",""가로 53Cm",300
"봉안시설","마라나타하늘정원","부부단-안치단(2단)-부부단(일시납입기준)",""가로 53Cm",500
"봉안시설","마라나타하늘정원","부부단-안치단(3단)-부부단(일시납입기준)",""가로 53Cm",700
"봉안시설","마라나타하늘정원","부부단-안치단(4단)-부부단(일시납입기준)",""가로 53Cm",1000
"봉안시설","마라나타하늘정원","부부단-안치단(5단)-부부단(일시납입기준)",""가로 53Cm",1000
"봉안시설","마라나타하늘정원","부부단-안치단(6단)-부부단(일시납입기준)",""가로 53Cm",1000
"봉안시설","마라나타하늘정원","부부단-안치단(7단)-부부단(일시납입기준)",""가로 53Cm",700
"봉안시설","마라나타하늘정원","부부단-안치단(8단)-부부단(일시납입기준)",""가로 53Cm",300
"봉안시설","마라나타하늘정원","부부단-"관리비(1기 안치 기준)","부부단-10년 선납함"",10
"봉안시설","마라나타하늘정원","개인단-"관리비(1기 안치 기준)","개인단-10년 선납함"",5
"봉안시설","효심추모관","개인단-특실(일반-개인단)",""1단",280
"봉안시설","효심추모관","부부단-특실(일반-부부단)",""2단",630
"묘지","외포리공설묘지","사용료-공설묘지 사용료",""이용자격 : 강화군민",1.5
"묘지","외포리공설묘지","관리비-공설묘지 관리비",""이용자격 : 강화군민",1.5
"봉안시설","(재)미타불교원","개인단-1층 개인단",""1단~8단(300만원~800만원) 5년 관리비 25만원",325
"봉안시설","(재)미타불교원","부부단-1층 부부단",""1단~8단(600만원~1600만원) 5년 관리비 50만원",650
"봉안시설","(재)미타불교원","개인단-2층 개인단",""1단~12단(200만원~550만원) 5년 관리비 25만원",225
"봉안시설","(재)미타불교원","부부단-2층 부부단",""1단~12단(400만원~1100만원) 5년 관리비 50만원",450
"봉안시설","삼우추모공원(삼우정사)","기타-관리비(개인단)",""영구봉안 / 1년 4만원",40
"봉안시설","삼우추모공원(삼우정사)","기타-관리비(부부단)",""영구봉안 / 1년 8만원",80
"봉안시설","구미시공설숭조당 제2관","개인단-사용료",""일반실",0
"봉안시설","구미시공설숭조당 제2관","개인단-관리비",""일반실",0
"봉안시설","구미시공설숭조당 제2관","개인단-사용료",""무연고실(구미시민",4
"봉안시설","구미시공설숭조당 제2관","개인단-관리비",""무연고실(구미시민",2
"봉안시설","구미시공설숭조당 제2관","개인단-사용료",""일반실",0
"봉안시설","구미시공설숭조당 제2관","개인단-관리비",""일반실",0
"봉안시설","구미시공설숭조당 제2관","개인단-사용료",""무연고실(타지역",11
"봉안시설","구미시공설숭조당 제2관","개인단-관리비",""무연고실(타지역",4
"묘지","양오리공설묘지","사용료-공설묘지 사용료",""이용자격 : 강화군민",1.5
"묘지","양오리공설묘지","관리비-공설묘지 관리비",""이용자격 : 강화군민",1.5
"봉안시설","충주시 천상원","개인단-봉안당 이용(개인단)",""봉안당 개인단(관내",30
"봉안시설","충주시 천상원","개인단-봉안당 이용(개인단)",""봉안당 개인단(관외",90
"봉안시설","충주시 천상원","부부단-봉안당 이용(부부단)",""봉안당 부부단(관내",50
"봉안시설","충주시 천상원","부부단-봉안당 이용(부부단)",""봉안당 부부단(관외",150
"봉안시설","충주시 천상원","기타-봉안당 이용(무연고단)",""봉안당 무연고단(관내",7
"봉안시설","충주시 천상원","기타-봉안당 이용(무연고단)",""봉안당 무연고단(관외",21
"봉안시설","메모리얼펠리스추모관(실로암)","기타-기본단 1단",""영구사용(5년선납기준",250
"봉안시설","메모리얼펠리스추모관(실로암)","기타-기본단 2단",""영구사용(5년선납기준",350
"봉안시설","메모리얼펠리스추모관(실로암)","기타-기본단 3단",""영구사용(5년선납기준",450
"봉안시설","메모리얼펠리스추모관(실로암)","기타-기본단 4단",""영구사용(5년선납기준",500
"봉안시설","메모리얼펠리스추모관(실로암)","기타-기본단 5단",""영구사용(5년선납기준",600
"봉안시설","메모리얼펠리스추모관(실로암)","기타-기본단 6단",""영구사용(5년선납기준",450
"봉안시설","메모리얼펠리스추모관(실로암)","기타-기본단 7단",""영구사용(5년선납기준",300
"봉안시설","메모리얼펠리스추모관(실로암)","기타-기본단 8단",""영구사용(5년선납기준",200
"봉안시설","메모리얼펠리스추모관(실로암)","기타-고급단 1단",""영구사 용(5년선납기준",350
"봉안시설","메모리얼펠리스추모관(실로암)","기타-고급단 2단",""영구사용(5년선납기준",600
"봉안시설","메모리얼펠리스추모관(실로암)","기타-고급단 3단",""영구사용(5년선납기준",800
"봉안시설","메모리얼펠리스추모관(실로암)","기타-고급단 4단",""영구사용(5년선납기준",1000
"봉안시설","메모리얼펠리스추모관(실로암)","기타-고급단 5단",""영구사용(5년선납기준",1100
"봉안시설","메모리얼펠리스추모관(실로암)","기타-고급단 6단",""영구사용(5년선납기준",800
"봉안시설","메모리얼펠리스추모관(실로암)","기타-고급단 7단",""영구사용(5년선납기준",500
"봉안시설","메모리얼펠리스추모관(실로암)","기타-고급단 8단",""영구사용(5년선납기준",350
"봉안시설","메모리얼펠리스추모관(실로암)","기타-고급단(특) 1단",""영구사용(5년선납기준",400
"봉안시설","메모리얼펠리스추모관(실로암)","기타-고급단(특) 2단",""영구사용(5년선납기준",700
"봉안시설","메모리얼펠리스추모관(실로암)","기타-고급단(특) 3단",""영구사용(5년선납기준",900
"봉안시설","메모리얼펠리스추모관(실로암)","기타-고급단(특) 4단",""영구사용(5년선납기준",1100
"봉안시설","메모리얼펠리스추모관(실로암)","기타-고급단(특) 5단",""영구사용(5년선납기준",1200
"봉안시설","메모리얼펠리스추모관(실로암)","기타-고급단(특) 6단",""영구사용(5년선납기준",900
"봉안시설","메모리얼펠리스추모관(실로암)","기타-고급단(특) 7단",""영구사용(5년선납기준",600
"봉안시설","메모리얼펠리스추모관(실로암)","기타-고급단(특) 8단",""영구사용(5년선납기준",400
"봉안시설","목포추모공원 추모의집","개인단-무연고자 (목포시거주자)",""안치기간 : 10년",7
"봉안시설","목포추모공원 추모의집","개인단-무연고자(관외)",""안치기간 : 10년",10.5
"봉안시설","추모공원하늘문","개인단-"소망관 일반","스페셜실(개인단)"",350
"봉안시설","추모공원하늘문","부부단-"소망관 일반","스페셜실(부부단)"",700
"봉안시설","추모공원하늘문","개인단-"소망관 VIP","VVIP실(개인단)"",550
"봉안시설","추모공원하늘문","부부단-"소망관 VIP","VVIP실(부부단)"",1100
"봉안시설","재단법인 에덴낙원","개인단-"사용료(지정형:2","7단)"",650
"봉안시설","재단법인 에덴낙원","개인단-"사용료(지정형:3","4",0
"봉안시설","재단법인 에덴낙원","부부단-"사용료(지정형:2","7단)"",1300
"봉안시설","재단법인 에덴낙원","부부단-"사용료(지정형:3","4",0
"봉안시설","재단법인 에덴낙원","개인단-"관리비(봉안 후 발생","10년)"",120
"봉안시설","재단법인 에덴낙원","부부단-"관리비(봉안 후 발생","1기당 10년)"",120
"묘지","옥천군공설묘지","사용료-묘지 사용료",""1기당 5m2",18
"묘지","옥천군공설묘지","관리비-묘지 관리비",""1기당 5m2",12
"봉안시설","옥천군봉안당 선화원","개인단-"단장봉안 사용료","관리비"",17.5
"봉안시설","옥천군봉안당 선화원","부부단-"합장봉안 사용료","관리비"",27.5
"봉안시설","옥천군봉안당 선화원","기타-"무연봉안 사용료","관리비"",8
"봉안시설","옥천군봉안당 선화원","기타-"공설묘지 사용료","관리비"",30
"봉안시설","천주교용인공원묘원(봉안)","개인단-"봉안담 개인형(2","6",0
"봉안시설","천주교용인공원묘원(봉안)","개인단-"봉안담 개인형(3","4",0
"봉안시설","천주교용인공원묘원(봉안)","부부단-"봉안담 부부형(2","6",0
"봉안시설","천주교용인공원묘원(봉안)","부부단-"봉안담 부부형(3","4",0
"봉안시설","오산시립쉼터공원","개인단-"납골당사용료","관리비"",50
"봉안시설","오산시립쉼터공원","개인단-"납골당사용료","관리비"",75
"봉안시설","오산시립쉼터공원","부부단-"납골당사용료","관리비"",70
"봉안시설","오산시립쉼터공원","부부단-"납골당사용료","관리비"",105
"봉안시설","제천시영원한쉼터봉안당","개인단-개인(관외)",""충북도 관외/사용료:40만원",46
"봉안시설","제천시영원한쉼터봉안당","부부단-부부(관외)",""충북도 관외/사용료:80만원",92
"봉안시설","상락원 지장영묘전","개인단-개인단",""사용료 : 200만원 부터",203
"봉안시설","전주효자공원봉안당","기타-봉안 사용료",""공설",11.3
"봉안시설","구미시공설숭조당 제1관","개인단-외국인실(구미시민)",""기본 15년(1회15년씩 2회까지 연장가능 / 사망일 현재사망자의 외국인등록증",12
"봉안시설","구미시공설숭조당 제1관","개인단-외국인실(타지역)",""기본 15년(1회15년씩 2회까지 연장가능 / 사망일 현재사망자의 외국인등록증",30
"봉안시설","거제시추모의집","기타-추모의집 사용료(무연유골)",""관내거주자",20
"묘지","오상리공설묘지","사용료-공설묘지 사용료",""이용자격 : 강화군민",1.5
"묘지","오상리공설묘지","관리비-공설묘지 관리비",""이용자격 : 강화군민",1.5
"묘지","해남신안공설묘지","사용료-묘지 사용료",""15년 사용",9
"묘지","해남신안공설묘지","관리비-묘지 관리비",""15년 사용",10
"봉안시설","용광사","개인단-개인단(관리비)",""관리비 : 25",2.5
"봉안시설","용광사","부부단-부부단(관리비)",""관리비 : 25",2.5
"봉안시설","(재)영봉추모공원","개인단-"1단","8단"",150
"봉안시설","(재)영봉추모공원","개인단-"2단","7단"",180
"봉안시설","(재)영봉추모공원","개인단-"F단","6단"",250
"봉안시설","(재)영봉추모공원","부부단-"1단","8단"",280
"봉안시설","(재)영봉추모공원","부부단-"2단","7단"",320
"봉안시설","(재)영봉추모공원","부부단-"F단","6단"",450
"봉안시설","휴마루","개인단-개인단",""최초 15년 사용",50
"봉안시설","휴마루","부부단-부부단",""최초 15년 사용",100
"봉안시설","(재)서호추모공원","개인단-"1-1. 골드단 1단","8단 개인단"",150
"봉안시설","(재)서호추모공원","부부단-"1-1. 골드단 1단","8단 부부단"",300
"봉안시설","법지사","개인단-개인단(관리비)",""관리비:25",2.5
"봉안시설","법지사","부부단-부부단(관리비)",""관리비:25",2.5
"봉안시설","천주교평화의문","개인단-"일반구역(A","B",0
"봉안시설","천주교평화의문","개인단-"제대구역(D","F)"",400
"봉안시설","춘천안식공원(안식의집)","개인단-개인",""사용료(24만원)+관리비(46",31.2
"봉안시설","춘천안식공원(안식의집)","부부단-부부",""사용료(48만원)+관리비(84",61.4
"봉안시설","무지개뜨는언덕","개인단-개인단(관내)",""사용료:30만원",0
"봉안시설","무지개뜨는언덕","개인단-개인단(관외)",""사용료:60만원",0
"봉안시설","무지개뜨는언덕","부부단-부부단(관내)",""사용료:60만원",0
"봉안시설","무지개뜨는언덕","부부단-부부단(관외)",""사용료:120만원",0
"묘지","장화리공설묘지","사용료-공설묘지 사용료",""이용자격 : 강화군민",1.5
"묘지","장화리공설묘지","관리비-공설묘지 관리비",""이용자격 : 강화군민",1.5
"봉안시설","(부활의집)재단법인광주구천주교공원묘원","부부단-"2단","7단"",600
"봉안시설","(재)자하연분당","기타-2기 탑형",""사용료(990만원",0
"봉안시설","(재)자하연분당","기타-4기 탑형",""사용료(990만원",0
"묘지","청솔공원","사용료-가족봉안당(12기)",""관내(6월이상 거주)",449.1
"묘지","청솔공원","사용료-가족봉안매장묘(24기)",""관내(6월이상 거주)",421.6
"묘지","장정리공설묘지","사용료-공설묘지 사용료",""이용자격 : 강화군민",1.5
"묘지","장정리공설묘지","관리비-공설묘지 관리비",""이용자격 : 강화군민",1.5
"봉안시설","(재)분당메모리얼파크","개인단-봉안담-개인형(9단)",""초기 5년분 관리비 포함 / 6년차부터 2년마다 관리비 58",404.5
"봉안시설","(재)분당메모리얼파크","개인단-봉안담-개인형(8단)",""초기 5년분 관리비 포함 / 6년차부터 2년마다 관리비 58",424.5
"봉안시설","(재)분당메모리얼파크","개인단-봉안담-개인형(7단)",""초기 5년분 관리비 포함 / 6년차부터 2년마다 관리비 58",444.5
"봉안시설","(재)분당메모리얼파크","개인단-봉안담-개인형(6단)",""초기 5년분 관리비 포함 / 6년차부터 2년마다 관리비 58",464.5
"봉안시설","(재)분당메모리얼파크","개인단-봉안담-개인형(5단)",""초기 5년분 관리비 포함 / 6년차부터 2년마다 관리비 58",464.5
"봉안시설","(재)분당메모리얼파크","개인단-봉안담-개인형(4단)",""초기 5년분 관리비 포함 / 6년차부터 2년마다 관리비 58",464.5
"봉안시설","(재)분당메모리얼파크","개인단-봉안담-개인형(3단)",""초기 5년분 관리비 포함 / 6년차부터 2년마다 관리비 58",464.5
"봉안시설","(재)분당메모리얼파크","개인단-봉안담-개인형(2단)",""초기 5년분 관리비 포함 / 6년차부터 2년마다 관리비 58",464.5
"봉안시설","(재)분당메모리얼파크","개인단-봉안담-개인형(1단)",""초기 5년분 관리비 포함 / 6년차부터 2년마다 관리비 58",464.5
"봉안시설","(재)분당메모리얼파크","부부단-봉안담-부부형(9단)",""초기 5년분 관리비 포함 / 6년차부터 2년마다 관리비 96",704.2
"봉안시설","(재)분당메모리얼파크","부부단-봉안담-부부형(8단)",""초기 5년분 관리비 포함 / 6년차부터 2년마다 관리비 96",734.2
"봉안시설","(재)분당메모리얼파크","부부단-봉안담-부부형(7단)",""초기 5년분 관리비 포함 / 6년차부터 2년마다 관리비 96",764.2
"봉안시설","(재)분당메모리얼파크","부부단-봉안담-부부형(6단)",""초기 5년분 관리비 포함 / 6년차부터 2년마다 관리비 96",784.2
"봉안시설","(재)분당메모리얼파크","부부단-봉안담-부부형(5단)",""초기 5년분 관리비 포함 / 6년차부터 2년마다 관리비 96",784.2
"봉안시설","(재)분당메모리얼파크","부부단-봉안담-부부형(4단)",""초기 5년분 관리비 포함 / 6년차부터 2년마다 관리비 96",784.2
"봉안시설","(재)분당메모리얼파크","부부단-봉안담-부부형(3단)",""초기 5년분 관리비 포함 / 6년차부터 2년마다 관리비 96",784.2
"봉안시설","(재)분당메모리얼파크","부부단-봉안담-부부형(2단)",""초기 5년분 관리비 포함 / 6년차부터 2년마다 관리비 96",784.2
"봉안시설","(재)분당메모리얼파크","부부단-봉안담-부부형(1단)",""초기 5년분 관리비 포함 / 6년차부터 2년마다 관리비 96",784.2
"봉안시설","(재)분당메모리얼파크","-데이지 봉안묘",""최대안치위수 : 2위 / 초기 5년분 관리비 포함 / 6년차부터 2년마다 관리비 58",1194.9
"봉안시설","(재)분당메모리얼파크","-아이리스 봉안묘",""최대안치위수 : 4위 / 초기 5년분 관리비 포함 / 6년차부터 2년마다 관리비 87",1594.2
"봉안시설","(재)분당메모리얼파크","-매그놀리아 봉안묘",""최대안치위수 : 8위 / 초기 5년분 관리비 포함 / 6년차부터 2년마다 관리비 87",1792.4
"봉안시설","(재)분당메모리얼파크","-오키드 봉안묘",""최대안치위수 : 12위 / 초기 5년분 관리비 포함 / 6년차부터 2년마다 관리비 116",1989.8
"봉안시설","(재)분당메모리얼파크","-로터스 봉안묘",""최대안치위수: 12위 / 초기 5년분 관리비 포함 / 6년차부터 2년마다 관리비 174",2984.7
"봉안시설","유토피아추모관","개인단-"저층 브론즈 개인단 2단","7단"",250
"봉안시설","유토피아추모관","개인단-"지상 브론즈 개인단 1단","8단"",350
"봉안시설","유토피아추모관","개인단-"지상 브론즈 개인단 2단","7단"",400
"봉안시설","유토피아추모관","개인단-"지상 브론즈 개인단 4단","6단"",550
"봉안시설","유토피아추모관","부부단-"지상 브론즈 부부단 1단","8단"",700
"봉안시설","유토피아추모관","부부단-"지상 브론즈 부부단 2단","7단"",800
"봉안시설","유토피아추모관","부부단-"지상 브론즈 부부단 4단","6단"",1100
"봉안시설","유토피아추모관","개인단-"지상브론즈 고급실1","8단"",450
"봉안시설","유토피아추모관","기타-"일반실관리비(1년60","000)"",30
"봉안시설","유토피아추모관","기타-"특별실관리비(1년80","000)"",40
"묘지","동명공동묘지","사용료-공설묘지 사용료",""1㎡당",2
"묘지","동명공동묘지","관리비-공설묘지 관리비",""1기당",16
"묘지","동명공동묘지","사용료-합장묘",""1기당",99
"묘지","진주내동공원묘원","사용료-시설물",""걸방석",10
"묘지","진주내동공원묘원","사용료-봉안당(일반실)",""일반단1",200
"묘지","진주내동공원묘원","사용료-봉안당(일반실)",""vip3단",600
"묘지","진주내동공원묘원","사용료-봉안당(일반실)",""특별단5단",900
"묘지","진주내동공원묘원","사용료-봉안당(특별실)",""일반단2단",600
"묘지","진주내동공원묘원","사용료-봉안당(특별실)",""특별단2단",1400
"묘지","진주내동공원묘원","사용료-봉안당(특별실)",""특별단3단",1500
"묘지","진주내동공원묘원","사용료-봉안당(특별실)",""특별단4단",1600
"묘지","진주내동공원묘원","사용료-봉안당(특별실)",""vip3단",1700
"묘지","진주내동공원묘원","관리비-봉안당 관리비",""특별단",8
"묘지","청솔공원","사용료-가족봉안당(12기)",""관내(6월이상 거주)",449.1
"묘지","청솔공원","사용료-가족봉안매장묘(24기)",""관내(6월이상 거주)",421.6
"묘지","예래원(묘지)","관리비-관리비(매장묘)",""㎡",0.8
"봉안시설","화성함백산추모공원(봉안)","개인단-"관내-개인단(태아","1구)"",50
"봉안시설","화성함백산추모공원(봉안)","개인단-"관내-개인단(외국인","1구)"",50
"자연장지","남해추모누리공원 자연장지","잔디장-자연장지(1구)",""관내",30
"자연장지","남해추모누리공원 자연장지","잔디장-자연장지(1구)",""관내",6
"자연장지","남해추모누리공원 자연장지","잔디장-자연장지(1구)",""관외",90
"자연장지","남해추모누리공원 자연장지","잔디장-자연장지(1구)",""관외",18
"자연장지","남해추모누리공원 자연장지","잔디장-자연장지(2구)",""관내",55
"자연장지","남해추모누리공원 자연장지","잔디장-자연장지(2구)",""관내",9
"자연장지","남해추모누리공원 자연장지","잔디장-자연장지(2구)",""관외",165
"자연장지","남해추모누리공원 자연장지","잔디장-자연장지(2구)",""관외",27
"자연장지","남해추모누리공원 자연장지","잔디장-자연장지(4구)",""관내",110
"자연장지","남해추모누리공원 자연장지","잔디장-자연장지(4구)",""관내",15
"자연장지","남해추모누리공원 자연장지","잔디장-자연장지(4구)",""관외",330
"자연장지","남해추모누리공원 자연장지","잔디장-자연장지(4구)",""관외",45
"자연장지","남해추모누리공원 자연장지","잔디장-자연장지(6구)",""관내",165
"자연장지","남해추모누리공원 자연장지","잔디장-자연장지(6구)",""관내",21
"자연장지","남해추모누리공원 자연장지","잔디장-자연장지(6구)",""관외",495
"자연장지","남해추모누리공원 자연장지","잔디장-자연장지(6구)",""관외",63
"묘지","충주공원묘원","관리비-관리비",""연",1.2
"봉안시설","(재)해운 구암사 봉안당","부부단-납골봉안료/ 특별단",""2위-800만원부터 1",0.1
"묘지","영모묘원","관리비-묘지",""10년(1년50",50
"자연장지","경주하늘수목장림","수목장-가족목(A B C) : 10년 선납 관리비",""관리비는 1그루당 골분4위안치 기준",120
"자연장지","남원시추모공원(자연장지)","잔디장-"잔디장","수목장",0
"자연장지","고창푸른숲자연장","잔디장-잔디형 - 자연장 사용료",""사용료 50천원",25
"자연장지","고창푸른숲자연장","수목장-수목형 - 자연장 사용료",""사용료100천원",30
"자연장지","고창푸른숲자연장","기타-정원형 - 자연장 사용료",""사용료100천원",30
"자연장지","김포시추모공원(자연장지)","잔디장-개인단(관내)",""사용료:30만원",0
"자연장지","김포시추모공원(자연장지)","잔디장-부부단(관내)",""사용료:60만원",0
"자연장지","김포시추모공원(자연장지)","잔디장-개인단(관외)",""사용료:60만원",0
"자연장지","김포시추모공원(자연장지)","잔디장-부부단(관외)",""사용료:120만원",0
"자연장지","전주효자자연장","잔디장-자연장 사용료",""공설",15
"묘지","목련공원묘원","사용료-개인형 봉안담 (3단~6단)",""* 관리비용: 개인단 5년 130",370
"묘지","목련공원묘원","사용료-부부형 봉안담 (3단~5단)",""* 관리비용: 부부단 5년 220",560
"자연장지","신불산 추모공원 수목장","수목장-"개인","부부형"",300
"자연장지","신불산 추모공원 수목장","수목장-"개인","부부형"",270
"자연장지","신광사수목장","수목장-황금측백나무",""개인목",400
"자연장지","신광사수목장","수목장-주목나무",""개인목",0
"자연장지","신광사수목장","수목장-육송나무",""개인목",0
"자연장지","신광사수목장","수목장-황금반송",""개인목",0
"자연장지","신광사수목장","수목장-전나무",""개인목",0
"자연장지","신광사수목장","수목장-편백(삼)나무",""개인목",0
"봉안시설","유일추모공원","개인단-"난초(지하1층)6","5단-측면"",450
"봉안시설","유일추모공원","개인단-"매화/송죽(1층","2층)-측면8단"",400
"봉안시설","유일추모공원","개인단-"매화/송죽(1층","2층)-측면7단"",500
"봉안시설","유일추모공원","개인단-"매화/송죽(1층","2층)-측면6단"",600
"봉안시설","유일추모공원","개인단-"매화/송죽(1층","2층)-측면5단"",600
"봉안시설","유일추모공원","개인단-"매화/송죽(1층","2층)-측면4단"",500
"봉안시설","유일추모공원","개인단-"매화/송죽(1층","2층)-측면3단"",450
"봉안시설","유일추모공원","개인단-"매화/송죽(1층","2층)-측면2단"",400
"자연장지","내촌공설자연장지","기타-사용료 및 관리비",""사용기간 30년(연장불가",40
"자연장지","태백공원묘원 자연장지","잔디장-개인장(관내)",""45년이용가능",50
"자연장지","태백공원묘원 자연장지","잔디장-부부장(관내)",""45년이용가능",100.4
"자연장지","태백공원묘원 자연장지","잔디장-개인장(관외)",""45년이용가능",120.2
"자연장지","태백공원묘원 자연장지","잔디장-부부장(관외)",""45년이용가능",238.2
"자연장지","여주추모공원 자연장지","잔디장-사용료/관리비",""사용기간 30년",35
"자연장지","여주추모공원 자연장지","잔디장-사용료/관리비",""사용기간 30년",52.5
"자연장지","여주추모공원 자연장지","잔디장-사용료/관리비",""사용기간 30년",70
"자연장지","여주추모공원 자연장지","잔디장-사용료/관리비",""사용기간 30년",105
"자연장지","여주추모공원 자연장지","잔디장-사용료/관리비",""사용기간 30년",15
"자연장지","여주추모공원 자연장지","잔디장-사용료/관리비",""사용기간 30년",22.5
"자연장지","별그리다(별의숲)","기타-관리비",""공동형 20",2
"자연장지","늘푸른수목장","수목장-대가족형",""20기 안치가능",1500
"자연장지","예래원(자연장지)","잔디장-관리비(잔디장)",""1위",2
"자연장지","보배숲추모공원","수목장-가족목(A등급)",""사용료440만원",740
"자연장지","보배숲추모공원","수목장-가족목(B등급)",""사용료330만원",630
"자연장지","보배숲추모공원","수목장-가족목(C등급)",""사용료220만원",520
"자연장지","보배숲추모공원","수목장-공동목",""사용료70만원",220
"자연장지","보배숲추모공원","기타-봉안담",""사용료90만원",135
"자연장지","보배숲추모공원","잔디장-잔디장(관내)",""사뇽료40만원",85
"자연장지","보배숲추모공원","잔디장-잔디장(관외)",""사뇽료80만원",125
"자연장지","무장녹두숲자연장","수목장-수목형 - 자연장 사용료",""사용료 10만원",30
"묘지","삼하리공설묘지","사용료-공설묘지 사용료",""이용자격:1년이상  양주시에 거주한 시민",2.6
"묘지","삼하리공설묘지","관리비-공설묘지 관리비",""이용자격:1년이상  양주시에 거주한 시민",0.9
"묘지","신북면 제4공설묘지","사용료-공설묘지 사용료",""이용자격: 사망 당시 포천시에 주소를 두고 6개월 이상 거주한 자",4
"묘지","신북면 제4공설묘지","관리비-공설묘지 관리비",""이용자격: 사망 당시 포천시에 주소를 두고 6개월 이상 거주한 자",5
"봉안시설","수암사 영혼의쉼터","개인단-"옷장식(1층) 1단","6단"",300
"봉안시설","수암사 영혼의쉼터","개인단-"2층(2","5단"",800
"봉안시설","수암사 영혼의쉼터","개인단-"2층(3","4단)"",900
"봉안시설","나주납골당","개인단-단기(15년)",""관리비 미포함(1년30",100
"봉안시설","나주납골당","개인단-영구",""관리비 미포함(1년30",300
"봉안시설","나주납골당","부부단-단기(15년)",""관리비 미포함(1년30",200
"봉안시설","나주납골당","부부단-영구",""관리비 미포함(1년30",600
"묘지","김포공원법인묘지(풍무)","사용료-"매장묘","봉안묘"",70
"묘지","김포공원법인묘지(풍무)","관리비-"매장묘","봉안묘"",0.7
"묘지","신불산공원묘원","기타-재봉작업",""1.5평",50
"묘지","신불산공원묘원","기타-재봉작업",""3.0평",55
"묘지","신불산공원묘원","기타-개장정리비",""3평",50
"묘지","신불산공원묘원","기타-개장정리비",""5평",60
"묘지","영중면 제1공설묘지","사용료-공설묘지 사용료",""이용자격: 사망 당시 포천시에 주소를 두고 6개월 이상 거주한 자",4
"묘지","영중면 제1공설묘지","관리비-공설묘지 관리비",""이용자격: 사망 당시 포천시에 주소를 두고 6개월 이상 거주한 자",5
"봉안시설","천주교 비봉추모관","개인단-봉안당 9단 일반실",""10년 관리비 불포함(\500",190
"봉안시설","천주교 비봉추모관","개인단-봉안당 1단 일반실",""10년 관리비 불포함(\500",200
"봉안시설","천주교 비봉추모관","개인단-봉안당 8단 일반실",""10년 관리비 불포함(\500",230
"봉안시설","천주교 비봉추모관","개인단-봉안당 2단 일반실",""10년 관리비 불포함(\500",240
"봉안시설","천주교 비봉추모관","개인단-봉안당 7단 일반실",""10년 관리비 불포함(\500",290
"봉안시설","천주교 비봉추모관","개인단-"봉안당 3","4",0
"봉안시설","천주교 비봉추모관","부부단-"봉안당 3","4",0
"봉안시설","천주교 비봉추모관","개인단-봉안당 (피에타실)",""10년 관리비 불포함(\600",1000
"봉안시설","천주교 비봉추모관","개인단-봉안당 1. 7단 (특별실)",""10년 관리비 불포함(\600",800
"봉안시설","천주교 비봉추모관","개인단-봉안당 2. 6단 (특별실)",""10년 관리비 불포함(\600",850
"봉안시설","천주교 비봉추모관","개인단-봉안당 3. 5단 (특별실)",""10년 관리비 불포함(\600",900
"봉안시설","천주교 비봉추모관","개인단-봉안당 4단 (특별실)",""10년 관리비 불포함(\600",950
"봉안시설","홍성추모공원봉안당","기타-"봉안당-일반 (1위","15년)"",60
"봉안시설","홍성추모공원봉안당","기타-"봉안당-일반 (1위","15년)"",90
"봉안시설","홍성추모공원봉안당","기타-"봉안당-부부용 (2위","15년)"",150
"봉안시설","홍성추모공원봉안당","기타-"봉안당-부부용 (2위","15년)"",200
"봉안시설","홍성추모공원봉안당","기타-"봉안당-무연유골(1위","10년)"",20
"묘지","삼상리공설묘지","사용료-공설묘지 사용료",""이용자격:1년이상  양주시에 거주한 시민",2.6
"묘지","삼상리공설묘지","관리비-공설묘지 관리비",""이용자격:1년이상  양주시에 거주한 시민",0.9
"봉안시설","극락사추모공원","개인단-"하늘1관","2관 - 3단",0
"봉안시설","극락사추모공원","개인단-"하늘1관","2관 - 7단"",400
"봉안시설","극락사추모공원","개인단-"하늘1관","2관 - 8단"",300
"봉안시설","극락사추모공원","개인단-"하늘3관","5관 - 5단"",600
"봉안시설","극락사추모공원","개인단-"하늘3관","5관 - 7단"",300
"봉안시설","극락사추모공원","개인단-"하늘3관","5관 - 8단"",200
"봉안시설","극락사추모공원","부부단-"하늘1관","2관 - 3단",0
"봉안시설","극락사추모공원","부부단-"하늘1관","2관 - 7단"",800
"봉안시설","극락사추모공원","부부단-"하늘1관","2관 - 8단"",600
"봉안시설","극락사추모공원","부부단-"하늘3관","5관 - 5단"",1200
"봉안시설","극락사추모공원","부부단-"하늘3관","5관 - 7단"",600
"봉안시설","극락사추모공원","부부단-"하늘3관","5관 - 8단"",400
"봉안시설","극락사추모공원","개인단-"하늘1관","2관 - 1단"",400
"봉안시설","극락사추모공원","개인단-"하늘3관","5관 - 1단"",400
"봉안시설","극락사추모공원","부부단-"하늘1관","2관 - 1단"",800
"봉안시설","극락사추모공원","부부단-"하늘3관","5관 - 1단"",800
"묘지","망월묘지공원","사용료-묘원 사용료(16.7.1. 부터 변경)",""사용료+수수료 포함",308.1
"묘지","망월묘지공원","관리비-묘원 관리비(16.7.1. 부터 변경)",""1기당",30
"묘지","(재)원주공원묘원","관리비-관리비",""5년",1.5
"묘지","오산시공설공원묘지","사용료-연장사용료",""기존사용료(45",3
"묘지","오산시공설공원묘지","관리비-연장관리비",""기존관리비(15",1
"묘지","유달공원묘지","사용료-묘지 구단지(1~7)",""1기 m² 298",296
"묘지","유달공원묘지","사용료-묘지 구단지(8~9)",""1기 m² 298",296
"묘지","유달공원묘지","사용료-묘지 신단지(10~11)",""1기 m² 430",426
"묘지","유달공원묘지","사용료-봉안묘지",""1기 1년 44",269
"묘지","유달공원묘지","사용료-봉안담",""1기 1년 42",252.5
"묘지","유달공원묘지","관리비-"벌초","청소비 등"",0.1
"묘지","유달공원묘지","관리비-"벌초","청소비 등"",0.1
"묘지","유달공원묘지","관리비-"관리","청소비 등"",0.1
"묘지","현수리 공원묘지","사용료-공설공동묘지 사용료(단장)",""이용자격:여주시민",1.1
"묘지","현수리 공원묘지","관리비-공설공동묘지 관리비(단장)",""이용자격:여주시민",1.9
"묘지","현수리 공원묘지","사용료-공설공동묘지 사용료(합장)",""이용자격:여주시민",1.6
"묘지","현수리 공원묘지","관리비-공설공동묘지 관리비(합장)",""이용자격:여주시민",2.9
"묘지","(재)경주공원묘원","사용료-사용료",""332",0
"묘지","(재)경주공원묘원","기타-장례비",""3.3058㎡(500",50
"묘지","영락공원묘지","사용료-묘지 사용료",""이용자격: 사망일 30일전 광주광역시에 주소를 두고 거주한 자",0
"묘지","영락공원묘지","기타-묘지 수수료",""이용자격: 사망일 30일전 광주광역시에 주소를 두고 거주한 자",0
"묘지","영락공원묘지","관리비-묘지 관리비",""이용자격: 사망일 30일전 광주광역시에 주소를 두고 거주한 자",0
"묘지","성서공동묘지","사용료-공설묘지 사용료",""1㎡당",2
"묘지","성서공동묘지","관리비-공설묘지 관리비",""1기당",16
"묘지","성서공동묘지","사용료-합장묘",""1기당",99
"묘지","월롱면공설묘지","사용료-공설묘지 사용료",""이용자격:파주시민",9.5
"묘지","월롱면공설묘지","관리비-공설묘지 관리비",""이용자격:파주시민",15
"봉안시설","함양군구룡공설공원묘지 봉안탑","기타-"봉안탑 사용료(관내)","15년간"",5
"봉안시설","함양군구룡공설공원묘지 봉안탑","기타-"봉안탑 관리비(관내)","15년간"",7.5
"봉안시설","함양군구룡공설공원묘지 봉안탑","기타-"봉안탑 사용료(관외)","15년간"",10
"봉안시설","함양군구룡공설공원묘지 봉안탑","기타-"봉안탑 관리비(관외)","15년간"",7.5
"묘지","인산리공설묘지","사용료-공설묘지 사용료",""이용자격 : 강화군민",1.5
"묘지","인산리공설묘지","관리비-공설묘지 관리비",""이용자격 : 강화군민",1.5
"묘지","(재)자하연 포천(묘지)","사용료-"매장묘","봉안묘"",150
"봉안시설","생극납골공원","개인단-"개인단 (3","4",0
"봉안시설","생극납골공원","부부단-"부부단 (3","4",0
"묘지","(재)풍산공원묘원","관리비-연간 관리비",""㎡당",0.5
"묘지","(재)풍산공원묘원","사용료-단장형 사용료",""19.8㎡",439.8
"묘지","(재)풍산공원묘원","관리비-단장형 재단운영관리비(15년)",""19.8㎡",159.3
"묘지","(재)풍산공원묘원","사용료-합장형 사용료",""23.1㎡",513.1
"묘지","(재)풍산공원묘원","관리비-합장형 재단운영관리비(15년)",""23.1㎡",185.9
"묘지","(재)풍산공원묘원","사용료-합장형 사용료",""29.7㎡",659.7
"묘지","(재)풍산공원묘원","관리비-합장형 재단운영관리비(15년)",""29.7㎡",239
"묘지","(재)풍산공원묘원","기타-풍산특1호(52위)",""49.5㎡",0
"묘지","(재)풍산공원묘원","기타-풍산특2호(36위)",""39.6㎡",0
"묘지","(재)풍산공원묘원","기타-풍산1호(36위)",""33㎡",0
"묘지","(재)풍산공원묘원","기타-풍산2호(36위)",""33㎡",0
"묘지","(재)풍산공원묘원","기타-풍산3호(24위)",""23.1㎡",0
"묘지","(재)풍산공원묘원","기타-풍산4호(12위)",""16.5㎡",0
"묘지","(재)풍산공원묘원","기타-풍산5호(24위)",""23.1㎡",0
"묘지","(재)풍산공원묘원","기타-풍산6호(8위)",""13.2㎡",0
"묘지","(재)풍산공원묘원","기타-풍산7호(4위)",""9.9㎡",0
"묘지","(재)풍산공원묘원","기타-풍산8호(2위)",""6.6㎡",0
"봉안시설","분당스카이캐슬추모공원","개인단-무지개(지하1층)",""영구분양가격3단",350
"봉안시설","분당스카이캐슬추모공원","개인단-봉황(지상3층)",""영구분양가격2단",450
"봉안시설","분당스카이캐슬추모공원","개인단-봉황(지상3층)",""영구분양가격3단",600
"봉안시설","분당스카이캐슬추모공원","개인단-봉황(지상3층)",""영구분양가격4단",0
"봉안시설","분당스카이캐슬추모공원","개인단-황제(지상F층)",""영구분양가격4단",0
"봉안시설","분당스카이캐슬추모공원","개인단-행복(지상1층)",""영구분양가격2단",650
"봉안시설","분당스카이캐슬추모공원","개인단-행복(지상1층)",""영구분양가격3단",850
"봉안시설","청풍추모공원","개인단-[개인단] 10년 이용",""2단",120
"봉안시설","청풍추모공원","개인단-[개인단] 10년 이용",""3단",160
"봉안시설","청풍추모공원","개인단-[개인단] 10년 이용",""4단",0
"봉안시설","청풍추모공원","개인단-[합장단] 10년 이용",""2단",240
"봉안시설","청풍추모공원","개인단-[합장단] 10년 이용",""3단",320
"봉안시설","청풍추모공원","개인단-[합장단] 10년 이용",""4단",0
"봉안시설","청풍추모공원","개인단-[개인단] 영구 이용",""2단",240
"봉안시설","청풍추모공원","개인단-[개인단] 영구 이용",""3단",320
"봉안시설","청풍추모공원","개인단-[개인단] 영구 이용",""4단",0
"봉안시설","청풍추모공원","개인단-[합장단] 영구 이용",""2단",480
"봉안시설","청풍추모공원","개인단-[합장단] 영구 이용",""3단",640
"봉안시설","청풍추모공원","개인단-[합장단] 영구 이용",""4단",0
"묘지","(재)화신공원묘원","관리비-A형 (구 4평형)-관리비",""10년기준",66
"묘지","(재)화신공원묘원","관리비-B형 (구 6평형)-관리비",""10년기준",77
"묘지","(재)화신공원묘원","관리비-C형 (구 8평형)-관리비",""10년기준",88
"묘지","주문공설묘지","사용료-공설묘지 사용료",""이용자격 : 강화군민",1.5
"묘지","주문공설묘지","관리비-공설묘지 관리비",""이용자격 : 강화군민",1.5
"묘지","온수리공설묘지","사용료-공설묘지 사용료",""이용자격 : 강화군민",1.5
"묘지","온수리공설묘지","관리비-공설묘지 관리비",""이용자격 : 강화군민",1.5
"묘지","광석리공설묘지","사용료-공설묘지 사용료",""이용자격:1년이상  양주시에 거주한 시민",2.6
"묘지","광석리공설묘지","관리비-공설묘지 관리비",""이용자격:1년이상  양주시에 거주한 시민",0.9
"묘지","가납리공설묘지","사용료-공설묘지 사용료",""이용자격:1년이상  양주시에 거주한 시민",2.6
"묘지","가납리공설묘지","관리비-공설묘지 관리비",""이용자격:1년이상  양주시에 거주한 시민",0.9
"묘지","구암리공설묘지","사용료-공설묘지 사용료",""이용자격:1년이상  양주시에 거주한 시민",2.6
"묘지","구암리공설묘지","관리비-공설묘지 관리비",""이용자격:1년이상  양주시에 거주한 시민",0.9
"묘지","두곡리공설묘지","사용료-공설묘지 사용료",""이용자격:1년이상  양주시에 거주한 시민",2.6
"묘지","두곡리공설묘지","관리비-공설묘지 관리비",""이용자격:1년이상  양주시에 거주한 시민",0.9
"묘지","회정동공설묘지","사용료-공설묘지 사용료",""이용자격:1년이상  양주시에 거주한 시민",2.6
"묘지","회정동공설묘지","관리비-공설묘지 관리비",""이용자격:1년이상  양주시에 거주한 시민",0.9
"묘지","재단법인 솥발산공원묘원","기타-장례작업비(인건비)",""기본매장 작업비용(150만원~) ※경계석 설치",150
"묘지","재단법인 솥발산공원묘원","기타-장례작업비(인건비)",""매장 외 작업비용(평장",50
"묘지","봉양동공설묘지","사용료-공설묘지 사용료",""이용자격:1년이상  양주시에 거주한 시민",2.6
"묘지","봉양동공설묘지","관리비-공설묘지 관리비",""이용자격:1년이상  양주시에 거주한 시민",0.9
"묘지","내촌면 제2공설묘지","사용료-공설묘지 사용료",""이용자격: 사망 당시 포천시에 주소를 두고 6개월 이상 거주한 자",4
"묘지","내촌면 제2공설묘지","관리비-공설묘지 관리비",""이용자격: 사망 당시에 주민등록상 포천시에 주소를 두고 6개월 이상 거주한 시민",5
"묘지","내촌면 제3공설묘지","사용료-공설묘지 사용료",""이용자격: 사망 당시 포천시에 주소를 두고 6개월 이상 거주한 자",4
"묘지","내촌면 제3공설묘지","관리비-공설묘지 관리비",""이용자격: 사망 당시 포천시에 주소를 두고 6개월 이상 거주한 자",5
"묘지","군내면 제2공설묘지","사용료-공설묘지 사용료",""이용자격: 사망 당시 포천시에 주소를 두고 6개월 이상 거주한 자",4
"묘지","군내면 제2공설묘지","관리비-공설묘지 관리비",""이용자격: 사망 당시 포천시에 주소를 두고 6개월 이상 거주한 자",5
"묘지","가산면 제4공설묘지","사용료-공설묘지 사용료",""이용자격: 사망 당시 포천시에 주소를 두고 6개월 이상 거주한 자",4
"묘지","가산면 제4공설묘지","관리비-공설묘지 관리비",""이용자격: 사망 당시에 주민등록상 포천시에 주소를 두고 6개월 이상 거주한 시민",5
"묘지","관인면 제2공설묘지","사용료-공설묘지 사용료",""이용자격: 사망 당시 포천시에 주소를 두고 6개월 이상 거주한 자",4
"묘지","관인면 제2공설묘지","관리비-공설묘지 관리비",""이용자격: 사망 당시 포천시에 주소를 두고 6개월 이상 거주한 자",5
"묘지","영북면 제2공설묘지","사용료-공설묘지 사용료",""이용자격: 사망 당시 포천시에 주소를 두고 6개월 이상 거주한 자",4
"묘지","영북면 제2공설묘지","관리비-공설묘지 관리비",""이용자격: 사망 당시 포천시에 주소를 두고 6개월 이상 거주한 자",5
"묘지","가산면 제3공설묘지","사용료-공설묘지 사용료",""이용자격: 사망 당시 포천시에 주소를 두고 6개월 이상 거주한 자",4
"묘지","가산면 제3공설묘지","관리비-공설묘지 관리비",""이용자격: 사망 당시에 주민등록상 포천시에 주소를 두고 6개월 이상 거주한 시민",5
"묘지","의정부시공설묘지","사용료-공설묘지 사용료",""기준면적 5㎡",6
"묘지","내촌면 제4공설묘지","사용료-공설묘지 사용료",""이용자격: 사망 당시 포천시에 주소를 두고 6개월 이상 거주한 자",4
"묘지","내촌면 제4공설묘지","관리비-공설묘지 관리비",""이용자격: 사망 당시 포천시에 주소를 두고 6개월 이상 거주한 자",5
"묘지","한산리공설묘지","사용료-공설묘지 사용료",""이용자격:1년이상  양주시에 거주한 시민",2.6
"묘지","한산리공설묘지","관리비-공설묘지 관리비",""이용자격:1년이상  양주시에 거주한 시민",0.9
"묘지","유양동공설묘지","사용료-공설묘지 사용료",""이용자격:1년이상  양주시에 거주한 시민",2.6
"묘지","유양동공설묘지","관리비-공설묘지 관리비",""이용자격:1년이상  양주시에 거주한 시민",0.9
"묘지","영암군덕진공설묘지","관리비-묘지 관리비",""1기당 10평방미터",2.5
"묘지","광주공원묘원","기타-단장묘",""1단미니묘테",0
"묘지","광주공원묘원","기타-단장묘",""1단 1.1*2.1묘테",0
"묘지","광주공원묘원","기타-합장묘",""각묘테-중",0
"묘지","광주공원묘원","기타-합장묘",""각묘테-대",0
"묘지","광주공원묘원","기타-합장묘",""각묘테-특",0
"묘지","광주공원묘원","기타-봉안묘 2인",""봉안2인",0
"묘지","광주공원묘원","기타-봉안묘4인",""봉안4인",0
"묘지","광주공원묘원","기타-봉안6인",""봉안6인",0
"봉안시설","광명메모리얼파크","개인단-개인단(관내)",""1회 15년",50
"봉안시설","광명메모리얼파크","개인단-개인단(관외)",""1회 15년",150
"봉안시설","광명메모리얼파크","부부단-부부단(관내)",""1회 15년",75
"봉안시설","광명메모리얼파크","부부단-부부단(관외)",""1회 15년",200
"묘지","재단법인 신세계공원묘원","사용료-평장묘(1기)",""시설비 및 사용료(관리비",400
"묘지","서산시희망공원(묘지)","사용료-매장묘지",""이용자격:사망일 현재 서산시에 주소를 두고 3개월 이상 거주한자 사용기간:15년",45
"묘지","소흘읍제2공설묘지","사용료-공설묘지 사용료",""이용자격: 사망 당시 포천시에 주소를 두고 6개월 이상 거주한 자",4
"묘지","소흘읍제2공설묘지","관리비-공설묘지 관리비",""이용자격: 사망 당시에 주민등록상 포천시에 주소를 두고 6개월 이상 거주한 시민",5
"묘지","동해시하늘정원묘지","기타-"공설묘원 매장비(단장","하절기)"",36
"묘지","동해시하늘정원묘지","기타-"공설묘원 매장비(단장","동절기)"",40
"묘지","동해시하늘정원묘지","기타-"공설묘원 매장비(합장","하절기)"",36
"묘지","동해시하늘정원묘지","기타-"공설묘원 매장비(합장","동절기)"",40
"봉안시설","목포추모관 휴","부부단-"A","B구역1열부터19열"",1200
"묘지","창수면 제2공설묘지","사용료-공설묘지 사용료",""이용자격: 사망 당시 포천시에 주소를 두고 6개월 이상 거주한 자",4
"묘지","창수면 제2공설묘지","관리비-공설묘지 관리비",""이용자격: 사망 당시 포천시에 주소를 두고 6개월 이상 거주한 자",5
"묘지","영북면 제1공설묘지","사용료-공설묘지 사용료",""이용자격: 사망 당시 포천시에 주소를 두고 6개월 이상 거주한 자",4
"묘지","영북면 제1공설묘지","관리비-공설묘지 관리비",""이용자격: 사망 당시 포천시에 주소를 두고 6개월 이상 거주한 자",5
"묘지","창수면 제3공설묘지","사용료-공설묘지 사용료",""이용자격: 사망 당시 포천시에 주소를 두고 6개월 이상 거주한 자",4
"묘지","창수면 제3공설묘지","관리비-공설묘지 관리비",""이용자격: 사망 당시 포천시에 주소를 두고 6개월 이상 거주한 자",5
"묘지","가산면 제2공설묘지","사용료-공설묘지 사용료",""이용자격: 사망 당시 포천시에 주소를 두고 6개월 이상 거주한 자",4
"묘지","가산면 제2공설묘지","관리비-공설묘지 관리비",""이용자격: 사망 당시 포천시에 주소를 두고 6개월 이상 거주한 자",5
"묘지","신북면 제3공설묘지","사용료-공설묘지 사용료",""이용자격: 사망 당시에 주민등록상 포천시에 주소를 두고 6개월 이상 거주한 시민",4
"묘지","신북면 제3공설묘지","관리비-공설묘지 관리비",""이용자격: 사망 당시에 주민등록상 포천시에 주소를 두고 6개월 이상 거주한 시민",5
"묘지","군내면 제1공설묘지","사용료-공설묘지 사용료",""이용자격: 사망 당시 포천시에 주소를 두고 6개월 이상 거주한 자",4
"묘지","군내면 제1공설묘지","관리비-공설묘지 관리비",""이용자격: 사망 당시 포천시에 주소를 두고 6개월 이상 거주한 자",5
"묘지","구리시공설묘지","사용료-공설묘지 사용료",""1기당 6.6m2",12
"묘지","구리시공설묘지","관리비-공설묘지 관리비",""1기당 6.6m2",8
"묘지","마전동공설묘지","사용료-공설묘지 사용료",""이용자격:1년이상  양주시에 거주한 시민",2.6
"묘지","마전동공설묘지","관리비-공설묘지 관리비",""이용자격:1년이상  양주시에 거주한 시민",0.9
"묘지","소흘읍제3공설묘지","사용료-공설묘지 사용료",""이용자격: 사망 당시 포천시에 주소를 두고 6개월 이상 거주한 자",4
"묘지","소흘읍제3공설묘지","관리비-공설묘지 관리비",""이용자격: 사망 당시에 주민등록상 포천시에 주소를 두고 6개월 이상 거주한 시민",5
"묘지","화교화원","관리비-묘지관리비",""4",0
"묘지","갑향군립묘원(묘지)","사용료-군립묘원 사용료",""묘지 1기(10m2)",190
"묘지","갑향군립묘원(묘지)","관리비-군립묘원 관리비",""묘지 1기(10m2)",60
"묘지","덕도리공설묘지","사용료-공설묘지 사용료",""이용자격:1년이상  양주시에 거주한 시민",2.6
"묘지","덕도리공설묘지","관리비-공설묘지 관리비",""이용자격:1년이상  양주시에 거주한 시민",0.9
"묘지","통일촌공설묘지","사용료-공설묘지 사용료",""이용자격:파주시민",9.5
"묘지","통일촌공설묘지","관리비-공설묘지 관리비",""이용자격:파주시민",15
"묘지","방성리공설묘지","사용료-공설묘지 사용료",""이용자격:1년이상  양주시에 거주한 시민",2.6
"묘지","방성리공설묘지","관리비-공설묘지 관리비",""이용자격:1년이상  양주시에 거주한 시민",0.9
"묘지","석우리공설묘지","사용료-공설묘지 사용료",""이용자격:1년이상  양주시에 거주한 시민",2.6
"묘지","석우리공설묘지","관리비-공설묘지 관리비",""이용자격:1년이상  양주시에 거주한 시민",0.9
"묘지","광사동공설묘지","사용료-공설묘지 사용료",""이용자격:1년이상  양주시에 거주한 시민",2.6
"묘지","광사동공설묘지","관리비-공설묘지 관리비",""이용자격:1년이상  양주시에 거주한 시민",0.9
"묘지","황방리공설묘지","사용료-공설묘지 사용료",""이용자격:1년이상  양주시에 거주한 시민",2.6
"묘지","황방리공설묘지","관리비-공설묘지 관리비",""이용자격:1년이상  양주시에 거주한 시민",0.9
"봉안시설","무지개추모공원 봉안당(다래원)","개인단-"개인2","8단"",200
"봉안시설","무지개추모공원 봉안당(다래원)","개인단-"개인3","7단"",300
"봉안시설","무지개추모공원 봉안당(다래원)","개인단-"개인4","6단"",400
"봉안시설","유토피아추모관","개인단-"저층 브론즈 개인단 2단","7단"",250
"봉안시설","유토피아추모관","개인단-"지상 브론즈 개인단 1단","8단"",350
"봉안시설","유토피아추모관","개인단-"지상 브론즈 개인단 2단","7단"",400
"봉안시설","유토피아추모관","개인단-"지상 브론즈 개인단 4단","6단"",550
"봉안시설","유토피아추모관","부부단-"지상 브론즈 부부단 1단","8단"",700
"봉안시설","유토피아추모관","부부단-"지상 브론즈 부부단 2단","7단"",800
"봉안시설","유토피아추모관","부부단-"지상 브론즈 부부단 4단","6단"",1100
"봉안시설","유토피아추모관","개인단-"지상브론즈 고급실1","8단"",450
"봉안시설","유토피아추모관","기타-"일반실관리비(1년60","000)"",30
"봉안시설","유토피아추모관","기타-"특별실관리비(1년80","000)"",40
"묘지","동명가족묘지","사용료-공설묘지 사용료",""1㎡당",2
"묘지","동명가족묘지","관리비-공설묘지 관리비",""1기당",16
"묘지","동명가족묘지","사용료-합장묘",""1기당",99
"묘지","장흥리공설묘지","사용료-공설묘지 사용료",""이용자격 : 강화군민",1.5
"묘지","장흥리공설묘지","관리비-공설묘지 관리비",""이용자격 : 강화군민",1.5
"묘지","오룡군립묘원(묘지)","사용료-군립묘원 사용료",""묘지 1기(10m2)",190
"묘지","오룡군립묘원(묘지)","관리비-군립묘원 관리비",""묘지 1기(10m2)",60
"봉안시설","유일추모공원","개인단-"난초(지하1층)6","5단-측면"",450
"봉안시설","유일추모공원","개인단-"매화/송죽(1층","2층)-측면8단"",400
"봉안시설","유일추모공원","개인단-"매화/송죽(1층","2층)-측면7단"",500
"봉안시설","유일추모공원","개인단-"매화/송죽(1층","2층)-측면6단"",600
"봉안시설","유일추모공원","개인단-"매화/송죽(1층","2층)-측면5단"",600
"봉안시설","유일추모공원","개인단-"매화/송죽(1층","2층)-측면4단"",500
"봉안시설","유일추모공원","개인단-"매화/송죽(1층","2층)-측면3단"",450
"봉안시설","유일추모공원","개인단-"매화/송죽(1층","2층)-측면2단"",400
"묘지","유치공설공원묘지","사용료-묘지 사용료",""1기당 4.95m2",50
"묘지","유치공설공원묘지","관리비-묘지 관리비",""1기당 4.95m2",50
"묘지","별그리다(THE HILL)","관리비-관리비(단장형)",""1년 기준(3",14.4
"묘지","별그리다(THE HILL)","관리비-관리비(합장형)",""1년 기준(3",21.6
"묘지","보령시모란공원","관리비-"단장A(3개월미만거주","관외자(기사용 신청자))"",360
"묘지","보령시모란공원","관리비-"단장B(3개월미만거주","관외자(기사용 신청자))"",500
"묘지","보령시모란공원","관리비-"합장A(3개월미만거주","관외자(기사용 신청자))"",600
"묘지","보령시모란공원","관리비-"합장B(3개월미만거주","관외자(기사용 신청자))"",720
"묘지","보령시모란공원","관리비-"합장C(3개월미만거주","관외자(기사용 신청자))"",840
"묘지","장계공설묘지","사용료-묘지 사용료",""1기당 10m2",10
"묘지","장계공설묘지","관리비-묘지 관리비",""1기당 10m2",10
"묘지","재림공원묘원","기타-작업 인건비",""매장시 인력 2명 * 250",50
"묘지","점봉동 공원묘지","사용료-공설공원묘지 사용료(단장)",""이용자격:여주시민",15
"묘지","점봉동 공원묘지","관리비-공설공원묘지 관리비(단장)",""이용자격:여주시민",15
"묘지","점봉동 공원묘지","사용료-공설공원묘지 사용료(합장)",""이용자격:여주시민",22.5
"묘지","점봉동 공원묘지","관리비-공설공원묘지 관리비(합장)",""이용자격:여주시민",22.5
"묘지","진주내동공원묘원","사용료-시설물",""걸방석",10
"묘지","진주내동공원묘원","사용료-봉안당(일반실)",""일반단1",200
"묘지","진주내동공원묘원","사용료-봉안당(일반실)",""vip3단",600
"묘지","진주내동공원묘원","사용료-봉안당(일반실)",""특별단5단",900
"묘지","진주내동공원묘원","사용료-봉안당(특별실)",""일반단2단",600
"묘지","진주내동공원묘원","사용료-봉안당(특별실)",""특별단2단",1400
"묘지","진주내동공원묘원","사용료-봉안당(특별실)",""특별단3단",1500
"묘지","진주내동공원묘원","사용료-봉안당(특별실)",""특별단4단",1600
"묘지","진주내동공원묘원","사용료-봉안당(특별실)",""vip3단",1700
"묘지","진주내동공원묘원","관리비-봉안당 관리비",""특별단",8
"봉안시설","예원추모관","개인단-"국화실","매화실버실"",250
"봉안시설","예원추모관","부부단-"국화실","매화실버실"",500
"봉안시설","예원추모관","개인단-"일반실 (매화","난초)"",200
"봉안시설","예원추모관","부부단-"일반실 (매화","난초)"",400
"봉안시설","(주)청아공원","개인단-"국화홀","대지홀",0
"봉안시설","(주)청아공원","개인단-"중앙홀","자유홀",0
"봉안시설","이담추모관","개인단-개인단",""1단~9단(사용료:330만원",355
"봉안시설","이담추모관","부부단-부부단",""1단~9단(사용료:660만원",625
"묘지","선암리공설묘지","사용료-공설묘지 사용료",""이용자격:1년이상  양주시에 거주한 시민",2.6
"묘지","선암리공설묘지","관리비-공설묘지 관리비",""이용자격:1년이상  양주시에 거주한 시민",0.9
"묘지","하패리공설묘지","사용료-공설묘지 사용료",""이용자격:1년이상  양주시에 거주한 시민",2.6
"묘지","하패리공설묘지","관리비-공설묘지 관리비",""이용자격:1년이상  양주시에 거주한 시민",0.9
"묘지","서라벌공원묘원","사용료-사용료",""332",0
"묘지","신북면 제6공설묘지","사용료-공설묘지 사용료",""이용자격: 사망 당시 포천시에 주소를 두고 6개월 이상 거주한 자",4
"묘지","신북면 제6공설묘지","관리비-공설묘지 관리비",""이용자격: 사망 당시 포천시에 주소를 두고 6개월 이상 거주한 자",5
"묘지","삼계공설묘지","사용료-묘지 사용료",""3.3m2당",2.5
"묘지","도하리공설묘지","사용료-공설묘지 사용료",""이용자격:1년이상  양주시에 거주한 시민",2.6
"묘지","도하리공설묘지","관리비-공설묘지 관리비",""이용자격:1년이상  양주시에 거주한 시민",0.9
"묘지","금릉공원묘원","관리비-묘지 관리비",""㎡/1년",0.5
"묘지","월곳리공설묘지","사용료-공설묘지 사용료",""이용자격 : 강화군민",1.5
"묘지","월곳리공설묘지","관리비-공설묘지 관리비",""이용자격 : 강화군민",1.5
"묘지","(재)자하연 팔당(묘지)","사용료-"매장묘","봉안묘"",245
"묘지","(재)자하연 팔당(묘지)","관리비-"매장묘","봉안묘"",2.7
"봉안시설","가톨릭군위묘원 봉안담","개인단-"관리비(신","구 안치단 동일)"",50
"묘지","화산연정공설묘지","사용료-묘지 사용료",""15년 사용",9
"묘지","화산연정공설묘지","관리비-묘지 관리비",""15년 사용",10
"묘지","상수리공설묘지","사용료-공설묘지 사용료",""이용자격:1년이상  양주시에 거주한 시민",2.6
"묘지","상수리공설묘지","관리비-공설묘지 관리비",""이용자격:1년이상  양주시에 거주한 시민",0.9
"묘지","입암리공설묘지","사용료-공설묘지 사용료",""이용자격:1년이상  양주시에 거주한 시민",2.6
"묘지","입암리공설묘지","관리비-공설묘지 관리비",""이용자격:1년이상  양주시에 거주한 시민",0.9
"묘지","재단법인선산공원묘원","기타-분묘설치비",""3평묘 (합장시 500",130
"묘지","재단법인선산공원묘원","기타-분묘설치비",""4평묘 (합장시 500",150
"묘지","재단법인선산공원묘원","기타-분묘설치비",""5평묘 (합장시 500",170
"묘지","재단법인선산공원묘원","기타-석물비",""B형둘레석(영주석",150
"묘지","재단법인선산공원묘원","기타-석물비",""C형둘레석(영주석",130
"묘지","재단법인선산공원묘원","기타-석물비",""화병(고급형",10
"묘지","재단법인선산공원묘원","기타-석물비",""각자비 기본 80",8
"묘지","포내공설묘지","사용료-공설묘지 사용료",""이용자격: 사망 당시 김포시에 주민등록상의 주소를 두고 6개월 이상 계속하여 거주한 자",48.8
"묘지","포내공설묘지","관리비-공설묘지 관리비",""이용자격: 사망 당시 김포시에 주민등록상의 주소를 두고 6개월 이상 계속하여 거주한 자",16.3
"묘지","선단동공설묘지","사용료-공설묘지 사용료",""이용자격: 사망 당시에 주민등록상 포천시에 주소를 두고 6개월 이상 거주한 시민",4
"묘지","선단동공설묘지","관리비-공설묘지 관리비",""이용자격: 사망 당시에 주민등록상 포천시에 주소를 두고 6개월 이상 거주한 시민",5
"묘지","초원지공설묘지","사용료-공설묘지 사용료",""이용자격: 사망 당시 김포시에 주민등록상의 주소를 두고 6개월 이상 계속하여 거주한 자",48.8
"묘지","초원지공설묘지","관리비-공설묘지 관리비",""이용자격: 사망 당시 김포시에 주민등록상의 주소를 두고 6개월 이상 계속하여 거주한 자",16.3
"묘지","성주군공설묘지","사용료-묘지 사용료",""평당 3.3m2/ 1등지:5만원이하",0
"묘지","미법리공설묘지","사용료-공설묘지 사용료",""이용자격 : 강화군민",1.5
"묘지","미법리공설묘지","관리비-공설묘지 관리비",""이용자격 : 강화군민",1.5
"묘지","하일리공설묘지","사용료-공설묘지 사용료",""이용자격 : 강화군민",1.5
"묘지","하일리공설묘지","관리비-공설묘지 관리비",""이용자격 : 강화군민",1.5
"묘지","동산리공설묘지","사용료-공설묘지 사용료",""이용자격 : 강화군민",1.5
"묘지","동산리공설묘지","관리비-공설묘지 관리비",""이용자격 : 강화군민",1.5
"묘지","덕포리공설묘지","사용료-공설묘지 사용료",""이용자격 : 강화군민",1.5
"묘지","덕포리공설묘지","관리비-공설묘지 관리비",""이용자격 : 강화군민",1.5
"묘지","장흥공설공원묘지","사용료-묘지 사용료",""1기당 4.95m2",100
"묘지","일동면 공설묘지","사용료-공설묘지 사용료",""이용자격: 사망 당시에 주민등록상 포천시에 주소를 두고 6개월 이상 거주한 시민",4
"묘지","일동면 공설묘지","관리비-공설묘지 관리비",""이용자격: 사망 당시에 주민등록상 포천시에 주소를 두고 6개월 이상 거주한 시민",5
"봉안시설","유토피아추모관","개인단-"저층 브론즈 개인단 2단","7단"",250
"봉안시설","유토피아추모관","개인단-"지상 브론즈 개인단 1단","8단"",350
"봉안시설","유토피아추모관","개인단-"지상 브론즈 개인단 2단","7단"",400
"봉안시설","유토피아추모관","개인단-"지상 브론즈 개인단 4단","6단"",550
"봉안시설","유토피아추모관","부부단-"지상 브론즈 부부단 1단","8단"",700
"봉안시설","유토피아추모관","부부단-"지상 브론즈 부부단 2단","7단"",800
"봉안시설","유토피아추모관","부부단-"지상 브론즈 부부단 4단","6단"",1100
"봉안시설","유토피아추모관","개인단-"지상브론즈 고급실1","8단"",450
"봉안시설","유토피아추모관","기타-"일반실관리비(1년60","000)"",30
"봉안시설","유토피아추모관","기타-"특별실관리비(1년80","000)"",40
"묘지","대구시립공원묘지","사용료-공설묘지 사용료",""1기당",36
"묘지","대구시립공원묘지","관리비-공설묘지 관리비",""1기당",30
"묘지","대구시립공원묘지","사용료-봉안평장묘",""1기당",60
"묘지","대구시립공원묘지","사용료-합장묘",""1기당",99
"봉안시설","천국의계단추모관(재단법인천국)","개인단-일반실 개인단 1단",""영구사용",180
"봉안시설","천국의계단추모관(재단법인천국)","개인단-일반실 개인단 2단",""영구사용",220
"봉안시설","천국의계단추모관(재단법인천국)","개인단-일반실 개인단 3단",""영구사용",300
"봉안시설","천국의계단추모관(재단법인천국)","개인단-일반실 개인단 4단",""영구사용",350
"봉안시설","천국의계단추모관(재단법인천국)","개인단-일반실 개인단 5단",""영구사용",350
"봉안시설","천국의계단추모관(재단법인천국)","개인단-일반실 개인단 6단",""영구사용",350
"봉안시설","천국의계단추모관(재단법인천국)","개인단-일반실 개인단 7단",""영구사용",250
"봉안시설","천국의계단추모관(재단법인천국)","개인단-일반실 개인단 8단",""영구사용",180
"봉안시설","천국의계단추모관(재단법인천국)","개인단-일반실 개인단 9단",""영구사용",150
"봉안시설","천국의계단추모관(재단법인천국)","개인단-일반실 개인단 10단",""영구사용",100
"봉안시설","천국의계단추모관(재단법인천국)","개인단-특별실 개인단 1단",""영구사용",250
"봉안시설","천국의계단추모관(재단법인천국)","개인단-특별실 개인단 2단",""영구사용",300
"봉안시설","천국의계단추모관(재단법인천국)","개인단-특별실 개인단 3단",""영구사용",400
"봉안시설","천국의계단추모관(재단법인천국)","개인단-특별실 개인단 4단",""영구사용",450
"봉안시설","천국의계단추모관(재단법인천국)","개인단-특별실 개인단 5단",""영구사용",450
"봉안시설","천국의계단추모관(재단법인천국)","개인단-특별실 개인단 6단",""영구사용",450
"봉안시설","천국의계단추모관(재단법인천국)","개인단-특별실 개인단 7단",""영구사용",350
"봉안시설","천국의계단추모관(재단법인천국)","개인단-특별실 개인단 8단",""영구사용",250
"봉안시설","천국의계단추모관(재단법인천국)","개인단-특별실 개인단 9단",""영구사용",200
"봉안시설","천국의계단추모관(재단법인천국)","개인단-특별실 부부단 1단",""영구사용",500
"봉안시설","천국의계단추모관(재단법인천국)","개인단-특별실 부부단 2단",""영구사용",600
"봉안시설","천국의계단추모관(재단법인천국)","개인단-특별실 부부단 3단",""영구사용",800
"봉안시설","천국의계단추모관(재단법인천국)","개인단-특별실 부부단 4단",""영구사용",900
"봉안시설","천국의계단추모관(재단법인천국)","개인단-특별실 부부단 5단",""영구사용",900
"봉안시설","천국의계단추모관(재단법인천국)","개인단-특별실 부부단 6단",""영구사용",900
"봉안시설","천국의계단추모관(재단법인천국)","개인단-특별실 부부단 7단",""영구사용",700
"봉안시설","천국의계단추모관(재단법인천국)","개인단-특별실 부부단 8단",""영구사용",500
"봉안시설","천국의계단추모관(재단법인천국)","개인단-특별실 부부단 9단",""영구사용",400
"봉안시설","천국의계단추모관(재단법인천국)","개인단-VIP실 개인단 1단",""영구사용",350
"봉안시설","천국의계단추모관(재단법인천국)","개인단-VIP실 개인단 2단",""영구사용",450
"봉안시설","천국의계단추모관(재단법인천국)","개인단-VIP실 개인단 3단",""영구사용",600
"봉안시설","천국의계단추모관(재단법인천국)","개인단-VIP실 개인단 4단",""영구사용",700
"봉안시설","천국의계단추모관(재단법인천국)","개인단-VIP실 개인단 5단",""영구사용",700
"봉안시설","천국의계단추모관(재단법인천국)","개인단-VIP실 개인단 6단",""영구사용",700
"봉안시설","천국의계단추모관(재단법인천국)","개인단-VIP실 개인단 7단",""영구사용",500
"봉안시설","천국의계단추모관(재단법인천국)","개인단-VIP실 개인단 8단",""영구사용",350
"봉안시설","천국의계단추모관(재단법인천국)","개인단-VIP실 개인단 9단",""영구사용",300
"봉안시설","천국의계단추모관(재단법인천국)","개인단-VIP실 부부단 1단",""영구사용",700
"봉안시설","천국의계단추모관(재단법인천국)","개인단-VIP실 부부단 2단",""영구사용",900
"봉안시설","천국의계단추모관(재단법인천국)","개인단-VIP실 부부단 3단",""영구사용",1200
"봉안시설","천국의계단추모관(재단법인천국)","개인단-VIP실 부부단 4단",""영구사용",1400
"봉안시설","천국의계단추모관(재단법인천국)","개인단-VIP실 부부단 5단",""영구사용",1400
"봉안시설","천국의계단추모관(재단법인천국)","개인단-VIP실 부부단 6단",""영구사용",1400
"봉안시설","천국의계단추모관(재단법인천국)","개인단-VIP실 부부단 7단",""영구사용",1000
"봉안시설","천국의계단추모관(재단법인천국)","개인단-VIP실 부부단 8단",""영구사용",700
"봉안시설","천국의계단추모관(재단법인천국)","개인단-VIP실 부부단 9단",""영구사용",600
"묘지","처리공원묘지","사용료-공설공원묘지 사용료(단장)",""이용자격:여주시민",15
"묘지","처리공원묘지","관리비-공설공원묘지 관리비(단장)",""이용자격:여주시민",15
"묘지","처리공원묘지","사용료-공설공원묘지 사용료(합장)",""이용자격:여주시민",22.5
"묘지","처리공원묘지","관리비-공설공원묘지 관리비(합장)",""이용자격:여주시민",22.5
"묘지","상리공설묘지","사용료-공설묘지 사용료",""이용자격 : 강화군민",1.5
"묘지","상리공설묘지","관리비-공설묘지 관리비",""이용자격 : 강화군민",1.5
"화장시설","서울추모공원","시신-화장 이용료",""관외-자녀(서울)-관내병원 사망",40
"묘지","함안군공설추모공원","사용료-단장-추모공원 평장 사용료(관내)",""1기당",27
"묘지","함안군공설추모공원","관리비-단장-추모공원 평장 관리비(관내)",""1기당",10
"묘지","함안군공설추모공원","사용료-단장-추모공원 평장 사용료(관외)",""1기당",125
"묘지","함안군공설추모공원","관리비-단장-추모공원 평장 관리비(관외)",""1기당",30
"묘지","함안군공설추모공원","사용료-합장-추모공원 평장 사용료(관내+관내)",""1기당",42
"묘지","함안군공설추모공원","관리비-합장-추모공원 평장 관리비(관내+관내)",""1기당",20
"묘지","함안군공설추모공원","사용료-합장-추모공원 평장 사용료(관외+관외)",""1기당",200
"묘지","함안군공설추모공원","관리비-합장-추모공원 평장 관리비(관외+관외)",""1기당",60
"묘지","함안군공설추모공원","사용료-합장-추모공원 평장 사용료(관내+관외)",""1기당",140
"묘지","함안군공설추모공원","관리비-합장-추모공원 평장 관리비(관내+관외)",""1기당",40
"봉안시설","무궁화추모공원","기타-관리비",""연 50",5
"묘지","가산면 제1공설묘지","사용료-공설묘지 사용료",""이용자격: 사망 당시 포천시에 주소를 두고 6개월 이상 거주한 자",4
"묘지","가산면 제1공설묘지","관리비-공설묘지 관리비",""이용자격: 사망 당시 포천시에 주소를 두고 6개월 이상 거주한 자",5
"봉안시설","에덴추모공원","개인단-A관",""개인1",250
"봉안시설","에덴추모공원","개인단-A관",""개인4",350
"봉안시설","에덴추모공원","부부단-A관",""부부1",450
"봉안시설","에덴추모공원","부부단-A관",""부부4",650
"묘지","영중면 제2공설묘지","사용료-공설묘지 사용료",""이용자격: 사망 당시 포천시에 주소를 두고 6개월 이상 거주한 자",4
"묘지","영중면 제2공설묘지","관리비-공설묘지 관리비",""이용자격: 사망 당시 포천시에 주소를 두고 6개월 이상 거주한 자",5
"묘지","화현면공설묘지","사용료-공설묘지 사용료",""이용자격: 사망 당시 포천시에 주소를 두고 6개월 이상 거주한 자",4
"묘지","화현면공설묘지","관리비-공설묘지 관리비",""이용자격: 사망 당시 포천시에 주소를 두고 6개월 이상 거주한 자",5
"묘지","대전공원묘원","관리비-관리비(6평)",""15년× 평당25",225
"묘지","천주교 양산동묘원","관리비-관리비",""연 20",2
"묘지","내리공설묘지(화도면)","사용료-공설묘지 사용료",""이용자격 : 강화군민",1.5
"묘지","내리공설묘지(화도면)","관리비-공설묘지 관리비",""이용자격 : 강화군민",1.5
"묘지","우고리공설묘지","사용료-공설묘지 사용료",""이용자격:1년이상  양주시에 거주한 시민",2.6
"묘지","우고리공설묘지","관리비-공설묘지 관리비",""이용자격:1년이상  양주시에 거주한 시민",0.9
"묘지","군산시공설묘지","사용료-공설묘지 사용료",""1기당",44.5
"묘지","군산시공설묘지","관리비-공설묘지 관리비",""1기당",5.5
"묘지","어둔동공설묘지","사용료-공설묘지 사용료",""이용자격:1년이상  양주시에 거주한 시민",2.6
"묘지","어둔동공설묘지","관리비-공설묘지 관리비",""이용자격:1년이상  양주시에 거주한 시민",0.9
"묘지","비암리공설묘지","사용료-공설묘지 사용료",""이용자격:1년이상  양주시에 거주한 시민",2.6
"묘지","비암리공설묘지","관리비-공설묘지 관리비",""이용자격:1년이상  양주시에 거주한 시민",0.9
"묘지","복지리 공설묘지","사용료-공설묘지 사용료",""이용자격:1년이상  양주시에 거주한 시민",2.6
"묘지","복지리 공설묘지","관리비-공설묘지 관리비",""이용자격:1년이상  양주시에 거주한 시민",0.9
"묘지","신암리공설묘지","사용료-공설묘지 사용료",""이용자격:1년이상  양주시에 거주한 시민",2.6
"묘지","신암리공설묘지","관리비-공설묘지 관리비",""이용자격:1년이상  양주시에 거주한 시민",0.9
"묘지","신산리공설묘지","사용료-공설묘지 사용료",""이용자격:1년이상  양주시에 거주한 시민",2.6
"묘지","신산리공설묘지","관리비-공설묘지 관리비",""이용자격:1년이상  양주시에 거주한 시민",0.9
"봉안시설","청통추모관","개인단-"5","6봉안실/1단"",200
"봉안시설","청통추모관","부부단-"5","6봉안실/1단"",400
"봉안시설","청통추모관","부부단-"5","6봉안실/2단"",600
"봉안시설","청통추모관","부부단-"5","6봉안실/3단"",800
"봉안시설","청통추모관","부부단-"5","6봉안실/8단"",400
"봉안시설","양주추모공원","개인단-"2","3동"",450
"봉안시설","양주추모공원","개인단-"2","3동"",500
"봉안시설","양주추모공원","개인단-"2","3동"",550
"봉안시설","양주추모공원","개인단-"2","3동"",0
"봉안시설","양주추모공원","개인단-"2","3동"",550
"봉안시설","양주추모공원","부부단-"2","3동"",650
"봉안시설","양주추모공원","부부단-"2","3동"",700
"봉안시설","양주추모공원","부부단-"2","3동"",750
"봉안시설","양주추모공원","부부단-"2","3동"",0
"봉안시설","양주추모공원","부부단-"2","3동"",750
"봉안시설","양주추모공원","부부단-1동",""4단",1000
"묘지","태백공원묘원","사용료-단장(하절기)",""매장-기초수급자",165
"묘지","태백공원묘원","사용료-단장(동절기)",""매장-기초수급자",187
"묘지","태백공원묘원","사용료-합장(하절기)",""매장-기초수급자",193
"묘지","태백공원묘원","사용료-합장(동절기)",""매장-기초수급자",215
"봉안시설","벽제중앙추모공원","개인단-일반실(1층)","" 사용료:230만~500만",500
"봉안시설","벽제중앙추모공원","개인단-일반실(2층)","" 사용료:290만~650만",650
"봉안시설","벽제중앙추모공원","개인단-고급실","" 사용료:400만~850만",850
"봉안시설","공주나래원봉안당","개인단-일반(관내)",""1위",100
"봉안시설","공주나래원봉안당","개인단-일반(관외)",""1위",200
"봉안시설","공주나래원봉안당","부부단-부부(관내)",""2위",200
"봉안시설","공주나래원봉안당","부부단-부부(관외)",""2위",400
"봉안시설","공주나래원봉안당","개인단-무연유골",""1위",5
"봉안시설","탑동추모공원","개인단-개인단",""영구 사용료:300만원",320
"봉안시설","탑동추모공원","부부단-부부단",""영구 사용료:600만원",640
"봉안시설","거창공설공원묘지 봉안당","개인단-봉안당 사용료",""이용자격: 해당읍 주민",10
"봉안시설","거창공설공원묘지 봉안당","개인단-봉안당 관리비",""이용자격: 해당읍 주민",10
